image_id,filename,is_negative,verification_status,reward_points,error_type,ground_truth_label,visual_description,filepath
priv_d_0001,priv_d_0001.jpg,YES (Empty Target),CONFIRMED,0,NONE,,Ảnh chụp nhóm người đứng ngoài đường ban đêm kèm dòng chữ chia sẻ cá nhân.,C:\HCMUT\Projects\HACKATHON\2nd_URA\images\priv_d_0001.jpg
priv_d_0002,priv_d_0002.jpg,NO (Positive FMCG),CONFIRMED,0,NONE,Ảnh chụp thực tế hai chai thuốc uốn tóc Obsidian SELiQUE Multi Olive 1 dung tích 410g trên tay người cầm và các thùng hàng phía sau,Ảnh chụp thực tế hai chai uốn tóc SELiQUE Multi Olive 1 410g màu trắng nắp xanh lá trong xưởng/kho hàng.,C:\HCMUT\Projects\HACKATHON\2nd_URA\images\priv_d_0002.jpg
priv_d_0003,priv_d_0003.jpg,NO (Positive FMCG),CONFIRMED,0,NONE,Banner quảng cáo sản phẩm smoothie tẩy da chết Dove hương hoa anh đào gồm hai hũ 298g trên nền hồng,Banner quảng cáo hai hũ smoothie tẩy da chết Dove hương hoa anh đào 298g với hoa anh đào và chất kem mịn.,C:\HCMUT\Projects\HACKATHON\2nd_URA\images\priv_d_0003.jpg
priv_d_0004,priv_d_0004.jpg,NO (Positive FMCG),CONFIRMED,0,NONE,Ảnh giới thiệu ba cây mascara Maybelline New York Hyper Curl Waterproof đặt trên đĩa sứ kèm hình minh họa mắt chuốt mi,Ảnh chụp 3 cây mascara Maybelline Hyper Curl Waterproof nắp tím ánh kim kèm hình minh họa đầu cọ và công dụng.,C:\HCMUT\Projects\HACKATHON\2nd_URA\images\priv_d_0004.jpg
priv_d_0005,priv_d_0005.jpg,YES (Empty Target),CONFIRMED,0,NONE,,Ảnh thiết kế không gian nội thất phòng ngủ với giường nệm và bàn trang điểm tone màu be ấm.,C:\HCMUT\Projects\HACKATHON\2nd_URA\images\priv_d_0005.jpg
priv_d_0006,priv_d_0006.jpg,NO (Positive FMCG),CONFIRMED,0,NONE,Ảnh chụp các khay bánh bao tạo hình hoạt hình ngộ nghĩnh kẹp xúc xích và phô mai của tiệm LyLy Bakery,Ảnh chụp nhiều khay bánh bao tạo hình con vật dễ thương nhân xúc xích và phô mai nướng tại tiệm LyLy Bakery.,C:\HCMUT\Projects\HACKATHON\2nd_URA\images\priv_d_0006.jpg
priv_d_0007,priv_d_0007.jpg,YES (Empty Target),CONFIRMED,0,NONE,,Ảnh chụp cận cảnh tay người cầm hai cuốn sách truyện dày xếp chồng lên nhau.,C:\HCMUT\Projects\HACKATHON\2nd_URA\images\priv_d_0007.jpg
priv_d_0008,priv_d_0008.jpg,NO (Positive FMCG),CONFIRMED,0,NONE,"Ảnh chụp hai khay đồ ăn nhanh Combo 3 và Combo 4 gồm mì xào, khoai tây chiên, kimbap chiên và đùi gà rán thương hiệu Yami","Ảnh chụp hai phần cơm khay thức ăn nhanh Yami gồm mì xào, khoai tây chiên, kimbap chiên xù, xúc xích và gà rán.",C:\HCMUT\Projects\HACKATHON\2nd_URA\images\priv_d_0008.jpg
priv_d_0009,priv_d_0009.jpg,NO (Positive FMCG),CONFIRMED,0,NONE,"Menu quảng cáo các món ăn vặt và đồ uống như khoai lang kén, nem chua rán, trà sữa matcha, trà măng cụt",Bảng menu đồ ăn vặt và các loại trà sữa nhiều vị trang trí lồng đèn đỏ phong cách truyền thống.,C:\HCMUT\Projects\HACKATHON\2nd_URA\images\priv_d_0009.jpg
priv_d_0010,priv_d_0010.jpg,YES (Empty Target),CONFIRMED,0,NONE,,"Ảnh chụp không gian phòng ngủ với giường nệm đôi, đèn ngủ để bàn và kệ gỗ để khăn.",C:\HCMUT\Projects\HACKATHON\2nd_URA\images\priv_d_0010.jpg
priv_d_0011,priv_d_0011.jpg,NO (Positive FMCG),CONFIRMED,0,NONE,Banner quảng cáo chuốt mi BROWIT By Nongchat Lift & Lock Mascara màu Sexy Black kèm bao bì hộp và cọ chuốt,Banner quảng cáo mascara Browit by Nongchat Lift & Lock màu đen kèm mô tả công dụng làm tơi mi và dưỡng mi.,C:\HCMUT\Projects\HACKATHON\2nd_URA\images\priv_d_0011.jpg
priv_d_0012,priv_d_0012.jpg,NO (Positive FMCG),CONFIRMED,0,NONE,Ảnh chụp cận cảnh cuộn bánh Matcha roll kem tươi phủ bột trà xanh cắt lát trên đĩa sứ trắng,Ảnh chụp các phần bánh cuộn kem matcha phủ bột trà xanh mịn màng trên đĩa sứ trắng.,C:\HCMUT\Projects\HACKATHON\2nd_URA\images\priv_d_0012.jpg
priv_d_0013,priv_d_0013.jpg,NO (Positive FMCG),CONFIRMED,0,NONE,Ảnh chụp combo bữa sáng gồm một chiếc bánh bao trắng trong hộp xốp và chai sữa đậu nành đặt trên mẹt tre,Ảnh chụp combo bánh bao hấp trắng và chai sữa hạt/sữa đậu nành đặt trên mẹt tre kèm dòng chữ combo trắng sữa 20k.,C:\HCMUT\Projects\HACKATHON\2nd_URA\images\priv_d_0013.jpg
priv_d_0014,priv_d_0014.jpg,NO (Positive FMCG),CONFIRMED,0,NONE,"Ảnh chụp ba ly trà sữa Bé Bự đầy ắp topping thạch hoa, trân châu và bánh flan trên bàn kính ngoài trời","Ảnh chụp 3 ly trà sữa nhiều màu sắc (trà xanh, trà khoai môn, trà sữa truyền thống) phủ đầy thạch và trân châu của quán Bé Bự.",C:\HCMUT\Projects\HACKATHON\2nd_URA\images\priv_d_0014.jpg
priv_d_0015,priv_d_0015.jpg,YES (Empty Target),CONFIRMED,0,NONE,,Ảnh chụp tay người cầm một con cua biển tươi sống bị buộc dây trên nền gạch xốp.,C:\HCMUT\Projects\HACKATHON\2nd_URA\images\priv_d_0015.jpg
priv_d_0016,priv_d_0016.jpg,NO (Positive FMCG),CONFIRMED,0,NONE,Ảnh chụp thực tế chai sữa dưỡng thể Olay Body Cellscience Optic Glow & Radiance B3+ trên tay kèm các công dụng dưỡng trắng,Ảnh chụp chai sữa dưỡng thể Olay B3+ Optic Glow & Radiance 250ml vòi nhấn kèm thông tin giới thiệu sản phẩm.,C:\HCMUT\Projects\HACKATHON\2nd_URA\images\priv_d_0016.jpg
priv_d_0017,priv_d_0017.jpg,NO (Positive FMCG),CONFIRMED,0,NONE,Ảnh chụp phần bánh mì Doner Kebab tam giác kẹp thịt nướng và bắp cải tím trên thớt gỗ kèm hai chén sốt,Ảnh chụp món bánh mì tam giác Doner Kebab kẹp thịt nướng kèm chén sốt ớt và sốt kem tỏi với dòng chữ bánh mì kebab 20k.,C:\HCMUT\Projects\HACKATHON\2nd_URA\images\priv_d_0017.jpg
priv_d_0018,priv_d_0018.jpg,NO (Positive FMCG),CONFIRMED,0,NONE,"Ảnh chụp bánh sinh nhật trang trí chà bông, dâu tây tươi và kem bánh kèm chữ viết chúc mừng sinh nhật Bạn Thư","Ảnh chụp chiếc bánh kem sinh nhật phủ chà bông vàng, viền dâu tây cắt lát và chữ Happy Birthday Bạn Thư iu dấu.",C:\HCMUT\Projects\HACKATHON\2nd_URA\images\priv_d_0018.jpg
priv_d_0019,priv_d_0019.jpg,YES (Empty Target),CONFIRMED,0,NONE,,Ảnh chụp nhiều mẫu súng đồ chơi mô hình thu nhỏ xếp ngay ngắn cùng thước đo.,C:\HCMUT\Projects\HACKATHON\2nd_URA\images\priv_d_0019.jpg
priv_d_0020,priv_d_0020.jpg,NO (Positive FMCG),CONFIRMED,0,NONE,Ảnh chụp thực tế ly cà phê sữa phân tầng có lớp milk foam của quán Mật Tea & Coffee trên tay người cầm,Ảnh chụp ly nước pha chế nhiều tầng của quán Mật Tea & Coffee trên tay khách hàng trước gương.,C:\HCMUT\Projects\HACKATHON\2nd_URA\images\priv_d_0020.jpg
priv_d_0021,priv_d_0021.jpg,NO (Positive FMCG),CONFIRMED,0,NONE,Ảnh chụp túi zip trà chanh lài Trà Chanh Tươi Original lắc và uống kèm đá lạnh trên tay người cầm,Ảnh chụp túi zip đựng trà chanh mát lạnh in chữ Trà chanh tươi Original Lắc và uống kèm chữ Trà chanh lài 12k.,C:\HCMUT\Projects\HACKATHON\2nd_URA\images\priv_d_0021.jpg
priv_d_0022,priv_d_0022.jpg,NO (Positive FMCG),CONFIRMED,0,NONE,"Ảnh chụp combo gồm ba quả trứng luộc, rau răm, muối tiêu tắc và một chai sữa đậu nành trên mẹt tre","Ảnh chụp mẹt tre bày ba quả trứng luộc kèm rau răm, đĩa muối tiêu chanh và chai sữa đậu nành với dòng chữ trứng sữa 20k.",C:\HCMUT\Projects\HACKATHON\2nd_URA\images\priv_d_0022.jpg
priv_d_0023,priv_d_0023.jpg,NO (Positive FMCG),CONFIRMED,0,NONE,Ảnh chụp các khay bánh bao trắng mới hấp xếp kín trên hai kệ xe đẩy inox của xưởng làm bánh,Ảnh chụp hai kệ xe đẩy inox nhiều tầng chứa đầy các mẻ bánh bao trắng tròn trong xưởng bánh.,C:\HCMUT\Projects\HACKATHON\2nd_URA\images\priv_d_0023.jpg
priv_d_0024,priv_d_0024.jpg,NO (Positive FMCG),CONFIRMED,0,NONE,"Ảnh chụp kệ hàng tạp hóa bày bán các loại dầu gội, sữa tắm và băng vệ sinh thương hiệu Dove, Sunsilk, Clear, Romano, Kotex, Diana, KenKen","Ảnh chụp kệ sắt trưng bày đa dạng sản phẩm tiêu dùng nhanh gồm dầu gội, sữa tắm, khăn giấy và băng vệ sinh.",C:\HCMUT\Projects\HACKATHON\2nd_URA\images\priv_d_0024.jpg
priv_d_0025,priv_d_0025.jpg,YES (Empty Target),CONFIRMED,0,NONE,,Ảnh phong cảnh biển đảo Phú Quý với thuyền bè trên nền biển xanh và trời mây.,C:\HCMUT\Projects\HACKATHON\2nd_URA\images\priv_d_0025.jpg
priv_d_0026,priv_d_0026.jpg,YES (Empty Target),CONFIRMED,0,NONE,,Ảnh so sánh kết quả điều trị mụn trước và sau của khách hàng tại spa Kim Beauty.,C:\HCMUT\Projects\HACKATHON\2nd_URA\images\priv_d_0026.jpg
priv_d_0027,priv_d_0027.jpg,NO (Positive FMCG),CONFIRMED,0,NONE,"Ảnh ghép giới thiệu các món hoa quả dầm sữa chua dẻo nhiều vị như bơ tươi, xoài, matcha, dâu tây của quán Trà Sữa SHARE",Ảnh ghép nhiều khung hình giới thiệu món hoa quả dầm sữa chua và sữa chua dẻo xắt miếng của quán Trà Sữa SHARE.,C:\HCMUT\Projects\HACKATHON\2nd_URA\images\priv_d_0027.jpg
priv_d_0028,priv_d_0028.jpg,NO (Positive FMCG),CONFIRMED,0,NONE,Ảnh chụp thực tế hộp Sữa Tươi Tiệt Trùng Nguyên Chất TH true MILK dung tích 180ml đặt cạnh chậu cây xanh,Ảnh chụp hộp sữa TH true MILK Sữa Tươi Tiệt Trùng Nguyên Chất 180ml trên bàn gỗ kèm thông tin bổ sung canxi.,C:\HCMUT\Projects\HACKATHON\2nd_URA\images\priv_d_0028.jpg
priv_d_0029,priv_d_0029.jpg,NO (Positive FMCG),CONFIRMED,0,NONE,Ảnh chụp hai con khô mực nướng muối ớt tẩm gia vị đỏ cay đặt trên đĩa nhựa xanh,Ảnh chụp hai con khô mực nướng ớt cay đặt trên đĩa nhựa xanh kèm dòng chữ Khô mực nướng muối ớt.,C:\HCMUT\Projects\HACKATHON\2nd_URA\images\priv_d_0029.jpg
priv_d_0030,priv_d_0030.jpg,YES (Empty Target),CONFIRMED,0,NONE,,"Ảnh ghép 4 khung hình ghi lại khoảnh khắc đời thường gồm đồ uống, chụp ảnh trước gương và góc phòng ngủ.",C:\HCMUT\Projects\HACKATHON\2nd_URA\images\priv_d_0030.jpg
priv_d_0031,priv_d_0031.jpg,YES (Empty Target),CONFIRMED,0,NONE,,Ảnh chụp nhiều quả bưởi da xanh và dứa tươi xếp trên nền nhà lót báo.,C:\HCMUT\Projects\HACKATHON\2nd_URA\images\priv_d_0031.jpg
priv_d_0032,priv_d_0032.jpg,YES (Empty Target),CONFIRMED,0,NONE,,Ảnh chụp gấu bông màu trắng bên cạnh tranh sơn số hóa và tranh ghép hình.,C:\HCMUT\Projects\HACKATHON\2nd_URA\images\priv_d_0032.jpg
priv_d_0033,priv_d_0033.jpg,YES (Empty Target),CONFIRMED,0,NONE,,Ảnh chụp khung cảnh nhìn từ ban công phòng ra đường phố kiến trúc phong cách châu Âu.,C:\HCMUT\Projects\HACKATHON\2nd_URA\images\priv_d_0033.jpg
priv_d_0034,priv_d_0034.jpg,NO (Positive FMCG),CONFIRMED,0,NONE,Ảnh chụp thực tế chai bọt rửa mặt CAPPIR SKIN Facial Cleansing Mousse Fresh Rose Fragrance 150ml kèm bọt trắng trên tay,Ảnh chụp chai sữa rửa mặt tạo bọt CAPPIR SKIN hương hoa hồng 150ml trên tay cùng lớp bọt xốp mềm mịn.,C:\HCMUT\Projects\HACKATHON\2nd_URA\images\priv_d_0034.jpg
priv_d_0035,priv_d_0035.jpg,YES (Empty Target),CONFIRMED,0,NONE,,Ảnh chụp thảm chùi chân dệt hình thú cưng đặt trước cửa phòng tắm.,C:\HCMUT\Projects\HACKATHON\2nd_URA\images\priv_d_0035.jpg
priv_d_0036,priv_d_0036.jpg,NO (Positive FMCG),CONFIRMED,0,NONE,Ảnh chụp cận cảnh chiếc bánh bao nóng bẻ đôi để lộ nhân thịt xá xíu ngập phô mai béo ngậy trên tay,Ảnh chụp thực tế chiếc bánh bao nhân xá xíu phô mai kéo sợi thơm ngon kèm dòng chữ Truyền thống xá xíu phô mai 25k.,C:\HCMUT\Projects\HACKATHON\2nd_URA\images\priv_d_0036.jpg
priv_d_0037,priv_d_0037.jpg,NO (Positive FMCG),CONFIRMED,0,NONE,"Ảnh chụp xe đẩy bán bánh bao nóng hổi với bảng menu các loại nhân thịt xá xíu, gà nấm, xúc xích phô mai và nồi hấp inox",Ảnh chụp quầy xe đẩy bán bánh bao nóng hổi với nồi hấp inox và hình ảnh minh họa các loại nhân bánh bao.,C:\HCMUT\Projects\HACKATHON\2nd_URA\images\priv_d_0037.jpg
priv_d_0038,priv_d_0038.jpg,NO (Positive FMCG),CONFIRMED,0,NONE,Ảnh chụp thực tế hộp sáp tẩy trang THE WHOO Gong Jin Hyang Clarifying Cleansing Balm 50ml trên tay người cầm,Ảnh chụp hộp giấy sản phẩm sáp tẩy trang cao cấp The Whoo Gong Jin Hyang dung tích 50ml trên tay.,C:\HCMUT\Projects\HACKATHON\2nd_URA\images\priv_d_0038.jpg
priv_d_0039,priv_d_0039.jpg,YES (Empty Target),CONFIRMED,0,NONE,,Ảnh phối cảnh không gian nội thất phòng ngủ với bàn trang điểm và hệ tủ kệ gỗ có đèn led.,C:\HCMUT\Projects\HACKATHON\2nd_URA\images\priv_d_0039.jpg
priv_d_0040,priv_d_0040.jpg,NO (Positive FMCG),CONFIRMED,0,NONE,Ảnh chụp hộp xốp đựng cá viên chiên thập cẩm sốt cay Hàn Quốc phủ ngập sốt ớt và hành phi giòn,Ảnh chụp món cá viên chiên thập cẩm đẫm sốt tương ớt Hàn Quốc rắc hành phi trong hộp xốp mang đi.,C:\HCMUT\Projects\HACKATHON\2nd_URA\images\priv_d_0040.jpg
priv_d_0041,priv_d_0041.jpg,NO (Positive FMCG),CONFIRMED,0,NONE,Ảnh chụp hai hộp thức ăn mang đi gồm gà ủ muối và tré trộn nem chả xoài xanh của thương hiệu Diệu Anh Food,Ảnh chụp hai phần đồ ăn đóng hộp gồm gà ủ muối tiêu và tré trộn tỏi ớt kèm số điện thoại của Diệu Anh Food.,C:\HCMUT\Projects\HACKATHON\2nd_URA\images\priv_d_0041.jpg
priv_d_0042,priv_d_0042.jpg,NO (Positive FMCG),CONFIRMED,0,NONE,Banner giới thiệu thành phần tẩy tế bào chết Centellian24 Madeca Matcha Toning Peeling Gel trên nền gò bột trà xanh,Banner quảng cáo chai gel tẩy da chết Centellian24 Madeca Matcha Toning Peeling Gel 150ml đặt trên đồi bột matcha.,C:\HCMUT\Projects\HACKATHON\2nd_URA\images\priv_d_0042.jpg
priv_d_0043,priv_d_0043.jpg,YES (Empty Target),CONFIRMED,0,NONE,,Ảnh chụp bộ trang phục áo sơ mi lụa cổ nơ dài tay màu hồng và quần tây ống rộng màu trắng kem.,C:\HCMUT\Projects\HACKATHON\2nd_URA\images\priv_d_0043.jpg
priv_d_0044,priv_d_0044.jpg,YES (Empty Target),CONFIRMED,0,NONE,,Ảnh banner đồ họa chứa câu trích dẫn chia sẻ trải nghiệm tham gia sự kiện của The Right Turn.,C:\HCMUT\Projects\HACKATHON\2nd_URA\images\priv_d_0044.jpg
priv_d_0045,priv_d_0045.jpg,NO (Positive FMCG),CONFIRMED,0,NONE,Ảnh chụp các bịch cốt rạm đông lạnh đóng gói sẵn cùng đòn chả và món đặc sản xứ Huế của PhePhaFood,Ảnh chụp túi nước cốt rạm đã lọc cầm trên tay cùng các bịch thực phẩm đặc sản chế biến sẵn của thương hiệu PhePhaFood.,C:\HCMUT\Projects\HACKATHON\2nd_URA\images\priv_d_0045.jpg
priv_d_0046,priv_d_0046.jpg,NO (Positive FMCG),CONFIRMED,0,NONE,Ảnh chụp đĩa bánh xếp chay vỏ trong suốt xếp hình bông hoa rưới nước sốt tương và hành phi,Ảnh chụp đĩa bánh xếp chay rưới nước tương và hành phi vàng giòn kèm dòng chữ Bánh xếp chay 30k/ 5 cái.,C:\HCMUT\Projects\HACKATHON\2nd_URA\images\priv_d_0046.jpg
priv_d_0047,priv_d_0047.jpg,NO (Positive FMCG),CONFIRMED,0,NONE,Ảnh chụp hai chiếc bánh đặc sản Món Ngon Xứ Huế gói lá chuối buộc dây trên tay người cầm cùng ớt xiêm xanh,Ảnh chụp thực tế hai chiếc bánh bột lọc/bánh nậm gói lá chuối vuông vắn của PhePhaFood kèm ớt chỉ thiên và hũ mắm.,C:\HCMUT\Projects\HACKATHON\2nd_URA\images\priv_d_0047.jpg
priv_d_0048,priv_d_0048.jpg,NO (Positive FMCG),CONFIRMED,0,NONE,Ảnh chụp thực tế hũ kem dưỡng sáng Barbie Skin Glow White Cream trên tay kèm các thông tin công dụng làm mờ thâm nám,Ảnh chụp hũ kem Barbie Skin Glow White Cream dưỡng trắng mờ nám trên tay người cầm trong không gian xe hơi.,C:\HCMUT\Projects\HACKATHON\2nd_URA\images\priv_d_0048.jpg
priv_d_0049,priv_d_0049.jpg,NO (Positive FMCG),CONFIRMED,0,NONE,"Bảng menu giá các loại trà sữa, trà hoa quả, matcha và cà phê của quán đồ uống Mật Tea & Coffee","Bảng thực đơn phân loại đồ uống chi tiết gồm trà sữa gạo rang, trà trái cây và cà phê của Mật Tea & Coffee.",C:\HCMUT\Projects\HACKATHON\2nd_URA\images\priv_d_0049.jpg
priv_d_0050,priv_d_0050.jpg,YES (Empty Target),CONFIRMED,0,NONE,,Ảnh chụp các vận động viên đang thi đấu bóng đá dưới trời mưa trên sân cỏ nhân tạo.,C:\HCMUT\Projects\HACKATHON\2nd_URA\images\priv_d_0050.jpg
priv_d_0051,priv_d_0051.jpg,NO (Positive FMCG),CONFIRMED,0,none,"Kệ trưng bày nhiều sản phẩm hàng tiêu dùng nhanh gồm cà phê hòa tan Café Phố, Nescafe Cà Phê Việt, MacCoffee Cà phê Đen Đá, Kopiko L.A Coffee, trà sữa Hillway và nước yến Green Bird.","Các tầng kệ tạp hóa xếp nhiều loại cà phê hòa tan, trà sữa đóng gói và nước yến sào.",C:\HCMUT\Projects\HACKATHON\2nd_URA\images\priv_d_0051.jpg
priv_d_0052,priv_d_0052.jpg,YES (Empty Target),CONFIRMED,0,none,,"Ảnh cận cảnh so sánh kết cấu kem tẩy tế bào chết ba mùi hương hoa anh đào, lựu, đường nâu dừa trên da nhưng không có tên thương hiệu.",C:\HCMUT\Projects\HACKATHON\2nd_URA\images\priv_d_0052.jpg
priv_d_0053,priv_d_0053.jpg,NO (Positive FMCG),CONFIRMED,0,none,Chai tinh chất serum L'Oreal Paris Revitalift 1.5% Hyaluronic Acid kèm ống nhỏ giọt và vỏ hộp sản phẩm.,Chai serum L'Oreal Paris Revitalift Hyaluronic Acid đang mở nắp với ống hút serum và vỏ hộp.,C:\HCMUT\Projects\HACKATHON\2nd_URA\images\priv_d_0053.jpg
priv_d_0054,priv_d_0054.jpg,YES (Empty Target),CONFIRMED,0,none,,Đĩa bánh mì nướng cắt miếng có nhân kem trứng phô mai tan chảy không có bao bì nhãn mác.,C:\HCMUT\Projects\HACKATHON\2nd_URA\images\priv_d_0054.jpg
priv_d_0055,priv_d_0055.jpg,YES (Empty Target),CONFIRMED,0,none,,Ảnh quẹt thử màu son đỏ chili mã BN28 trên lòng bàn tay không có nhãn hiệu bao bì.,C:\HCMUT\Projects\HACKATHON\2nd_URA\images\priv_d_0055.jpg
priv_d_0056,priv_d_0056.jpg,NO (Positive FMCG),CONFIRMED,0,none,"Kệ hàng tạp hóa trưng bày các loại dầu ăn Saigon Gold, Umi, nước mắm, hạt nêm Vedan, Aji-ngon, bánh Marine Boy, Jungle Boy và snack Copico.","Các tầng kệ tạp hóa chứa dầu ăn thực vật, hạt nêm gia vị, bánh quy và bim bim snack.",C:\HCMUT\Projects\HACKATHON\2nd_URA\images\priv_d_0056.jpg
priv_d_0057,priv_d_0057.jpg,YES (Empty Target),CONFIRMED,0,none,,"Nồi cơm điện mở nắp có cơm cháy vàng bên trong cùng các bát canh, thịt kho và bánh bao trên bàn bếp.",C:\HCMUT\Projects\HACKATHON\2nd_URA\images\priv_d_0057.jpg
priv_d_0058,priv_d_0058.jpg,YES (Empty Target),CONFIRMED,0,none,,Đĩa bánh bao nhân thịt hai quả trứng cút cắt đôi kèm dòng chữ Ba3 quầy bảo bảo và giá 15k.,C:\HCMUT\Projects\HACKATHON\2nd_URA\images\priv_d_0058.jpg
priv_d_0059,priv_d_0059.jpg,NO (Positive FMCG),CONFIRMED,0,none,Chai bọt rửa mặt Cappir Skin Facial Cleansing Mousse hương hoa hồng 150ml cùng vỏ hộp sản phẩm.,Ảnh quảng cáo chai sữa rửa mặt tạo bọt Cappir Skin Facial Cleansing Mousse hương hoa hồng và vỏ hộp.,C:\HCMUT\Projects\HACKATHON\2nd_URA\images\priv_d_0059.jpg
priv_d_0060,priv_d_0060.jpg,YES (Empty Target),CONFIRMED,0,none,,Bánh bao vỏ khoai lang tím nhân phô mai kéo sợi trong xửng hấp kèm chữ giá 20k.,C:\HCMUT\Projects\HACKATHON\2nd_URA\images\priv_d_0060.jpg
priv_d_0061,priv_d_0061.jpg,YES (Empty Target),CONFIRMED,0,none,,Cuốn sách tranh thiếu nhi 10 Teddy Bears đặt trên giá gỗ cạnh bảng tên Quán Sách Cindy.,C:\HCMUT\Projects\HACKATHON\2nd_URA\images\priv_d_0061.jpg
priv_d_0062,priv_d_0062.jpg,YES (Empty Target),CONFIRMED,0,none,,Ảnh thử màu son hồng mận đất số 11 trên lòng bàn tay không có tên nhãn hàng đầy đủ.,C:\HCMUT\Projects\HACKATHON\2nd_URA\images\priv_d_0062.jpg
priv_d_0063,priv_d_0063.jpg,NO (Positive FMCG),CONFIRMED,0,none,Chai bọt rửa mặt Cappir Skin Facial Cleansing Mousse hương hoa hồng 150ml đặt cạnh các bọt xà phòng trắng.,Banner quảng cáo chai sữa rửa mặt dạng bọt Cappir Skin Facial Cleansing Mousse cùng các cụm bọt tuyết trắng.,C:\HCMUT\Projects\HACKATHON\2nd_URA\images\priv_d_0063.jpg
priv_d_0064,priv_d_0064.jpg,YES (Empty Target),CONFIRMED,0,none,,Ảnh chụp màn hình nội dung bình luận tranh luận cá nhân trên Facebook qua điện thoại di động.,C:\HCMUT\Projects\HACKATHON\2nd_URA\images\priv_d_0064.jpg
priv_d_0065,priv_d_0065.jpg,NO (Positive FMCG),CONFIRMED,0,none,Nhiều hộp và chai bọt rửa mặt Cappir Skin Facial Cleansing Mousse cùng các tuýp mỹ phẩm được xếp thành hàng.,Các hộp và chai sữa rửa mặt tạo bọt Cappir Skin cùng các tuýp kem dưỡng xếp trên chiếu cói.,C:\HCMUT\Projects\HACKATHON\2nd_URA\images\priv_d_0065.jpg
priv_d_0066,priv_d_0066.jpg,YES (Empty Target),CONFIRMED,0,none,,Ảnh người mẹ bế em bé sơ sinh kèm dòng chữ chia sẻ mẹo sau sinh không có sản phẩm thương hiệu.,C:\HCMUT\Projects\HACKATHON\2nd_URA\images\priv_d_0066.jpg
priv_d_0067,priv_d_0067.jpg,YES (Empty Target),CONFIRMED,0,none,,Bàn tay cầm chiếc kính gọng đen có tròng đổi màu chống nắng kèm chữ giới thiệu tính năng.,C:\HCMUT\Projects\HACKATHON\2nd_URA\images\priv_d_0067.jpg
priv_d_0068,priv_d_0068.jpg,NO (Positive FMCG),CONFIRMED,0,none,"Kệ bách hóa trưng bày các hộp quà tổ yến Khánh Hòa, nước ngọt Coca-Cola, Pepsi, Sting, nước tăng lực Red Bull, Revive, trà xanh C2 và trà sữa trân châu Hillway.","Kệ trưng bày phong phú các mặt hàng nước giải khát, tổ yến chưng đóng hộp và trà hòa tan.",C:\HCMUT\Projects\HACKATHON\2nd_URA\images\priv_d_0068.jpg
priv_d_0069,priv_d_0069.jpg,NO (Positive FMCG),CONFIRMED,0,none,Hũ sáp tẩy trang The Whoo Gong Jin Hyang Clarifying Cleansing Balm màu vàng nhạt trên tay người cầm.,Cận cảnh hũ sáp tẩy trang cao cấp The Whoo Gong Jin Hyang nắp vàng được cầm trên lòng bàn tay.,C:\HCMUT\Projects\HACKATHON\2nd_URA\images\priv_d_0069.jpg
priv_d_0070,priv_d_0070.jpg,NO (Positive FMCG),CONFIRMED,0,none,Tuýp sữa rửa mặt BCL AHA Cleansing Research Wash Cleansing chiết xuất táo cùng các hộp thuốc nhuộm tóc Men's Bigen trong thùng hàng.,Bàn tay cầm tuýp sữa rửa mặt AHA Cleansing Research màu xanh ngọc bên cạnh các hộp thuốc nhuộm Men's Bigen trong thùng các-tông.,C:\HCMUT\Projects\HACKATHON\2nd_URA\images\priv_d_0070.jpg
priv_d_0071,priv_d_0071.jpg,NO (Positive FMCG),CONFIRMED,0,none,Banner phản hồi khách hàng về kem chống nắng Lucas Sun Cream SPF 50 PA+++ của Đan Thy Group.,Hình ảnh quảng cáo và tin nhắn đánh giá kem chống nắng Sun Cream Lucas màu cam kèm vỏ hộp.,C:\HCMUT\Projects\HACKATHON\2nd_URA\images\priv_d_0071.jpg
priv_d_0072,priv_d_0072.jpg,YES (Empty Target),CONFIRMED,0,none,,Tờ thông tin hướng dẫn trải nghiệm tô tranh tại quán Mật Tea & Coffee.,C:\HCMUT\Projects\HACKATHON\2nd_URA\images\priv_d_0072.jpg
priv_d_0073,priv_d_0073.jpg,NO (Positive FMCG),CONFIRMED,0,none,"Các thùng nhựa đựng sữa đặc Ngôi Sao Phương Nam của Vinamilk, bánh xốp dừa Jojo và bánh quy kẹp kem Oreo.","Thùng chứa nhiều hộp sữa đặc Phương Nam Vinamilk và các gói bánh xốp dừa Jojo, bánh quy Oreo.",C:\HCMUT\Projects\HACKATHON\2nd_URA\images\priv_d_0073.jpg
priv_d_0074,priv_d_0074.jpg,NO (Positive FMCG),CONFIRMED,0,none,Chai tinh chất dưỡng da Clinique Moisture Surge Active Glow Serum màu hồng đặt trên đĩa hình vỏ sò.,Chai serum cấp ẩm làm sáng da Clinique Moisture Surge màu hồng phấn đặt trên đĩa trang trí.,C:\HCMUT\Projects\HACKATHON\2nd_URA\images\priv_d_0074.jpg
priv_d_0075,priv_d_0075.jpg,YES (Empty Target),CONFIRMED,0,none,,Khung cảnh tiệc nướng BBQ ngoài bãi biển của nhóm bốn người dưới bóng cây dừa.,C:\HCMUT\Projects\HACKATHON\2nd_URA\images\priv_d_0075.jpg
priv_d_0076,priv_d_0076.jpg,NO (Positive FMCG),CONFIRMED,0,none,Hai chai nước tẩy trang L'Oreal Paris Micellar Water 3-in-1 phiên bản nắp xanh tươi mát và nắp hồng dưỡng ẩm.,Hai chai nước tẩy trang L'Oreal Paris Micellar Water 3 in 1 nắp xanh và nắp hồng trên khay kệ.,C:\HCMUT\Projects\HACKATHON\2nd_URA\images\priv_d_0076.jpg
priv_d_0077,priv_d_0077.jpg,NO (Positive FMCG),CONFIRMED,0,none,"Kệ cửa hàng bày bán các loại mì ly Omachi, Hảo Hảo, mì gói 3 Miền, chà là Deglet Nour và khẩu trang y tế An Tâm.","Kệ tạp hóa bày bán mì ăn liền dạng ly Omachi, mì Hảo Hảo, mì 3 Miền và khẩu trang y tế.",C:\HCMUT\Projects\HACKATHON\2nd_URA\images\priv_d_0077.jpg
priv_d_0078,priv_d_0078.jpg,NO (Positive FMCG),CONFIRMED,0,none,"Ba chai nước tẩy trang Gold Bee chiết xuất trà xanh, hoa hồng và lúa mạch trên tay người cầm.","Ba chai nước tẩy trang Gold Bee dung tích 160ml gồm ba màu xanh, hồng và vàng trên tay người dùng.",C:\HCMUT\Projects\HACKATHON\2nd_URA\images\priv_d_0078.jpg
priv_d_0079,priv_d_0079.jpg,NO (Positive FMCG),CONFIRMED,0,none,Nhiều tuýp kem chống nắng Mixa Solaire Dermo Protect SPF 50+ màu cam trên băng chuyền thanh toán siêu thị.,Hàng tuýp kem chống nắng Mixa Solaire Dermo Protect SPF 50+ màu vàng cam đặt tại quầy thanh toán siêu thị.,C:\HCMUT\Projects\HACKATHON\2nd_URA\images\priv_d_0079.jpg
priv_d_0080,priv_d_0080.jpg,YES (Empty Target),CONFIRMED,0,none,,Hộp nhựa đựng giò sống chả quết tươi kèm các túi gia vị xung quanh của PhePhaFood.,C:\HCMUT\Projects\HACKATHON\2nd_URA\images\priv_d_0080.jpg
priv_d_0081,priv_d_0081.jpg,YES (Empty Target),CONFIRMED,0,none,,Tô chân gà sả tắc trộn chua ngọt kèm ảnh chụp tin nhắn khen ngợi của khách hàng.,C:\HCMUT\Projects\HACKATHON\2nd_URA\images\priv_d_0081.jpg
priv_d_0082,priv_d_0082.jpg,YES (Empty Target),CONFIRMED,0,none,,Tập hợp ảnh chụp các góc bánh pizza phô mai kéo sợi tại quán ăn Trà Sữa SHARE.,C:\HCMUT\Projects\HACKATHON\2nd_URA\images\priv_d_0082.jpg
priv_d_0083,priv_d_0083.jpg,YES (Empty Target),CONFIRMED,0,none,,Hộp nhựa đựng thịt nướng ướp mè sả tươi sống của PhePhaFood trên nền khăn trải caro đỏ.,C:\HCMUT\Projects\HACKATHON\2nd_URA\images\priv_d_0083.jpg
priv_d_0084,priv_d_0084.jpg,YES (Empty Target),CONFIRMED,0,none,,Bánh mì Doner Kebab kẹp thịt rau đặt trên thớt gỗ kèm hai chén nước sốt chấm.,C:\HCMUT\Projects\HACKATHON\2nd_URA\images\priv_d_0084.jpg
priv_d_0085,priv_d_0085.jpg,YES (Empty Target),CONFIRMED,0,none,,Thảm lau chân in hình chú chó hoạt hình dòng chữ Best Lucky đặt trên sàn gỗ.,C:\HCMUT\Projects\HACKATHON\2nd_URA\images\priv_d_0085.jpg
priv_d_0086,priv_d_0086.jpg,NO (Positive FMCG),CONFIRMED,0,none,Hai học sinh đang chuyền tay nhau thanh sô-cô-la bánh xốp Nestle KitKat Chunky màu đỏ.,Hai học sinh mặc áo đồng phục cùng cầm thanh bánh socola Nestle KitKat Chunky bao bì đỏ.,C:\HCMUT\Projects\HACKATHON\2nd_URA\images\priv_d_0086.jpg
priv_d_0087,priv_d_0087.jpg,NO (Positive FMCG),CONFIRMED,0,none,Banner quảng cáo chai nước hoa hồng Round Lab 1025 Dokdo Toner dung tích 200ml trên nền hồng của Hasaki.,Banner Hasaki giới thiệu chai toner Round Lab 1025 Dokdo và quà tặng kèm kem chống nắng.,C:\HCMUT\Projects\HACKATHON\2nd_URA\images\priv_d_0087.jpg
priv_d_0088,priv_d_0088.jpg,YES (Empty Target),CONFIRMED,0,none,,Đĩa bánh giò Thành Phát bọc lá chuối cùng một chiếc bóc vỏ cắt đôi lộ nhân thịt mộc nhĩ trứng cút.,C:\HCMUT\Projects\HACKATHON\2nd_URA\images\priv_d_0088.jpg
priv_d_0089,priv_d_0089.jpg,NO (Positive FMCG),CONFIRMED,0,none,Hai chai sữa dưỡng thể trắng da Olay Body Cellscience B3 dạng vòi nhấn màu trắng.,Hai chai sữa dưỡng thể trắng da Olay Body Cellscience chứa Niacinamide B3 nắp vòi nhấn.,C:\HCMUT\Projects\HACKATHON\2nd_URA\images\priv_d_0089.jpg
priv_d_0090,priv_d_0090.jpg,NO (Positive FMCG),CONFIRMED,0,none,Hũ kem lót dưỡng da Bobbi Brown Vitamin Enriched Face Base cùng chất kem màu vàng bơ và các thành phần nổi bật.,Banner quảng cáo hũ kem dưỡng kiêm lót trang điểm Bobbi Brown Vitamin Enriched Face Base.,C:\HCMUT\Projects\HACKATHON\2nd_URA\images\priv_d_0090.jpg
priv_d_0091,priv_d_0091.jpg,YES (Empty Target),CONFIRMED,0,none,,Bát cơm trắng ăn cùng món thịt chưng mắm tép của Bếp Mẹ Shubikem Ăn vặt handmade.,C:\HCMUT\Projects\HACKATHON\2nd_URA\images\priv_d_0091.jpg
priv_d_0092,priv_d_0092.jpg,NO (Positive FMCG),CONFIRMED,0,none,Mặt nạ giấy Dear Klairs Midnight Blue Calming Sheet Mask gói đơn và combo 10 miếng trên banner Hasaki.,Banner giảm giá mặt nạ làm dịu da Dear Klairs Midnight Blue Calming Sheet Mask trên nền Hasaki.,C:\HCMUT\Projects\HACKATHON\2nd_URA\images\priv_d_0092.jpg
priv_d_0093,priv_d_0093.jpg,NO (Positive FMCG),CONFIRMED,0,none,Chai xịt khoáng dưỡng da Barbie Skin Pearl Glowing Mist màu hồng nhạt dung tích 120ml trên tay người dùng.,Bàn tay cầm chai xịt khoáng cấp ẩm làm sáng Barbie Skin Pearl Glowing Mist trong ô tô.,C:\HCMUT\Projects\HACKATHON\2nd_URA\images\priv_d_0093.jpg
priv_d_0094,priv_d_0094.jpg,YES (Empty Target),CONFIRMED,0,none,,Set áo sơ mi lụa cổ nơ và áo hai dây màu kem treo trên mắc áo gỗ nền đen.,C:\HCMUT\Projects\HACKATHON\2nd_URA\images\priv_d_0094.jpg
priv_d_0095,priv_d_0095.jpg,NO (Positive FMCG),CONFIRMED,0,none,Banner L'Oreal Paris giới thiệu tinh chất serum Revitalift 1.5% Hyaluronic Acid và cơ chế 3 loại phân tử HA.,Banner L'Oreal Paris trình bày công nghệ 3 loại phân tử Hyaluronic Acid trong serum Revitalift tím.,C:\HCMUT\Projects\HACKATHON\2nd_URA\images\priv_d_0095.jpg
priv_d_0096,priv_d_0096.jpg,YES (Empty Target),CONFIRMED,0,none,,Toàn cảnh mặt trước quán ăn Cơm Niêu Mộc Nhiên tại Cam Ly kèm bãi đậu xe.,C:\HCMUT\Projects\HACKATHON\2nd_URA\images\priv_d_0096.jpg
priv_d_0097,priv_d_0097.jpg,YES (Empty Target),CONFIRMED,0,none,,"Bốn hộp giấy đựng các combo đồ ăn vặt pizza, gà chiên, khoai tây và xúc xích của Trà sữa SHARE.",C:\HCMUT\Projects\HACKATHON\2nd_URA\images\priv_d_0097.jpg
priv_d_0098,priv_d_0098.jpg,NO (Positive FMCG),CONFIRMED,0,none,Tuýp gel tẩy tế bào chết Dr.G Brightening Peeling Gel màu xanh ngọc kèm các dòng chữ giới thiệu công dụng.,Tuýp gel tẩy tế bào chết dịu nhẹ Dr.G Brightening Peeling Gel màu xanh ngọc kèm mô tả tính năng.,C:\HCMUT\Projects\HACKATHON\2nd_URA\images\priv_d_0098.jpg
priv_d_0099,priv_d_0099.jpg,NO (Positive FMCG),CONFIRMED,0,none,Hũ mặt nạ ngủ dưỡng môi Laneige Lip Sleeping Mask EX hương dâu Berry màu hồng trên tay người dùng.,Bàn tay cầm hũ mặt nạ ngủ cho môi Laneige Lip Sleeping Mask EX màu hồng trước cốp trang điểm.,C:\HCMUT\Projects\HACKATHON\2nd_URA\images\priv_d_0099.jpg
priv_d_0100,priv_d_0100.jpg,YES (Empty Target),CONFIRMED,0,none,,Khung cảnh hoàng hôn trên đầm nước với thuyền nan đánh cá của Hoàng Thành Travel.,C:\HCMUT\Projects\HACKATHON\2nd_URA\images\priv_d_0100.jpg
priv_d_0101,priv_d_0101.jpg,NO (Positive FMCG),CONFIRMED,0,None,Hũ tẩy tế bào chết Dove body scrub crushed cherries & chia milk,Hũ kem tẩy tế bào chết toàn thân Dove body scrub hương crushed cherries & chia milk màu hồng nắp đỏ.,C:\HCMUT\Projects\HACKATHON\2nd_URA\images\priv_d_0101.jpg
priv_d_0102,priv_d_0102.jpg,NO (Positive FMCG),CONFIRMED,0,None,Dụng cụ bấm mi AMORTALS,Tay cầm dụng cụ kẹp bấm mi AMORTALS màu vàng nhạt trước túi đựng đồ trang điểm.,C:\HCMUT\Projects\HACKATHON\2nd_URA\images\priv_d_0102.jpg
priv_d_0103,priv_d_0103.jpg,NO (Positive FMCG),CONFIRMED,0,None,Bút kẻ mắt CLIO và bút kẻ mắt DEZONE,Tay cầm hai cây bút kẻ mắt thương hiệu CLIO và DEZONE trước túi mỹ phẩm trang điểm.,C:\HCMUT\Projects\HACKATHON\2nd_URA\images\priv_d_0103.jpg
priv_d_0104,priv_d_0104.jpg,YES (Empty Target),CONFIRMED,0,None,,Ảnh đồ họa bìa danh sách nước tẩy trang của Uyen Ngo cosmetic không chứa sản phẩm cụ thể.,C:\HCMUT\Projects\HACKATHON\2nd_URA\images\priv_d_0104.jpg
priv_d_0105,priv_d_0105.jpg,NO (Positive FMCG),CONFIRMED,0,None,Hộp sữa chua Hạ Long 900ml các vị,"Hình ảnh các hộp sữa chua Hạ Long 900ml nhiều hương vị như matcha, việt quất, truyền thống.",C:\HCMUT\Projects\HACKATHON\2nd_URA\images\priv_d_0105.jpg
priv_d_0106,priv_d_0106.jpg,NO (Positive FMCG),CONFIRMED,0,None,Bảng phấn mắt CLIO hai tone màu hồng và tự nhiên,Tay cầm hai bảng phấn mắt CLIO dạng hộp trong suốt với tone hồng và tone tự nhiên.,C:\HCMUT\Projects\HACKATHON\2nd_URA\images\priv_d_0106.jpg
priv_d_0107,priv_d_0107.jpg,NO (Positive FMCG),CONFIRMED,0,None,Serum Klairs Pure Vitamin C và kem dưỡng ẩm Klairs Midnight Blue Calming Cream,Banner quảng cáo Hasaki gồm chai serum Klairs Vitamin C và tuýp kem dưỡng ẩm Klairs Midnight Blue.,C:\HCMUT\Projects\HACKATHON\2nd_URA\images\priv_d_0107.jpg
priv_d_0108,priv_d_0108.jpg,YES (Empty Target),CONFIRMED,0,None,,Đĩa sủi cảo chiên giòn nhân phô mai kéo sợi món ăn vặt không nhãn mác thương hiệu.,C:\HCMUT\Projects\HACKATHON\2nd_URA\images\priv_d_0108.jpg
priv_d_0109,priv_d_0109.jpg,NO (Positive FMCG),CONFIRMED,0,None,Hộp kem gella vị STRAWBERRY & CREAM,Tay cầm hai hộp kem gelato gella vị dâu tây STRAWBERRY & CREAM.,C:\HCMUT\Projects\HACKATHON\2nd_URA\images\priv_d_0109.jpg
priv_d_0110,priv_d_0110.jpg,YES (Empty Target),CONFIRMED,0,None,,Infographic hướng dẫn các bước sử dụng serum Hyaluronic Acid không có sản phẩm thương hiệu cụ thể.,C:\HCMUT\Projects\HACKATHON\2nd_URA\images\priv_d_0110.jpg
priv_d_0111,priv_d_0111.jpg,YES (Empty Target),CONFIRMED,0,None,,Tô kem nhãn tươi ăn kèm bánh mì món tráng miệng không nhãn hiệu đóng gói.,C:\HCMUT\Projects\HACKATHON\2nd_URA\images\priv_d_0111.jpg
priv_d_0112,priv_d_0112.jpg,NO (Positive FMCG),CONFIRMED,0,None,Mascara CLIO Kill Lash Superproof Mascara Long Curling,Cây chuốt mi mascara CLIO Kill Lash Superproof Mascara Long Curling màu đen nắp đỏ cầm trên tay.,C:\HCMUT\Projects\HACKATHON\2nd_URA\images\priv_d_0112.jpg
priv_d_0113,priv_d_0113.jpg,YES (Empty Target),CONFIRMED,0,None,,Hộp xốp đựng món gà ủ muối hoa tiêu chặt miếng kèm nước chấm không có bao bì thương hiệu FMCG.,C:\HCMUT\Projects\HACKATHON\2nd_URA\images\priv_d_0113.jpg
priv_d_0114,priv_d_0114.jpg,NO (Positive FMCG),CONFIRMED,0,None,Kem chống nắng ROUND LAB Tone-up Sunscreen và combo kem chống nắng kiềm dầu,Banner Hasaki quảng cáo tuýp kem chống nắng ROUND LAB nâng tông kèm combo quà tặng dạng gói.,C:\HCMUT\Projects\HACKATHON\2nd_URA\images\priv_d_0114.jpg
priv_d_0115,priv_d_0115.jpg,YES (Empty Target),CONFIRMED,0,None,,Hình ảnh các hoạt động thể thao vui chơi giải trí ngoài trời tại khu du lịch Vườn Vua.,C:\HCMUT\Projects\HACKATHON\2nd_URA\images\priv_d_0115.jpg
priv_d_0116,priv_d_0116.jpg,NO (Positive FMCG),CONFIRMED,0,None,Kem chống nắng OHUI DAY SHIELD Perfect Sun Black,Hai tuýp kem chống nắng OHUI DAY SHIELD Perfect Sun Black 30ml mặt trước và mặt sau.,C:\HCMUT\Projects\HACKATHON\2nd_URA\images\priv_d_0116.jpg
priv_d_0117,priv_d_0117.jpg,NO (Positive FMCG),CONFIRMED,0,None,Các hũ tẩy tế bào chết toàn thân TREE HUT Shea Sugar Scrub,Bộ các hũ kem tẩy tế bào chết dạng hạt đường TREE HUT Shea Sugar Scrub nhiều hương vị khác nhau.,C:\HCMUT\Projects\HACKATHON\2nd_URA\images\priv_d_0117.jpg
priv_d_0118,priv_d_0118.jpg,NO (Positive FMCG),CONFIRMED,0,None,Hộp che khuyết điểm TFIT và bút che khuyết điểm the SAEM,Tay cầm hộp phấn che khuyết điểm 3 ô TFIT cùng bút che khuyết điểm the SAEM.,C:\HCMUT\Projects\HACKATHON\2nd_URA\images\priv_d_0118.jpg
priv_d_0119,priv_d_0119.jpg,NO (Positive FMCG),CONFIRMED,0,None,Cây chuốt mascara chân mày LOCK SWEET,Tay cầm thỏi mascara chải chân mày LOCK SWEET màu hồng tím nhạt trước túi trang điểm.,C:\HCMUT\Projects\HACKATHON\2nd_URA\images\priv_d_0119.jpg
priv_d_0120,priv_d_0120.jpg,NO (Positive FMCG),CONFIRMED,0,None,Que kem dẻo đậu xanh Bình Dung Ice Cream,Que kem dẻo đậu xanh cắn dở và bao bì que kem đậu xanh thương hiệu BÌNH DUNG Ice Cream.,C:\HCMUT\Projects\HACKATHON\2nd_URA\images\priv_d_0120.jpg
priv_d_0121,priv_d_0121.jpg,NO (Positive FMCG),CONFIRMED,0,None,"Các gói mì ăn liền Hảo Hảo, Indomie, Miliket, 3 Miền và Gấu Đỏ","Khay chứa nhiều gói mì ăn liền các thương hiệu Hảo Hảo, Indomie, Miliket sa tế, 3 Miền và Gấu Đỏ.",C:\HCMUT\Projects\HACKATHON\2nd_URA\images\priv_d_0121.jpg
priv_d_0122,priv_d_0122.jpg,NO (Positive FMCG),CONFIRMED,0,None,Kem dưỡng và kem chống nắng SKIN1004 Madagascar Centella,Banner Hasaki quảng cáo tuýp kem dưỡng làm dịu da và kem chống nắng SKIN1004 Madagascar Centella.,C:\HCMUT\Projects\HACKATHON\2nd_URA\images\priv_d_0122.jpg
priv_d_0123,priv_d_0123.jpg,NO (Positive FMCG),CONFIRMED,0,None,Các tuýp kem chống nắng Mixa Solaire Dermo Protect SPF 50+ trong giỏ hàng siêu thị,Giỏ xe đẩy hàng siêu thị chứa đầy các tuýp kem chống nắng Mixa Solaire Dermo Protect SPF 50+.,C:\HCMUT\Projects\HACKATHON\2nd_URA\images\priv_d_0123.jpg
priv_d_0124,priv_d_0124.jpg,YES (Empty Target),CONFIRMED,0,None,,Các ly trà sữa bơ Pháp mặn pha chế tại chỗ của quán Trà Sữa SHARE tại Trâu Quỳ.,C:\HCMUT\Projects\HACKATHON\2nd_URA\images\priv_d_0124.jpg
priv_d_0125,priv_d_0125.jpg,NO (Positive FMCG),CONFIRMED,0,None,Mascara Maybelline The Hyper Curl Volum Express Waterproof,Cây chuốt mi Mascara Maybelline The Hyper Curl Volum Express Waterproof nắp hồng bóng kèm cọ chuốt.,C:\HCMUT\Projects\HACKATHON\2nd_URA\images\priv_d_0125.jpg
priv_d_0126,priv_d_0126.jpg,YES (Empty Target),CONFIRMED,0,None,,Cảnh biển vịnh với nhiều thuyền đánh cá và nhà bè nuôi trồng thủy sản trên mặt biển.,C:\HCMUT\Projects\HACKATHON\2nd_URA\images\priv_d_0126.jpg
priv_d_0127,priv_d_0127.jpg,YES (Empty Target),CONFIRMED,0,None,,Ảnh chụp cận cảnh vùng da mũi so sánh trước và sau khi làm sạch mụn đầu đen không có sản phẩm.,C:\HCMUT\Projects\HACKATHON\2nd_URA\images\priv_d_0127.jpg
priv_d_0128,priv_d_0128.jpg,NO (Positive FMCG),CONFIRMED,0,None,Xịt khoá nền SO.NATURAL FIXX và 3CE Shimmer Makeup Fixer,Tay cầm hai chai xịt khóa nền trang điểm SO.NATURAL FIXX màu hồng và 3CE Shimmer Makeup Fixer.,C:\HCMUT\Projects\HACKATHON\2nd_URA\images\priv_d_0128.jpg
priv_d_0129,priv_d_0129.jpg,NO (Positive FMCG),CONFIRMED,0,None,"Các chai nước tẩy trang Eveline, L'Oreal, Evoluderm, Hada Labo, Hatomugi và Garnier","Bộ sưu tập các chai nước tẩy trang micellar water của Garnier, Hatomugi, Hada Labo, L'Oreal, Evoluderm và Eveline.",C:\HCMUT\Projects\HACKATHON\2nd_URA\images\priv_d_0129.jpg
priv_d_0130,priv_d_0130.jpg,NO (Positive FMCG),CONFIRMED,0,None,Chai xịt khoáng ASPASIA MOIST UP FACE MIST ALOE VERA,Tay cầm chai xịt khoáng dưỡng ẩm chiết xuất nha đam ASPASIA MOIST UP FACE MIST ALOE VERA màu xanh lá.,C:\HCMUT\Projects\HACKATHON\2nd_URA\images\priv_d_0130.jpg
priv_d_0131,priv_d_0131.jpg,YES (Empty Target),CONFIRMED,0,None,,Giường nằm đá muối khoáng Himalaya khung gỗ thông cho phòng xông hơi spa.,C:\HCMUT\Projects\HACKATHON\2nd_URA\images\priv_d_0131.jpg
priv_d_0132,priv_d_0132.jpg,NO (Positive FMCG),CONFIRMED,0,None,Mascara Maybelline The Hyper Curl Waterproof tông màu Brown,Cây chuốt mi Mascara Maybelline the Hyper Curl Waterproof phiên bản màu nâu cầm trên tay.,C:\HCMUT\Projects\HACKATHON\2nd_URA\images\priv_d_0132.jpg
priv_d_0133,priv_d_0133.jpg,NO (Positive FMCG),CONFIRMED,0,None,Serum dưỡng da L'Oreal Paris Revitalift Hyaluronic Acid 1.5%,Chai tinh chất serum giảm rãnh nhăn da L'Oreal Paris Revitalift 1.5% Hyaluron Serum.,C:\HCMUT\Projects\HACKATHON\2nd_URA\images\priv_d_0133.jpg
priv_d_0134,priv_d_0134.jpg,YES (Empty Target),CONFIRMED,0,None,,Hộp giấy đựng 4 chiếc bánh mì kẹp hamburger phô mai và thịt tươi chế biến thủ công.,C:\HCMUT\Projects\HACKATHON\2nd_URA\images\priv_d_0134.jpg
priv_d_0135,priv_d_0135.jpg,YES (Empty Target),CONFIRMED,0,None,,Poster quảng bá tour du lịch Huế của Hoàng Thành Travel chụp chùa Thiên Mụ và đầm phá Tam Giang.,C:\HCMUT\Projects\HACKATHON\2nd_URA\images\priv_d_0135.jpg
priv_d_0136,priv_d_0136.jpg,NO (Positive FMCG),CONFIRMED,0,None,Gói nem chua Huế Thảo Vy đóng gói hút chân không,Cây nem chua Huế đóng gói túi nilon hút chân không thương hiệu Thảo Vy cầm trên tay.,C:\HCMUT\Projects\HACKATHON\2nd_URA\images\priv_d_0136.jpg
priv_d_0137,priv_d_0137.jpg,YES (Empty Target),CONFIRMED,0,None,,Hình vẽ minh họa mặt trời dễ thương kèm thông điệp chia sẻ cảm xúc của The Right Turn.,C:\HCMUT\Projects\HACKATHON\2nd_URA\images\priv_d_0137.jpg
priv_d_0138,priv_d_0138.jpg,NO (Positive FMCG),CONFIRMED,0,None,Gel tẩy tế bào chết WHISIS Refining Peeling Gel,Tuýp gel tẩy tế bào chết da mặt và toàn thân WHISIS Refining Peeling Gel 120ml.,C:\HCMUT\Projects\HACKATHON\2nd_URA\images\priv_d_0138.jpg
priv_d_0139,priv_d_0139.jpg,YES (Empty Target),CONFIRMED,0,None,,Hai ly trà sữa bơ Pháp mặn Thái Xanh pha chế tại quán vỉa hè Trà Sữa SHARE.,C:\HCMUT\Projects\HACKATHON\2nd_URA\images\priv_d_0139.jpg
priv_d_0140,priv_d_0140.jpg,YES (Empty Target),CONFIRMED,0,None,,Thau thạch trân châu và hai ly nước Tiramisu pha chế thủ công tại quán Trà Sữa SHARE.,C:\HCMUT\Projects\HACKATHON\2nd_URA\images\priv_d_0140.jpg
priv_d_0141,priv_d_0141.jpg,NO (Positive FMCG),CONFIRMED,0,None,Nước hoa hồng Klairs Supple Preparation Unscented Toner và gel rửa mặt COSRX Low pH Good Morning,Banner Hasaki quảng cáo chai nước hoa hồng Klairs và tuýp gel rửa mặt tràm trà COSRX Low pH.,C:\HCMUT\Projects\HACKATHON\2nd_URA\images\priv_d_0141.jpg
priv_d_0142,priv_d_0142.jpg,NO (Positive FMCG),CONFIRMED,0,None,Sữa rửa mặt tạo bọt CAPPIR SKIN FACIAL CLEANSING MOUSSE,Chai sữa rửa mặt tạo bọt hoa hồng CAPPIR SKIN FACIAL CLEANSING MOUSSE kèm vỏ hộp.,C:\HCMUT\Projects\HACKATHON\2nd_URA\images\priv_d_0142.jpg
priv_d_0143,priv_d_0143.jpg,NO (Positive FMCG),CONFIRMED,0,None,Tuýp kem lót tfit Delicate Silk Veil Art Primer và hộp phấn phủ JUDYDOLL,Tay cầm tuýp kem lót trang điểm tfit Delicate Silk Veil Art Primer và hộp phấn tròn JUDYDOLL.,C:\HCMUT\Projects\HACKATHON\2nd_URA\images\priv_d_0143.jpg
priv_d_0144,priv_d_0144.jpg,YES (Empty Target),CONFIRMED,0,None,,Giấy chứng nhận kết quả thử nghiệm chất lượng son Bernice của viện Newcenlab.,C:\HCMUT\Projects\HACKATHON\2nd_URA\images\priv_d_0144.jpg
priv_d_0145,priv_d_0145.jpg,YES (Empty Target),CONFIRMED,0,None,,Chiếc xe ô tô 7 chỗ màu trắng thương hiệu Toyota đỗ trên đường phố.,C:\HCMUT\Projects\HACKATHON\2nd_URA\images\priv_d_0145.jpg
priv_d_0146,priv_d_0146.jpg,NO (Positive FMCG),CONFIRMED,0,None,"Kệ hàng tạp hóa trưng bày các sản phẩm nước rửa chén Sunlight, nước giặt Amity và sữa tắm Lifebuoy","Kệ sắt siêu thị trưng bày nhiều mặt hàng tiêu dùng nhanh như nước rửa chén Sunlight, nước giặt Amity, sữa tắm Lifebuoy.",C:\HCMUT\Projects\HACKATHON\2nd_URA\images\priv_d_0146.jpg
priv_d_0147,priv_d_0147.jpg,NO (Positive FMCG),CONFIRMED,0,None,Kem chống nắng SUN CREAM LUCAS SPF 50+ PA+++,Poster feedback khách hàng về tuýp kem chống nắng SUN CREAM LUCAS của Đan Thy Group.,C:\HCMUT\Projects\HACKATHON\2nd_URA\images\priv_d_0147.jpg
priv_d_0148,priv_d_0148.jpg,NO (Positive FMCG),CONFIRMED,0,None,Chai toner ROUND LAB 1025 Dokdo Toner và combo kem chống nắng tặng kèm,Banner Hasaki quảng cáo chai nước hoa hồng dưỡng ẩm ROUND LAB 1025 Dokdo Toner kèm quà tặng gói kem chống nắng.,C:\HCMUT\Projects\HACKATHON\2nd_URA\images\priv_d_0148.jpg
priv_d_0149,priv_d_0149.jpg,YES (Empty Target),CONFIRMED,0,None,,Tô chân gà sốt thái và ly nước kèm ảnh chụp màn hình tin nhắn đặt hàng ăn vặt.,C:\HCMUT\Projects\HACKATHON\2nd_URA\images\priv_d_0149.jpg
priv_d_0150,priv_d_0150.jpg,YES (Empty Target),CONFIRMED,0,None,,Ảnh chụp màn hình cuộc trò chuyện tin nhắn khen đồ ăn rẻ kèm hình ảnh meme mèo hài hước.,C:\HCMUT\Projects\HACKATHON\2nd_URA\images\priv_d_0150.jpg
priv_d_0151,priv_d_0151.jpg,NO (Positive FMCG),CONFIRMED,0,NONE,Ảnh chụp thực tế bông mút trang điểm giọt nước Amortals màu xanh lá,Bông mút trang điểm thương hiệu Amortals màu xanh lá dạng giọt nước được xỏ ngón tay cầm trên tay,C:\HCMUT\Projects\HACKATHON\2nd_URA\images\priv_d_0151.jpg
priv_d_0152,priv_d_0152.jpg,YES (Empty Target),CONFIRMED,0,NONE,,"Canh chua cá bông lau và các phần cá, rau sống nấu canh được đóng trong hộp nhựa giao hàng",C:\HCMUT\Projects\HACKATHON\2nd_URA\images\priv_d_0152.jpg
priv_d_0153,priv_d_0153.jpg,NO (Positive FMCG),CONFIRMED,0,NONE,Banner Hasaki quảng cáo kem chống nắng Beplain Sunmuse Mineral Sunscreen và Sunmuse Tone Up & Correcting Sunscreen 50ml,Banner Hasaki giới thiệu hai tuýp kem chống nắng Beplain Sunmuse Mineral màu xanh lá và Tone Up màu tím dung tích 50ml,C:\HCMUT\Projects\HACKATHON\2nd_URA\images\priv_d_0153.jpg
priv_d_0154,priv_d_0154.jpg,YES (Empty Target),CONFIRMED,0,NONE,,Các nắm xôi rắc ruốc chà bông được bọc kín bằng màng bọc thực phẩm,C:\HCMUT\Projects\HACKATHON\2nd_URA\images\priv_d_0154.jpg
priv_d_0155,priv_d_0155.jpg,NO (Positive FMCG),CONFIRMED,0,NONE,Ảnh chụp thực tế tuýp kem chống nắng OHUI Day Shield Perfect Sun Black SPF50+ PA++++ 30ml,Tuýp kem chống nắng OHUI Day Shield Perfect Sun Black 30ml cầm trên tay bên cạnh thùng hàng,C:\HCMUT\Projects\HACKATHON\2nd_URA\images\priv_d_0155.jpg
priv_d_0156,priv_d_0156.jpg,NO (Positive FMCG),CONFIRMED,0,NONE,Nước tẩy trang Eveline Hyaluron Clinic B5 Ultra-Moisturising và Evoluderm Eau Micellaire Hydratante 500ml,Hai chai nước tẩy trang Eveline Hyaluron Clinic B5 500ml và Evoluderm Peaux Sèches & Sensibles 500ml đặt cạnh nhau,C:\HCMUT\Projects\HACKATHON\2nd_URA\images\priv_d_0156.jpg
priv_d_0157,priv_d_0157.jpg,NO (Positive FMCG),CONFIRMED,0,NONE,"Set đồ ăn nhanh gồm gà rán, khoai tây chiên, pizza và nem chua rán đóng hộp của Trà Sữa SHARE","Các hộp giấy mở nắp đựng gà rán, khoai tây chiên, bánh pizza và đồ ăn vặt kèm nước sốt của quán Trà Sữa SHARE",C:\HCMUT\Projects\HACKATHON\2nd_URA\images\priv_d_0157.jpg
priv_d_0158,priv_d_0158.jpg,NO (Positive FMCG),CONFIRMED,0,NONE,Các ly trà sữa tiramisu và trà trái cây kèm topping của quán Trà Sữa SHARE,Các ly nhựa đựng trà sữa tiramisu rắc bột cacao kèm bánh quy và trà trái cây màu hồng của thương hiệu Trà Sữa SHARE,C:\HCMUT\Projects\HACKATHON\2nd_URA\images\priv_d_0158.jpg
priv_d_0159,priv_d_0159.jpg,NO (Positive FMCG),CONFIRMED,0,NONE,Ly đồ uống trà kem bắp và trà xanh đóng ly mang đi của quán Mật Tea & Coffee,Hai ly đồ uống trà có lớp kem kèm bắp rang bơ và trà xanh hoa quả in logo Mật Tea & Coffee trên khay gỗ,C:\HCMUT\Projects\HACKATHON\2nd_URA\images\priv_d_0159.jpg
priv_d_0160,priv_d_0160.jpg,NO (Positive FMCG),CONFIRMED,0,NONE,Bó kẹo mút dẻo hình thú bọc lưới của Công ty TNHH Sản xuất Bánh Kẹo Thiên Hồng,Hai bó kẹo mút dẻo marshmallow hình thú nhiều màu sắc bọc lưới nhựa đặt trên thùng carton Bánh Kẹo Thiên Hồng,C:\HCMUT\Projects\HACKATHON\2nd_URA\images\priv_d_0160.jpg
priv_d_0161,priv_d_0161.jpg,NO (Positive FMCG),CONFIRMED,0,NONE,Banner Hasaki quảng cáo lăn khử mùi Perspirex Original 20ml và chì kẻ mày Lemonade Want It Got It 2 đầu,Banner quảng cáo Hasaki gồm chai lăn khử mùi Perspirex Original 20ml và chì kẻ mày Lemonade màu nâu đậm,C:\HCMUT\Projects\HACKATHON\2nd_URA\images\priv_d_0161.jpg
priv_d_0162,priv_d_0162.jpg,NO (Positive FMCG),CONFIRMED,0,NONE,Banner giới thiệu gel tẩy tế bào chết WHISIS Hanbang Refining Peeling Gel chiết xuất thảo dược đông y,Banner quảng cáo tuýp gel tẩy tế bào chết WHISIS Hanbang Refining Peeling đặt cạnh củ nhân sâm và đĩa thảo dược đông y,C:\HCMUT\Projects\HACKATHON\2nd_URA\images\priv_d_0162.jpg
priv_d_0163,priv_d_0163.jpg,NO (Positive FMCG),CONFIRMED,0,NONE,Ảnh chụp thực tế hai chai xịt chống nắng Neutrogena Ultra Sheer Body Mist Sunscreen SPF 70 141g,Hai chai xịt chống nắng toàn thân Neutrogena Ultra Sheer Body Mist Sunscreen SPF 70 141g cầm trên tay tại cửa hàng,C:\HCMUT\Projects\HACKATHON\2nd_URA\images\priv_d_0163.jpg
priv_d_0164,priv_d_0164.jpg,YES (Empty Target),CONFIRMED,0,NONE,,"Các túi bột lọc sâu vò, bánh canh bột gạo và mứt gừng đóng trong túi zip nilon",C:\HCMUT\Projects\HACKATHON\2nd_URA\images\priv_d_0164.jpg
priv_d_0165,priv_d_0165.jpg,NO (Positive FMCG),CONFIRMED,0,NONE,Ảnh chụp thực tế tinh chất dưỡng da Clinique Moisture Surge Active Glow Serum trên tay,Chai tinh chất Clinique Moisture Surge Active Glow Serum màu hồng kèm hình ảnh nhỏ giọt serum thử nghiệm trên mu bàn tay,C:\HCMUT\Projects\HACKATHON\2nd_URA\images\priv_d_0165.jpg
priv_d_0166,priv_d_0166.jpg,NO (Positive FMCG),CONFIRMED,0,NONE,"Kệ hàng tạp hóa trưng bày các sản phẩm bánh quy Danisa, bánh Orion Custas, bánh Cosy và bột ngũ cốc","Kệ hàng bách hóa xếp nhiều loại bánh hộp Danisa Butter Cookies, ChocoPie, Orion Custas, bánh quy Cosy và các gói ngũ cốc dinh dưỡng",C:\HCMUT\Projects\HACKATHON\2nd_URA\images\priv_d_0166.jpg
priv_d_0167,priv_d_0167.jpg,YES (Empty Target),CONFIRMED,0,NONE,,Người phụ nữ nằm thư giãn trong bồn ủ đá muối Himalaya tại cơ sở spa làm đẹp,C:\HCMUT\Projects\HACKATHON\2nd_URA\images\priv_d_0167.jpg
priv_d_0168,priv_d_0168.jpg,NO (Positive FMCG),CONFIRMED,0,NONE,Ảnh chụp thực tế chai tinh dầu dưỡng da và tóc Rosenor Rose Oil chiết xuất hoa hồng Damask,Chai thủy tinh màu nâu sẫm chứa tinh dầu Rosenor Rose Oil Botanical Damask Rose Oil được cầm trên tay,C:\HCMUT\Projects\HACKATHON\2nd_URA\images\priv_d_0168.jpg
priv_d_0169,priv_d_0169.jpg,YES (Empty Target),CONFIRMED,0,NONE,,"Tập hợp các bát chè tráng miệng gồm chè khúc bạch rắc hạnh nhân, chè thạch lựu sương sa và chè trái cây nước cốt dừa",C:\HCMUT\Projects\HACKATHON\2nd_URA\images\priv_d_0169.jpg
priv_d_0170,priv_d_0170.jpg,NO (Positive FMCG),CONFIRMED,0,NONE,Ảnh chụp thực tế thỏi son Romand Zero Velvet Tint màu 01 Pomeloco và son Peripera Ink Velvet màu 24 trên tay,Cầm trên tay hai thỏi son gồm Romand màu 01 Pomeloco và lọ son Peripera Ink Velvet 24 trước cốp trang điểm,C:\HCMUT\Projects\HACKATHON\2nd_URA\images\priv_d_0170.jpg
priv_d_0171,priv_d_0171.jpg,YES (Empty Target),CONFIRMED,0,NONE,,Infographic hướng dẫn công thức chăm sóc da kết hợp hoạt chất BHA và HA,C:\HCMUT\Projects\HACKATHON\2nd_URA\images\priv_d_0171.jpg
priv_d_0172,priv_d_0172.jpg,NO (Positive FMCG),CONFIRMED,0,NONE,Các hộp bánh bông lan chà bông sốt hoàng kim đóng hộp nhựa trong suốt,Cầm trên tay hộp bánh bông lan phủ chà bông và sốt vàng bên cạnh hàng loạt hộp bánh đóng gói sẵn,C:\HCMUT\Projects\HACKATHON\2nd_URA\images\priv_d_0172.jpg
priv_d_0173,priv_d_0173.jpg,NO (Positive FMCG),CONFIRMED,0,NONE,Banner L'Oréal Paris giới thiệu công nghệ Micro Epidermic Hyaluronic Acid chăm sóc da,Banner quảng cáo của L'Oréal Paris giải thích cấu trúc phân tử Micro Epidermic Hyaluronic Acid thẩm thấu vào các tầng biểu bì da,C:\HCMUT\Projects\HACKATHON\2nd_URA\images\priv_d_0173.jpg
priv_d_0174,priv_d_0174.jpg,NO (Positive FMCG),CONFIRMED,0,NONE,Hộp combo pizza Chicago và gà rán đóng gói mang về của quán Trà Sữa SHARE,Tay cầm túi nilon chứa hộp giấy bánh pizza Chicago và gà rán dành cho 2 người của Trà Sữa SHARE,C:\HCMUT\Projects\HACKATHON\2nd_URA\images\priv_d_0174.jpg
priv_d_0175,priv_d_0175.jpg,NO (Positive FMCG),CONFIRMED,0,NONE,Banner quảng cáo kem chống nắng Đan Thy Lucas Sun Cream SPF 50 PA+++ kèm tin nhắn đánh giá,Banner quảng cáo tuýp kem chống nắng Dan Thy Sun Cream Lucas SPF 50 PA+++ kèm bao bì hộp và ảnh chụp tin nhắn phản hồi,C:\HCMUT\Projects\HACKATHON\2nd_URA\images\priv_d_0175.jpg
priv_d_0176,priv_d_0176.jpg,NO (Positive FMCG),CONFIRMED,0,NONE,"Bàn tiệc đồ ăn nhanh gồm kimbap cuộn, gà rán sốt, tokbokki và khoai tây chiên đóng hộp","Nhiều phần thức ăn nhanh Hàn Quốc gồm các hộp kimbap cuộn rong biển, gà rán nhiều vị sốt, mì sốt và bánh gạo cay tokbokki bày trên bàn",C:\HCMUT\Projects\HACKATHON\2nd_URA\images\priv_d_0176.jpg
priv_d_0177,priv_d_0177.jpg,YES (Empty Target),CONFIRMED,0,NONE,,Ảnh chụp màn hình cuộc trò chuyện tin nhắn đánh giá hương vị món trà tắc và chân gà,C:\HCMUT\Projects\HACKATHON\2nd_URA\images\priv_d_0177.jpg
priv_d_0178,priv_d_0178.jpg,NO (Positive FMCG),CONFIRMED,0,NONE,Ảnh chụp thực tế hai hộp bông mút rửa mặt Amortals kèm vòng tay bông hình thỏ,Cầm trên tay hai hộp đựng bông mút rửa mặt Amortals màu xanh lá kèm hai vòng đeo cổ tay bằng bông hình thỏ màu hồng,C:\HCMUT\Projects\HACKATHON\2nd_URA\images\priv_d_0178.jpg
priv_d_0179,priv_d_0179.jpg,NO (Positive FMCG),CONFIRMED,0,NONE,Ảnh chụp thực tế hộp phấn nước Clio và chai chiết kem nền Estée Lauder tông màu 1W1 trên tay,Cầm trên tay hộp phấn nước cushion Clio hình vuông màu đen và chai chiết kem nền Estée Lauder 1W1 trước cốp đồ trang điểm,C:\HCMUT\Projects\HACKATHON\2nd_URA\images\priv_d_0179.jpg
priv_d_0180,priv_d_0180.jpg,YES (Empty Target),CONFIRMED,0,NONE,,Ảnh chụp đông người xếp hàng đổ xăng tại cây xăng Petrolimex vào buổi tối kèm tiêu đề chi tiêu tiết kiệm,C:\HCMUT\Projects\HACKATHON\2nd_URA\images\priv_d_0180.jpg
priv_d_0181,priv_d_0181.jpg,NO (Positive FMCG),CONFIRMED,0,NONE,Ảnh chụp thực tế tuýp kem dưỡng ẩm Clinique Dramatically Different Moisturizing Gel 50ml và Embryolisse Lait-Crème Concentré trên tay,Cầm trên tay hai tuýp kem dưỡng ẩm gồm Clinique Dramatically Different Moisturizing Gel 50ml màu vàng và Embryolisse Lait-Crème Concentré màu trắng xanh,C:\HCMUT\Projects\HACKATHON\2nd_URA\images\priv_d_0181.jpg
priv_d_0182,priv_d_0182.jpg,YES (Empty Target),CONFIRMED,0,NONE,,Hình ảnh đồ họa nền màu pastel kèm chữ chúc thư giãn cuối tuần ngày thứ Sáu,C:\HCMUT\Projects\HACKATHON\2nd_URA\images\priv_d_0182.jpg
priv_d_0183,priv_d_0183.jpg,NO (Positive FMCG),CONFIRMED,0,NONE,Nước tẩy trang Hada Labo Micellar Water Hydrating và Hatomugi The Cleansing Lotion 500ml,Hai chai nước tẩy trang gồm Hada Labo Micellar Water Hydrating và chai vòi nhấn Hatomugi The Cleansing Lotion 500ml đặt cạnh nhau,C:\HCMUT\Projects\HACKATHON\2nd_URA\images\priv_d_0183.jpg
priv_d_0184,priv_d_0184.jpg,NO (Positive FMCG),CONFIRMED,0,NONE,Các hộp sữa rửa mặt tạo bọt Cappir Skin Facial Cleansing Mousse hương hoa hồng 150ml,Các hộp giấy đựng sữa rửa mặt tạo bọt Cappir Skin Facial Cleansing Mousse dung tích 150ml xếp đều trên kệ,C:\HCMUT\Projects\HACKATHON\2nd_URA\images\priv_d_0184.jpg
priv_d_0185,priv_d_0185.jpg,NO (Positive FMCG),CONFIRMED,0,NONE,Banner quảng cáo sữa rửa mặt tạo bọt Cappir Skin Facial Cleansing Mousse chiết xuất hoa hồng,Lớp bọt mịn trắng muốt trên hai bàn tay cùng hai chai sữa rửa mặt tạo bọt Cappir Skin Facial Cleansing Mousse 150ml,C:\HCMUT\Projects\HACKATHON\2nd_URA\images\priv_d_0185.jpg
priv_d_0186,priv_d_0186.jpg,NO (Positive FMCG),CONFIRMED,0,NONE,Ảnh chụp các que kem Merino X Lõi Xốt nhiều hương vị và bao bì sản phẩm,"Các que kem que Merino X Lõi Xốt vị sầu riêng, đậu xanh, dâu, khoai môn và các bao bì kem Merino trong thùng",C:\HCMUT\Projects\HACKATHON\2nd_URA\images\priv_d_0186.jpg
priv_d_0187,priv_d_0187.jpg,YES (Empty Target),CONFIRMED,0,NONE,,Khay kem dâu tây làm thủ công kèm muỗng múc kem và các quả dâu tây tươi xung quanh,C:\HCMUT\Projects\HACKATHON\2nd_URA\images\priv_d_0187.jpg
priv_d_0188,priv_d_0188.jpg,YES (Empty Target),CONFIRMED,0,NONE,,Đĩa bánh bao sữa chiên pate trứng cắt lát kèm ngăn đựng nước chấm,C:\HCMUT\Projects\HACKATHON\2nd_URA\images\priv_d_0188.jpg
priv_d_0189,priv_d_0189.jpg,NO (Positive FMCG),CONFIRMED,0,NONE,Banner quảng cáo chuốt mi Browit by Nongchat Lift & Lock Mascara màu Sexy Black,Cây chuốt mi và hộp mascara Browit by Nongchat Lift & Lock Mascara kèm hình ảnh minh họa mi cong gấp 3 lần,C:\HCMUT\Projects\HACKATHON\2nd_URA\images\priv_d_0189.jpg
priv_d_0190,priv_d_0190.jpg,YES (Empty Target),CONFIRMED,0,NONE,,Ảnh chụp màn hình phản hồi tin nhắn kèm hình ảnh tô chân gà sốt tắc và ly trà đá,C:\HCMUT\Projects\HACKATHON\2nd_URA\images\priv_d_0190.jpg
priv_d_0191,priv_d_0191.jpg,NO (Positive FMCG),CONFIRMED,0,NONE,Banner quảng cáo bánh bao phô mai vị xá xíu kéo sợi và gà sợi trứng muối,Banner quảng cáo bánh bao phô mai gồm bánh bao nhân xá xíu phô mai kéo sợi và bánh bao gà sợi trứng muối phô mai kèm giá 20k,C:\HCMUT\Projects\HACKATHON\2nd_URA\images\priv_d_0191.jpg
priv_d_0192,priv_d_0192.jpg,NO (Positive FMCG),CONFIRMED,0,NONE,Banner quảng cáo nước tẩy trang Bioderma Sensibio H2O nắp nhún tiện lợi,Banner giới thiệu chai nước tẩy trang nắp nhấn Bioderma Sensibio H2O kèm các mũi tên nêu đặc điểm nổi bật,C:\HCMUT\Projects\HACKATHON\2nd_URA\images\priv_d_0192.jpg
priv_d_0193,priv_d_0193.jpg,NO (Positive FMCG),CONFIRMED,0,NONE,Ảnh chụp thực tế vỉ chuốt mi Maybelline New York Hyper Curl Waterproof Mascara trên tay,Vỉ mascara Maybelline New York Hyper Curl Waterproof chống nước cầm trên tay trước các thùng hàng carton,C:\HCMUT\Projects\HACKATHON\2nd_URA\images\priv_d_0193.jpg
priv_d_0194,priv_d_0194.jpg,NO (Positive FMCG),CONFIRMED,0,NONE,Banner quảng cáo sữa dưỡng thể Olay Body Cellscience B3+ dưỡng sáng da,Banner giới thiệu chai sữa dưỡng thể làm sáng da Olay Body Cellscience B3+ dạng vòi bơm cùng công dụng sau 14 ngày,C:\HCMUT\Projects\HACKATHON\2nd_URA\images\priv_d_0194.jpg
priv_d_0195,priv_d_0195.jpg,NO (Positive FMCG),CONFIRMED,0,NONE,Banner giới thiệu các bộ bông mút rửa mặt và trang điểm Tai San hình giọt nước,"Banner quảng cáo các gói bông mút trang điểm hình giọt nước Tai San các màu xanh lá, tím, vàng kèm hộp bao bì",C:\HCMUT\Projects\HACKATHON\2nd_URA\images\priv_d_0195.jpg
priv_d_0196,priv_d_0196.jpg,NO (Positive FMCG),CONFIRMED,0,NONE,Banner chính hãng Huxley giới thiệu thành phần Glycerin và Sucrose trong sản phẩm tẩy tế bào chết,Banner gian hàng chính hãng Huxley Official Store nêu công dụng của thành phần Glycerin và hạt đường Sucrose kèm mã QR,C:\HCMUT\Projects\HACKATHON\2nd_URA\images\priv_d_0196.jpg
priv_d_0197,priv_d_0197.jpg,NO (Positive FMCG),CONFIRMED,0,NONE,Ảnh chụp thực tế bông mút rửa mặt Amortals màu xanh lá tại bồn rửa,Cầm miếng bông bọt biển rửa mặt Amortals màu xanh lá trên tay phía trên bồn rửa mặt và hộp sản phẩm Amortals,C:\HCMUT\Projects\HACKATHON\2nd_URA\images\priv_d_0197.jpg
priv_d_0198,priv_d_0198.jpg,NO (Positive FMCG),CONFIRMED,0,NONE,Giỏ đựng các hũ tẩy tế bào chết toàn thân Dove Body Scrub Gommage Corps nhiều loại chiết xuất,"Giỏ mây chứa 6 hũ tẩy tế bào chết Dove Body Scrub Gommage Corps với nhiều chiết xuất lựu đỏ, dừa, hạt macca và đường nâu",C:\HCMUT\Projects\HACKATHON\2nd_URA\images\priv_d_0198.jpg
priv_d_0199,priv_d_0199.jpg,NO (Positive FMCG),CONFIRMED,0,NONE,Ảnh chụp thực tế hai hũ tẩy tế bào chết Dove Body Scrub Himalayan Salt & Rose Oil trên tay,Cầm trên tay hai hũ tẩy da chết Dove Body Scrub Gommage Corps chiết xuất muối hồng Himalaya và tinh dầu hoa hồng trước các thùng hàng,C:\HCMUT\Projects\HACKATHON\2nd_URA\images\priv_d_0199.jpg
priv_d_0200,priv_d_0200.jpg,NO (Positive FMCG),CONFIRMED,0,NONE,Ảnh chụp thực tế cây chuốt mi Maybelline The Hyper Curl Mascara Waterproof kèm hình ảnh đầu cọ,Cầm cây chuốt mi Maybelline The Hyper Curl Mascara Waterproof trên tay kèm hình ảnh cận cảnh đầu cọ và mi mắt cong sau khi dùng,C:\HCMUT\Projects\HACKATHON\2nd_URA\images\priv_d_0200.jpg
priv_d_0201,priv_d_0201.jpg,YES (Empty Target),CONFIRMED,0,NONE,,Ảnh 4 bước thử nghiệm chất tạo bọt tẩy trang trên mu bàn tay không có nhãn hiệu sản phẩm rõ ràng.,C:\HCMUT\Projects\HACKATHON\2nd_URA\images\priv_d_0201.jpg
priv_d_0202,priv_d_0202.jpg,NO (Positive FMCG),CONFIRMED,0,NONE,Hộp tinh dầu dưỡng tóc và da Rosenor Rose Oil hair & skin oil màu hồng,Ảnh chụp hộp sản phẩm tinh dầu dưỡng tóc và da Rosenor Rose Oil hair & skin oil màu hồng đặt trên bàn.,C:\HCMUT\Projects\HACKATHON\2nd_URA\images\priv_d_0202.jpg
priv_d_0203,priv_d_0203.jpg,NO (Positive FMCG),CONFIRMED,0,NONE,Túi bắp rang bơ Cô Tươi Pop Corn Rang bơ 2300ml trên giao diện ứng dụng mua sắm,Ảnh chụp màn hình bán hàng túi bắp rang bơ khổng lồ 2300ml thương hiệu Cô Tươi Pop Corn.,C:\HCMUT\Projects\HACKATHON\2nd_URA\images\priv_d_0203.jpg
priv_d_0204,priv_d_0204.jpg,NO (Positive FMCG),CONFIRMED,0,NONE,Cây nem chua Huế Thảo Vy đóng gói trong bao bì màu xanh lá,Ảnh chụp tay cầm cây nem chua Huế thương hiệu Thảo Vy trong bao bì nilon.,C:\HCMUT\Projects\HACKATHON\2nd_URA\images\priv_d_0204.jpg
priv_d_0205,priv_d_0205.jpg,NO (Positive FMCG),CONFIRMED,0,NONE,Các tuýp và chai xịt kem chống nắng Mixa Solaire Dermo-Protect SPF 50+ trên quầy thanh toán,Ảnh chụp các sản phẩm kem chống nắng Mixa Solaire Peau Sensible Dermo-Protect SPF 50+ trên băng chuyền thu ngân.,C:\HCMUT\Projects\HACKATHON\2nd_URA\images\priv_d_0205.jpg
priv_d_0206,priv_d_0206.jpg,NO (Positive FMCG),CONFIRMED,0,NONE,Tuýp kem chống nắng OHUI Day Shield Black Perfect Sun SPF50+ PA++++ cùng vệt kem trên mu bàn tay,Ảnh chụp tay cầm tuýp kem chống nắng OHUI Day Shield Perfect Sun Black cùng vệt kem thử nghiệm trên mu bàn tay.,C:\HCMUT\Projects\HACKATHON\2nd_URA\images\priv_d_0206.jpg
priv_d_0207,priv_d_0207.jpg,NO (Positive FMCG),CONFIRMED,0,NONE,Chai nước tẩy trang Bioderma Sensibio H2O 850ml trên bục trưng bày trong banner quảng cáo,Banner quảng cáo chai nước tẩy trang Bioderma Sensibio H2O nắp hồng dung tích 850ml.,C:\HCMUT\Projects\HACKATHON\2nd_URA\images\priv_d_0207.jpg
priv_d_0208,priv_d_0208.jpg,NO (Positive FMCG),CONFIRMED,0,NONE,Kệ hàng tạp hóa trưng bày các loại bánh kẹo như Orion Gouté Custas ChocoPie bánh gạo An Coffee Joy,"Ảnh chụp kệ siêu thị bày bán nhiều loại bánh kẹo đóng gói của Orion, Bibica, Want Want.",C:\HCMUT\Projects\HACKATHON\2nd_URA\images\priv_d_0208.jpg
priv_d_0209,priv_d_0209.jpg,NO (Positive FMCG),CONFIRMED,0,NONE,Bộ đôi serum và kem dưỡng trắng Barbie Skin gồm Peptide Serum và Glow White Cream,Banner quảng cáo tay cầm hũ kem dưỡng Barbie Skin Glow White Cream và chai serum Barbie Skin Peptide Serum.,C:\HCMUT\Projects\HACKATHON\2nd_URA\images\priv_d_0209.jpg
priv_d_0210,priv_d_0210.jpg,YES (Empty Target),CONFIRMED,0,NONE,,"Hộp và túi chườm ngực nóng lạnh Emoon bằng vải nhung hỗ trợ mẹ sau sinh (vật dụng y tế gia đình, phi FMCG).",C:\HCMUT\Projects\HACKATHON\2nd_URA\images\priv_d_0210.jpg
priv_d_0211,priv_d_0211.jpg,NO (Positive FMCG),CONFIRMED,0,NONE,Bánh giò Thành Phát bọc lá chuối cùng một chiếc đã bóc vỏ lộ rõ nhân thịt và trứng cút,Ảnh chụp đĩa bánh giò Thành Phát gói lá chuối kèm một chiếc bánh mở nắp nhân trứng cút và thịt.,C:\HCMUT\Projects\HACKATHON\2nd_URA\images\priv_d_0211.jpg
priv_d_0212,priv_d_0212.jpg,NO (Positive FMCG),CONFIRMED,0,NONE,Chai gel tẩy tế bào chết Centellian24 Madeca Matcha Toning Peeling Gel màu xanh lục,Banner giới thiệu sản phẩm gel tẩy tế bào chết Madeca Matcha Toning Peeling Gel thương hiệu Centellian24.,C:\HCMUT\Projects\HACKATHON\2nd_URA\images\priv_d_0212.jpg
priv_d_0213,priv_d_0213.jpg,YES (Empty Target),CONFIRMED,0,NONE,,Ảnh chụp không gian nội thất phòng bếp hiện đại có đảo bếp bằng đá và tủ lạnh (phi FMCG).,C:\HCMUT\Projects\HACKATHON\2nd_URA\images\priv_d_0213.jpg
priv_d_0214,priv_d_0214.jpg,NO (Positive FMCG),CONFIRMED,0,NONE,Hộp trà ngũ cốc óc chó hạnh nhân và ý dĩ Damtuh Hàn Quốc,"Ảnh chụp hộp ngũ cốc dinh dưỡng Damtuh Walnuts, Almonds, Job's Tears Tea của Hàn Quốc.",C:\HCMUT\Projects\HACKATHON\2nd_URA\images\priv_d_0214.jpg
priv_d_0215,priv_d_0215.jpg,YES (Empty Target),CONFIRMED,0,NONE,,Ảnh ghép các món ăn gia đình cùng chai nước sốt tự nấu không có bao bì nhãn mác thương mại.,C:\HCMUT\Projects\HACKATHON\2nd_URA\images\priv_d_0215.jpg
priv_d_0216,priv_d_0216.jpg,YES (Empty Target),CONFIRMED,0,NONE,,Ảnh chụp đường phố cắm cờ Đảng cờ Tổ quốc tuyên truyền bầu cử Quốc hội trên video TikTok (phi FMCG).,C:\HCMUT\Projects\HACKATHON\2nd_URA\images\priv_d_0216.jpg
priv_d_0217,priv_d_0217.jpg,NO (Positive FMCG),REPAIRED,3,REPETITION_FIX,Hộp và tuýp kem chống nắng Đan Thy Sun Cream Lucas SPF 50 PA+++ trong ảnh phản hồi,Banner quảng cáo kem chống nắng Sun Cream Lucas của Đan Thy Group kèm tin nhắn phản hồi.,C:\HCMUT\Projects\HACKATHON\2nd_URA\images\priv_d_0217.jpg
priv_d_0218,priv_d_0218.jpg,NO (Positive FMCG),CONFIRMED,0,NONE,Hộp quà set son dưỡng môi d'Alba Plumping Lip Glow Volumizer,Ảnh quảng cáo các thỏi son dưỡng bóng d'Alba Plumping Lip Glow Volumizer xếp cùng hộp quà.,C:\HCMUT\Projects\HACKATHON\2nd_URA\images\priv_d_0218.jpg
priv_d_0219,priv_d_0219.jpg,NO (Positive FMCG),CONFIRMED,0,NONE,Chai nước hoa hồng Klairs Supple Preparation Facial Toner và serum Klairs Rich Moist Soothing Serum,Banner khuyến mãi Hasaki hiển thị nước hoa hồng Klairs và serum cấp ẩm Klairs.,C:\HCMUT\Projects\HACKATHON\2nd_URA\images\priv_d_0219.jpg
priv_d_0220,priv_d_0220.jpg,NO (Positive FMCG),CONFIRMED,0,NONE,Hộp lông mi giả Menglu kèm tuýp keo dán mi Nyaxi eye charm,Ảnh chụp tay cầm hộp lông mi giả Menglu và tuýp keo mi Nyaxi.,C:\HCMUT\Projects\HACKATHON\2nd_URA\images\priv_d_0220.jpg
priv_d_0221,priv_d_0221.jpg,NO (Positive FMCG),CONFIRMED,0,NONE,Banner hướng dẫn sử dụng sản phẩm chăm sóc da của thương hiệu Huxley,Banner đồ họa hướng dẫn các bước sử dụng sản phẩm tẩy tế bào chết Huxley Official Store.,C:\HCMUT\Projects\HACKATHON\2nd_URA\images\priv_d_0221.jpg
priv_d_0222,priv_d_0222.jpg,NO (Positive FMCG),CONFIRMED,0,NONE,Chai serum cấp ẩm sâu Torriden Dive In Low Molecular Hyaluronic Acid 50ml,Banner khuyến mãi hiển thị chai tinh chất cấp ẩm Torriden Dive In Serum 50ml.,C:\HCMUT\Projects\HACKATHON\2nd_URA\images\priv_d_0222.jpg
priv_d_0223,priv_d_0223.jpg,NO (Positive FMCG),CONFIRMED,0,NONE,Các hộp kem Thái Lan 500ml hương dâu tây vani và socola,"Ảnh chụp các hộp kem lạnh Thái Lan dung tích 500ml vị dâu, vani và socola.",C:\HCMUT\Projects\HACKATHON\2nd_URA\images\priv_d_0223.jpg
priv_d_0224,priv_d_0224.jpg,NO (Positive FMCG),CONFIRMED,0,NONE,Lăn khử mùi Perspirex Comfort 20ml và tuýp kem chống nắng Beplain Sunmuse Mild Green 50ml,Banner so sánh ưu đãi sản phẩm lăn khử mùi Perspirex và kem chống nắng Beplain của Hasaki.,C:\HCMUT\Projects\HACKATHON\2nd_URA\images\priv_d_0224.jpg
priv_d_0225,priv_d_0225.jpg,YES (Empty Target),CONFIRMED,0,NONE,,Ảnh chụp đôi dép quai hậu tập đi trẻ em hình mặt gấu màu be (phi FMCG).,C:\HCMUT\Projects\HACKATHON\2nd_URA\images\priv_d_0225.jpg
priv_d_0226,priv_d_0226.jpg,YES (Empty Target),CONFIRMED,0,NONE,,Ảnh gấu bông Hello Kitty cầm ván lướt sóng kèm dòng chữ chế meme hài hước (phi FMCG).,C:\HCMUT\Projects\HACKATHON\2nd_URA\images\priv_d_0226.jpg
priv_d_0227,priv_d_0227.jpg,NO (Positive FMCG),CONFIRMED,0,NONE,Nhiều vỉ và hộp lông mi giả xếp trên bàn trang điểm,Ảnh chụp bàn trang điểm có nhiều vỉ lông mi giả phục vụ bấm mi và nối mi.,C:\HCMUT\Projects\HACKATHON\2nd_URA\images\priv_d_0227.jpg
priv_d_0228,priv_d_0228.jpg,YES (Empty Target),CONFIRMED,0,NONE,,Ảnh các thùng carton và túi bưu phẩm đóng gói vận chuyển đón Tết (phi FMCG).,C:\HCMUT\Projects\HACKATHON\2nd_URA\images\priv_d_0228.jpg
priv_d_0229,priv_d_0229.jpg,YES (Empty Target),CONFIRMED,0,NONE,,"Ảnh chụp màn hình trường quay bản tin Thời sự VTV1 đưa tin về pate Cột Đèn (tin tức truyền hình, phi FMCG).",C:\HCMUT\Projects\HACKATHON\2nd_URA\images\priv_d_0229.jpg
priv_d_0230,priv_d_0230.jpg,NO (Positive FMCG),CONFIRMED,0,NONE,Hộp pate Cột Đèn do Công ty Đồ hộp Hạ Long sản xuất,Ảnh chụp lon pate Cột Đèn kim loại của Công ty CP Đồ hộp Hạ Long.,C:\HCMUT\Projects\HACKATHON\2nd_URA\images\priv_d_0230.jpg
priv_d_0231,priv_d_0231.jpg,NO (Positive FMCG),CONFIRMED,0,NONE,Các lon đồ hộp Hạ Long Canfoco gồm Thịt Bò Xay Cá sốt cà Thịt Bò sốt cà chua và Bò Hầm,Ảnh đồ họa tin tức hiển thị các sản phẩm đồ hộp chế biến sẵn của Halong Canfoco.,C:\HCMUT\Projects\HACKATHON\2nd_URA\images\priv_d_0231.jpg
priv_d_0232,priv_d_0232.jpg,NO (Positive FMCG),CONFIRMED,0,NONE,Các sản phẩm pate Cột Đèn và hoa quả đóng hộp Canfresh trước cổng Đồ Hộp Hạ Long Halong Canfoco,Infographic CafeF tổng hợp các hộp pate và đồ hộp Canfresh của Halong Canfoco.,C:\HCMUT\Projects\HACKATHON\2nd_URA\images\priv_d_0232.jpg
priv_d_0233,priv_d_0233.jpg,NO (Positive FMCG),CONFIRMED,0,NONE,Lon đồ hộp pate Cột Đèn Hải Phòng trước cổng trụ sở Công ty Đồ Hộp Hạ Long,Ảnh tin tức Hà Nội News đưa tin về Công ty Đồ Hộp Hạ Long kèm lon pate Cột Đèn.,C:\HCMUT\Projects\HACKATHON\2nd_URA\images\priv_d_0233.jpg
priv_d_0234,priv_d_0234.jpg,NO (Positive FMCG),CONFIRMED,0,NONE,Các lon pate Mai Vàng Patê Gan Hảo Vị và Halong Canfoco Pate Cột Đèn Hải Phòng,Ảnh chụp cận cảnh các lon pate Mai Vàng và Halong Canfoco xếp chồng lên nhau.,C:\HCMUT\Projects\HACKATHON\2nd_URA\images\priv_d_0234.jpg
priv_d_0235,priv_d_0235.jpg,NO (Positive FMCG),CONFIRMED,0,NONE,Lon cá hộp Vissan Cá Xốt Cà và lon Thịt Bò Xay trên tay người dùng,Ảnh chụp tay cầm hai lon thực phẩm đóng hộp gồm Vissan Cá Xốt Cà và Thịt Bò Xay.,C:\HCMUT\Projects\HACKATHON\2nd_URA\images\priv_d_0235.jpg
priv_d_0236,priv_d_0236.jpg,NO (Positive FMCG),CONFIRMED,0,NONE,Kệ khuyến mại siêu thị xếp đầy các lon pate Cột Đèn đóng hộp,Ảnh chụp quầy hàng sắt trong siêu thị bày bán các lon đồ hộp pate Cột Đèn.,C:\HCMUT\Projects\HACKATHON\2nd_URA\images\priv_d_0236.jpg
priv_d_0237,priv_d_0237.jpg,NO (Positive FMCG),CONFIRMED,0,NONE,Lon pate Cột Đèn Hải Phòng trước khuôn viên nhà máy Halong Canfoco,Ảnh tin tức 28 News minh họa các lon pate Cột Đèn và nhà máy Ha Long Canfoco.,C:\HCMUT\Projects\HACKATHON\2nd_URA\images\priv_d_0237.jpg
priv_d_0238,priv_d_0238.jpg,YES (Empty Target),CONFIRMED,0,NONE,,Ảnh chụp các khay inox chứa thịt làm pate truyền thống trong xưởng chế biến không có nhãn mác thương mại.,C:\HCMUT\Projects\HACKATHON\2nd_URA\images\priv_d_0238.jpg
priv_d_0239,priv_d_0239.jpg,NO (Positive FMCG),REPAIRED,3,SYNTAX_DUPLICATE_FIX,Ly trà Phúc Kiến Sen Vải của The Coffee House kèm quả vải bên trên,Ảnh chụp ly nước Trà Phúc Kiến Sen Vải của The Coffee House trong bản tin thông báo nguyên liệu.,C:\HCMUT\Projects\HACKATHON\2nd_URA\images\priv_d_0239.jpg
priv_d_0240,priv_d_0240.jpg,NO (Positive FMCG),CONFIRMED,0,NONE,Các lon pate Cột Đèn Hải Phòng trong đồ họa tin tức tài chính Novaland,Ảnh đồ họa tin tức tài chính ghép tòa nhà Novaland và các lon pate Cột Đèn Hải Phòng.,C:\HCMUT\Projects\HACKATHON\2nd_URA\images\priv_d_0240.jpg
priv_d_0241,priv_d_0241.jpg,NO (Positive FMCG),CONFIRMED,0,NONE,Các lon đồ hộp Cá sốt cà và Bò hầm trên kệ trong bản tin Đài Cần Thơ,Ảnh chụp kệ siêu thị bày bán đồ hộp Cá sốt cà và Bò hầm trong bản tin truyền hình Cần Thơ.,C:\HCMUT\Projects\HACKATHON\2nd_URA\images\priv_d_0241.jpg
priv_d_0242,priv_d_0242.jpg,YES (Empty Target),CONFIRMED,0,NONE,,Ảnh đồ họa logo giới thiệu kênh Tomchutrue Review trên nền xanh dương (phi FMCG).,C:\HCMUT\Projects\HACKATHON\2nd_URA\images\priv_d_0242.jpg
priv_d_0243,priv_d_0243.jpg,YES (Empty Target),CONFIRMED,0,NONE,,Ảnh tin tức Sở VHTTDL Hải Phòng kèm hình minh họa lát bánh mì phết pate không có bao bì nhãn mác thương phẩm.,C:\HCMUT\Projects\HACKATHON\2nd_URA\images\priv_d_0243.jpg
priv_d_0244,priv_d_0244.jpg,YES (Empty Target),CONFIRMED,0,NONE,,"Ảnh chụp bình sữa tự pha thức uống matcha latte sữa mẹ (cá nhân tự làm, phi FMCG).",C:\HCMUT\Projects\HACKATHON\2nd_URA\images\priv_d_0244.jpg
priv_d_0245,priv_d_0245.jpg,YES (Empty Target),CONFIRMED,0,NONE,,Ảnh chụp hai phần ăn sáng eat-clean đựng trong hộp nhựa không có nhãn hiệu thương mại.,C:\HCMUT\Projects\HACKATHON\2nd_URA\images\priv_d_0245.jpg
priv_d_0246,priv_d_0246.jpg,YES (Empty Target),CONFIRMED,0,NONE,,Ảnh công nhân xưởng may gia công túi xách cắt chỉ thừa tuyển dụng lao động (phi FMCG).,C:\HCMUT\Projects\HACKATHON\2nd_URA\images\priv_d_0246.jpg
priv_d_0247,priv_d_0247.jpg,NO (Positive FMCG),CONFIRMED,0,NONE,Chai sữa tắm nước hoa X-Men For Boss Intense và chai nước rửa tay Botanika,Ảnh tin tức về việc thu hồi chai sữa tắm X-Men For Boss Intense và nước rửa tay Botanika.,C:\HCMUT\Projects\HACKATHON\2nd_URA\images\priv_d_0247.jpg
priv_d_0248,priv_d_0248.jpg,NO (Positive FMCG),CONFIRMED,0,NONE,Bốn lon sữa bột dinh dưỡng VitaDairy ColosBaby gồm Gold Bio IQ và D3K2,Ảnh đồ họa so sánh 4 dòng sản phẩm sữa bột công thức VitaDairy ColosBaby.,C:\HCMUT\Projects\HACKATHON\2nd_URA\images\priv_d_0248.jpg
priv_d_0249,priv_d_0249.jpg,NO (Positive FMCG),CONFIRMED,0,NONE,Hộp và chai gel lăn giảm đau cổ vai gáy Oraso ThermaPlex Warming Gel,Ảnh chụp tay cầm hộp và tuýp gel massage làm ấm Oraso ThermaPlex Warming Gel.,C:\HCMUT\Projects\HACKATHON\2nd_URA\images\priv_d_0249.jpg
priv_d_0250,priv_d_0250.jpg,NO (Positive FMCG),CONFIRMED,0,NONE,Hũ bột đạm thực vật Nuta Superfoods Ultimate Plant Protein+ hương Dutch Chocolate,Ảnh chụp tay cầm hũ bột dinh dưỡng thực vật Nuta Superfoods Ultimate Plant Protein+ hương sô-cô-la.,C:\HCMUT\Projects\HACKATHON\2nd_URA\images\priv_d_0250.jpg
priv_d_0251,priv_d_0251.jpg,YES (Empty Target),CONFIRMED,0,NONE,,"Đĩa thức ăn ăn kiêng tự nấu gồm su su luộc, ức gà luộc và củ khoai",C:\HCMUT\Projects\HACKATHON\2nd_URA\images\priv_d_0251.jpg
priv_d_0252,priv_d_0252.jpg,NO (Positive FMCG),CONFIRMED,0,NONE,Ảnh chụp thực tế thùng khăn ướt nhiệt đới Mamamy Tropical,Thùng carton chứa các gói khăn ướt Mamamy Tropical mở nắp,C:\HCMUT\Projects\HACKATHON\2nd_URA\images\priv_d_0252.jpg
priv_d_0253,priv_d_0253.jpg,YES (Empty Target),CONFIRMED,0,NONE,,Món tráng miệng chuối phủ sô-cô-la tự làm trong hộp nhựa,C:\HCMUT\Projects\HACKATHON\2nd_URA\images\priv_d_0253.jpg
priv_d_0254,priv_d_0254.jpg,YES (Empty Target),CONFIRMED,0,NONE,,Chiếc đồng hồ báo thức màu trắng đặt trên sàn gỗ trong nhà,C:\HCMUT\Projects\HACKATHON\2nd_URA\images\priv_d_0254.jpg
priv_d_0255,priv_d_0255.jpg,YES (Empty Target),CONFIRMED,0,NONE,,Ảnh chụp ngọn cỏ lau dưới ánh mặt trời kèm dòng chữ trích dẫn nhắc nhở,C:\HCMUT\Projects\HACKATHON\2nd_URA\images\priv_d_0255.jpg
priv_d_0256,priv_d_0256.jpg,YES (Empty Target),CONFIRMED,0,NONE,,Chai kem chống nắng không rõ thương hiệu cầm trước màn hình máy tính hiển thị hoa cúc vàng,C:\HCMUT\Projects\HACKATHON\2nd_URA\images\priv_d_0256.jpg
priv_d_0257,priv_d_0257.jpg,YES (Empty Target),CONFIRMED,0,NONE,,Hình nền trắng có dòng chữ Tạm biệt tháng 5 Xin Chào Tháng 6,C:\HCMUT\Projects\HACKATHON\2nd_URA\images\priv_d_0257.jpg
priv_d_0258,priv_d_0258.jpg,YES (Empty Target),CONFIRMED,0,NONE,,Chiếc điện thoại iPhone 12 Pro Max màu xám trên tay tại cửa hàng điện thoại,C:\HCMUT\Projects\HACKATHON\2nd_URA\images\priv_d_0258.jpg
priv_d_0259,priv_d_0259.jpg,YES (Empty Target),CONFIRMED,0,NONE,,Chiếc chảo chống dính Tefal Excellence Ceramic có tay cầm và tem nhãn,C:\HCMUT\Projects\HACKATHON\2nd_URA\images\priv_d_0259.jpg
priv_d_0260,priv_d_0260.jpg,NO (Positive FMCG),CONFIRMED,0,NONE,Ảnh chụp thực tế gói thịt gà đông khô cho thú cưng LUSI Pet Treats Freeze-Dried Chicken Bits 500g,Gói thức ăn khô cho chó mèo LUSI Pet Treats Freeze-Dried Chicken Bits vị thịt gà 500g,C:\HCMUT\Projects\HACKATHON\2nd_URA\images\priv_d_0260.jpg
priv_d_0261,priv_d_0261.jpg,YES (Empty Target),CONFIRMED,0,NONE,,Banner quảng bá sự kiện giải đấu PUBG Mobile Global Open,C:\HCMUT\Projects\HACKATHON\2nd_URA\images\priv_d_0261.jpg
priv_d_0262,priv_d_0262.jpg,NO (Positive FMCG),CONFIRMED,0,NONE,Ảnh chụp thực tế hai tuýp kem dưỡng tóc LILYSTAR SMOOTH GLOSSY HAIR CARE CREAM 200ml,Hai tuýp kem ủ tóc bóng mượt LILYSTAR SMOOTH GLOSSY HAIR CARE CREAM màu vàng,C:\HCMUT\Projects\HACKATHON\2nd_URA\images\priv_d_0262.jpg
priv_d_0263,priv_d_0263.jpg,NO (Positive FMCG),CONFIRMED,0,NONE,Ảnh chụp thực tế gói Cơm Cháy Siêu Chà Bông Vị Mắm Hành AVA FOOD 200g,Gói bánh cơm cháy chà bông vị mắm hành AVA FOOD 200g trên tay người cầm,C:\HCMUT\Projects\HACKATHON\2nd_URA\images\priv_d_0263.jpg
priv_d_0264,priv_d_0264.jpg,YES (Empty Target),CONFIRMED,0,NONE,,Người làm vườn đang xử lý đất và rễ cây trong thùng xốp,C:\HCMUT\Projects\HACKATHON\2nd_URA\images\priv_d_0264.jpg
priv_d_0265,priv_d_0265.jpg,YES (Empty Target),CONFIRMED,0,NONE,,Máy xay sinh tố công nghiệp đa năng vỏ kim loại sáng bóng trên mặt bàn bếp,C:\HCMUT\Projects\HACKATHON\2nd_URA\images\priv_d_0265.jpg
priv_d_0266,priv_d_0266.jpg,YES (Empty Target),CONFIRMED,0,NONE,,Giỏ hoa hướng dương gắn trên xe đạp hướng về phía hoàng hôn,C:\HCMUT\Projects\HACKATHON\2nd_URA\images\priv_d_0266.jpg
priv_d_0267,priv_d_0267.jpg,NO (Positive FMCG),CONFIRMED,0,NONE,Ảnh chụp thực tế ba lon sữa bột VitaDairy ColosBaby LACTOFERRIN SYNBIOTIC số 2,Ba lon sữa bột công thức ColosBaby LACTOFERRIN SYNBIOTIC số 2 của VitaDairy,C:\HCMUT\Projects\HACKATHON\2nd_URA\images\priv_d_0267.jpg
priv_d_0268,priv_d_0268.jpg,YES (Empty Target),CONFIRMED,0,NONE,,Ảnh chụp bị mờ nhòe không rõ chi tiết của một hộp sản phẩm,C:\HCMUT\Projects\HACKATHON\2nd_URA\images\priv_d_0268.jpg
priv_d_0269,priv_d_0269.jpg,YES (Empty Target),CONFIRMED,0,NONE,,Chiếc túi xách nỉ màu hồng đính các phụ kiện bông hoạt hình,C:\HCMUT\Projects\HACKATHON\2nd_URA\images\priv_d_0269.jpg
priv_d_0270,priv_d_0270.jpg,YES (Empty Target),CONFIRMED,0,NONE,,"Khay nguyên liệu tươi sống gồm gan gà, khoai lang, rau mồng tơi và gạo để nấu cháo ăn dặm",C:\HCMUT\Projects\HACKATHON\2nd_URA\images\priv_d_0270.jpg
priv_d_0271,priv_d_0271.jpg,YES (Empty Target),CONFIRMED,0,NONE,,Khối pin máy công cụ 20 cell màu đen viền đỏ trên tay,C:\HCMUT\Projects\HACKATHON\2nd_URA\images\priv_d_0271.jpg
priv_d_0272,priv_d_0272.jpg,YES (Empty Target),CONFIRMED,0,NONE,,Hũ nhựa thủy tinh đựng gia vị nắp mở tiện lợi trong nhà bếp,C:\HCMUT\Projects\HACKATHON\2nd_URA\images\priv_d_0272.jpg
priv_d_0273,priv_d_0273.jpg,NO (Positive FMCG),CONFIRMED,0,NONE,Ảnh chụp thực tế lon sữa bột VitaDairy ColosBaby Gold PEDIA 1-10 tuổi,Lon sữa bột cho trẻ suy dinh dưỡng biếng ăn ColosBaby Gold PEDIA của hãng VitaDairy,C:\HCMUT\Projects\HACKATHON\2nd_URA\images\priv_d_0273.jpg
priv_d_0274,priv_d_0274.jpg,YES (Empty Target),CONFIRMED,0,NONE,,Bản tin truyền hình về chuyển đổi số dịch vụ công tại xã Bất Bạt,C:\HCMUT\Projects\HACKATHON\2nd_URA\images\priv_d_0274.jpg
priv_d_0275,priv_d_0275.jpg,YES (Empty Target),CONFIRMED,0,NONE,,Hình ảnh bản tin về chiếc xe điện tự chế của học sinh cạnh công an,C:\HCMUT\Projects\HACKATHON\2nd_URA\images\priv_d_0275.jpg
priv_d_0276,priv_d_0276.jpg,YES (Empty Target),CONFIRMED,0,NONE,,Bản tin y tế thông báo xử phạt công ty dược phẩm Abipha,C:\HCMUT\Projects\HACKATHON\2nd_URA\images\priv_d_0276.jpg
priv_d_0277,priv_d_0277.jpg,NO (Positive FMCG),CONFIRMED,0,NONE,Ảnh chụp thực tế lon sữa bột dinh dưỡng VitaDairy CaloSure AMERICA 800g,Lon sữa bột bổ sung dinh dưỡng CaloSure AMERICA hỗ trợ tim mạch của VitaDairy loại 800g,C:\HCMUT\Projects\HACKATHON\2nd_URA\images\priv_d_0277.jpg
priv_d_0278,priv_d_0278.jpg,YES (Empty Target),CONFIRMED,0,NONE,,Ảnh chụp góc nhìn thứ nhất khi đạp xe ban đêm kèm dòng chữ tâm trạng,C:\HCMUT\Projects\HACKATHON\2nd_URA\images\priv_d_0278.jpg
priv_d_0279,priv_d_0279.jpg,YES (Empty Target),CONFIRMED,0,NONE,,Khối slime màu hồng phấn mềm xốp đặt trên mặt bàn,C:\HCMUT\Projects\HACKATHON\2nd_URA\images\priv_d_0279.jpg
priv_d_0280,priv_d_0280.jpg,YES (Empty Target),CONFIRMED,0,NONE,,Các thố sứ yến chưng táo đỏ và đông trùng hạ thảo trong nồi hấp,C:\HCMUT\Projects\HACKATHON\2nd_URA\images\priv_d_0280.jpg
priv_d_0281,priv_d_0281.jpg,YES (Empty Target),CONFIRMED,0,NONE,,Cảnh người bố bế con nhỏ đứng trước trạm y tế có băng rôn cho trẻ uống vitamin A,C:\HCMUT\Projects\HACKATHON\2nd_URA\images\priv_d_0281.jpg
priv_d_0282,priv_d_0282.jpg,YES (Empty Target),CONFIRMED,0,NONE,,Hình ảnh chiếc điều khiển từ xa dùng cho máy chiếu EPSON,C:\HCMUT\Projects\HACKATHON\2nd_URA\images\priv_d_0282.jpg
priv_d_0283,priv_d_0283.jpg,NO (Positive FMCG),CONFIRMED,0,NONE,Ảnh chụp thực tế bịch bỉm quần trẻ em TopGia KIDS size L 34 miếng,Bịch tã bỉm quần TopGia KIDS size L dành cho trẻ em 9-14kg,C:\HCMUT\Projects\HACKATHON\2nd_URA\images\priv_d_0283.jpg
priv_d_0284,priv_d_0284.jpg,NO (Positive FMCG),CONFIRMED,0,NONE,Ảnh chụp thực tế ly hủ tiếu mì Yes Mom vị thịt bằm 79.2g,Ly hủ tiếu mì ăn liền hương vị thịt bằm Yes Mom 79.2g,C:\HCMUT\Projects\HACKATHON\2nd_URA\images\priv_d_0284.jpg
priv_d_0285,priv_d_0285.jpg,YES (Empty Target),CONFIRMED,0,NONE,,Banner tin tức chúc mừng đội tuyển thể thao điện tử T1 Esports,C:\HCMUT\Projects\HACKATHON\2nd_URA\images\priv_d_0285.jpg
priv_d_0286,priv_d_0286.jpg,NO (Positive FMCG),CONFIRMED,0,NONE,Ảnh chụp thực tế kệ tủ đồ ăn vặt và lon sữa bột Abbott PediaSure Maloedka socola 850g,"Ngăn tủ chứa các loại thực phẩm đóng gói gồm sữa Horizon Organic, snack Calbee và lon sữa Abbott Maloedka",C:\HCMUT\Projects\HACKATHON\2nd_URA\images\priv_d_0286.jpg
priv_d_0287,priv_d_0287.jpg,YES (Empty Target),CONFIRMED,0,NONE,,Ba chiếc mũ lưỡi trai thời trang đính phụ kiện Hello Kitty,C:\HCMUT\Projects\HACKATHON\2nd_URA\images\priv_d_0287.jpg
priv_d_0288,priv_d_0288.jpg,NO (Positive FMCG),CONFIRMED,0,NONE,Ảnh chụp thực tế hai tuýp kem dưỡng săn chắc vòng 1 TM Pharma Sexy Queen plus 75g,Hai tuýp kem bôi chăm sóc cơ thể Sexy Queen plus của TM Pharma,C:\HCMUT\Projects\HACKATHON\2nd_URA\images\priv_d_0288.jpg
priv_d_0289,priv_d_0289.jpg,NO (Positive FMCG),CONFIRMED,0,NONE,Ảnh chụp thực tế hộp sữa bột Anlene BONEMAX hương vani 1.2kg,Hộp sữa bột dinh dưỡng cho xương khớp Anlene BONEMAX hương vani khối lượng 1.2kg,C:\HCMUT\Projects\HACKATHON\2nd_URA\images\priv_d_0289.jpg
priv_d_0290,priv_d_0290.jpg,NO (Positive FMCG),CONFIRMED,0,NONE,Ảnh chụp thực tế các hộp kem đánh răng Colgate MaxFresh UltraFreeze,Combo các hộp kem đánh răng Colgate MaxFresh UltraFreeze tinh chất than tre và bạc hà,C:\HCMUT\Projects\HACKATHON\2nd_URA\images\priv_d_0290.jpg
priv_d_0291,priv_d_0291.jpg,NO (Positive FMCG),CONFIRMED,0,NONE,Ảnh chụp thực tế chai tinh chất La Roche-Posay MELA B3 SERUM,Chai serum trị thâm nám La Roche-Posay MELA B3 SERUM màu tím cầm trên tay,C:\HCMUT\Projects\HACKATHON\2nd_URA\images\priv_d_0291.jpg
priv_d_0292,priv_d_0292.jpg,NO (Positive FMCG),CONFIRMED,0,NONE,Ảnh chụp thực tế hộp thực phẩm bảo vệ sức khỏe Vitabiotics Pregnacare breast-feeding,Hộp viên uống bổ sung vi chất cho mẹ sau sinh Vitabiotics Pregnacare breast-feeding,C:\HCMUT\Projects\HACKATHON\2nd_URA\images\priv_d_0292.jpg
priv_d_0293,priv_d_0293.jpg,YES (Empty Target),CONFIRMED,0,NONE,,Hình nền đen có logo Phượt & Xe và lời mời tham gia nhóm,C:\HCMUT\Projects\HACKATHON\2nd_URA\images\priv_d_0293.jpg
priv_d_0294,priv_d_0294.jpg,NO (Positive FMCG),CONFIRMED,0,NONE,Ảnh chụp thực tế hai chai sữa rửa mặt tạo bọt Tơ Tằm Cỏ Mềm Home Lab,Hai chai sữa rửa mặt tạo bọt Tơ Tằm thiên nhiên của thương hiệu Cỏ Mềm Home Lab,C:\HCMUT\Projects\HACKATHON\2nd_URA\images\priv_d_0294.jpg
priv_d_0295,priv_d_0295.jpg,YES (Empty Target),CONFIRMED,0,NONE,,Ảnh chụp con đường vắng và giỏ rau củ để bên lề đường,C:\HCMUT\Projects\HACKATHON\2nd_URA\images\priv_d_0295.jpg
priv_d_0296,priv_d_0296.jpg,NO (Positive FMCG),CONFIRMED,0,NONE,Ảnh chụp thực tế bịch bỉm Gooby Extra x2.5 DRY POWER size M 50 miếng,Bịch tã bỉm cho bé Gooby Extra Dry Power size M 50 miếng cùng hai hộp thủy tinh,C:\HCMUT\Projects\HACKATHON\2nd_URA\images\priv_d_0296.jpg
priv_d_0297,priv_d_0297.jpg,NO (Positive FMCG),CONFIRMED,0,NONE,Ảnh chụp thực tế chai sữa rửa mặt Cetaphil Gentle Skin Cleanser 473ml,Chai sữa rửa mặt Cetaphil Gentle Skin Cleanser dung tích 473ml trên tay,C:\HCMUT\Projects\HACKATHON\2nd_URA\images\priv_d_0297.jpg
priv_d_0298,priv_d_0298.jpg,YES (Empty Target),CONFIRMED,0,NONE,,Giao diện trò chơi mô phỏng thời trang và tính năng tái chế đồ ảo,C:\HCMUT\Projects\HACKATHON\2nd_URA\images\priv_d_0298.jpg
priv_d_0299,priv_d_0299.jpg,YES (Empty Target),CONFIRMED,0,NONE,,Bộ củ sạc và dây cáp sạc điện thoại thoại màu hồng cầm trước bụi hoa dại,C:\HCMUT\Projects\HACKATHON\2nd_URA\images\priv_d_0299.jpg
priv_d_0300,priv_d_0300.jpg,YES (Empty Target),CONFIRMED,0,NONE,,Màn hình máy siêu âm hiển thị kết quả chẩn đoán hình ảnh tế bào học u tuyến vú,C:\HCMUT\Projects\HACKATHON\2nd_URA\images\priv_d_0300.jpg
priv_d_0301,priv_d_0301.jpg,YES (Empty Target),CONFIRMED,0,NONE,,Can phân bón kích rễ Phát Rễ Amino 1 lít đặt dưới gốc cây trong vườn cùng văn bản hướng dẫn sử dụng.,C:\HCMUT\Projects\HACKATHON\2nd_URA\images\priv_d_0301.jpg
priv_d_0302,priv_d_0302.jpg,YES (Empty Target),CONFIRMED,0,NONE,,Ảnh chụp cảnh người dân đi xe máy xếp hàng tại trạm xăng ở Hà Nội kèm chú thích tin tức.,C:\HCMUT\Projects\HACKATHON\2nd_URA\images\priv_d_0302.jpg
priv_d_0303,priv_d_0303.jpg,NO (Positive FMCG),CONFIRMED,0,NONE,Ảnh chụp các bịch tã bỉm Molfix xếp chồng trên ghế gỗ kèm thông tin khuyến mãi tặng gấu bông và xe chòi,Nhiều gói tã bỉm trẻ em thương hiệu Molfix bao bì màu xanh lá cây xếp chồng trên ghế bập bênh bằng gỗ cùng thông tin quà tặng.,C:\HCMUT\Projects\HACKATHON\2nd_URA\images\priv_d_0303.jpg
priv_d_0304,priv_d_0304.jpg,NO (Positive FMCG),REPAIRED,5,BRAND_PRODUCT_INTEGRITY,Ảnh chụp tuýp gel rửa mặt The Cafuné Ginger Gel Cleanser chiết xuất gừng cầm trên tay,Bàn tay cầm tuýp gel rửa mặt màu nâu vàng trong suốt The Cafuné Ginger Gel Cleanser trên nền phong cảnh đồ họa.,C:\HCMUT\Projects\HACKATHON\2nd_URA\images\priv_d_0304.jpg
priv_d_0305,priv_d_0305.jpg,YES (Empty Target),CONFIRMED,0,NONE,,Hình ảnh quảng cáo các củ sạc và pin sạc dự phòng điện thoại đặt trên bệ kính tại đỉnh núi.,C:\HCMUT\Projects\HACKATHON\2nd_URA\images\priv_d_0305.jpg
priv_d_0306,priv_d_0306.jpg,YES (Empty Target),CONFIRMED,0,NONE,,Nữ bác sĩ đeo khẩu trang y tế tư vấn sức khỏe kèm hình ảnh minh họa ba lọ dưa cà muối tự làm.,C:\HCMUT\Projects\HACKATHON\2nd_URA\images\priv_d_0306.jpg
priv_d_0307,priv_d_0307.jpg,YES (Empty Target),CONFIRMED,0,NONE,,Bàn tay cầm chiếc vòng ngọc bích cẩm thạch trong không gian quán cà phê.,C:\HCMUT\Projects\HACKATHON\2nd_URA\images\priv_d_0307.jpg
priv_d_0308,priv_d_0308.jpg,NO (Positive FMCG),CONFIRMED,0,NONE,Ảnh cận cảnh hũ kem dưỡng mắt La Mer The Rejuvenating Eye Cream màu xanh ngọc nắp bạc,Hũ kem mắt cao cấp La Mer The Rejuvenating Eye Cream vỏ xanh lục đậm ánh kim nắp bạc kim loại kèm thìa múc kem.,C:\HCMUT\Projects\HACKATHON\2nd_URA\images\priv_d_0308.jpg
priv_d_0309,priv_d_0309.jpg,NO (Positive FMCG),CONFIRMED,0,NONE,Ảnh chụp chai dầu dưỡng thể Body Oil nắp bạc cầm trên tay cạnh mô hình Patrick Star,Bàn tay cầm chai dầu dưỡng thể Body Oil 100% Organic For Skin thân trong suốt nắp mạ bạc đặt cạnh mô hình nhân vật hoạt hình Patrick Star.,C:\HCMUT\Projects\HACKATHON\2nd_URA\images\priv_d_0309.jpg
priv_d_0310,priv_d_0310.jpg,NO (Positive FMCG),CONFIRMED,0,NONE,Ảnh chụp 4 gói mì dao cắt Sơn Tây Jinmailang hương vị thịt kho bao bì màu vàng đặt trên bàn,Bốn gói mì ăn liền dao cắt Sơn Tây Jinmailang vỏ vàng đặt trên bàn cạnh các vật trang trí anime.,C:\HCMUT\Projects\HACKATHON\2nd_URA\images\priv_d_0310.jpg
priv_d_0311,priv_d_0311.jpg,NO (Positive FMCG),CONFIRMED,0,NONE,Banner thông tin Thư Viện Pháp Luật về việc thu hồi sản phẩm sữa tắm X-Men For Boss Intense và nước rửa tay Botanika,Đồ họa tin tức nền cam gạch đỏ hiển thị chai nước rửa tay Botanika và chai sữa tắm nam X-Men For Boss Intense.,C:\HCMUT\Projects\HACKATHON\2nd_URA\images\priv_d_0311.jpg
priv_d_0312,priv_d_0312.jpg,NO (Positive FMCG),CONFIRMED,0,NONE,Ảnh chụp bịch tã bỉm trẻ em Jolie Soft Care Baby Diapers size M 50 miếng đặt trên nền gạch,Bịch tã dán em bé Jolie Soft Care Baby Diapers in hình chú cừu màu tím và trắng đặt trên sàn nhà.,C:\HCMUT\Projects\HACKATHON\2nd_URA\images\priv_d_0312.jpg
priv_d_0313,priv_d_0313.jpg,NO (Positive FMCG),CONFIRMED,0,NONE,Ảnh chụp các thùng sữa bột VitaDairy ColosBaby Gold 0+ Vị Thanh Nhạt xếp chồng trong cửa hàng,Các thùng carton sữa bột dinh dưỡng VitaDairy ColosBaby Gold 0+ Vị Thanh Nhạt xếp thành từng hàng sát tường.,C:\HCMUT\Projects\HACKATHON\2nd_URA\images\priv_d_0313.jpg
priv_d_0314,priv_d_0314.jpg,NO (Positive FMCG),CONFIRMED,0,NONE,Ảnh chụp các thùng sữa đặc có đường Ông Thọ xếp chồng cùng các bình ủ và hộp sữa tươi Vinamilk,Chồng thùng carton sữa đặc Vinamilk Ông Thọ Cao Cấp cùng các bình ủ đá màu đỏ và hộp sữa tươi đặt trên sàn.,C:\HCMUT\Projects\HACKATHON\2nd_URA\images\priv_d_0314.jpg
priv_d_0315,priv_d_0315.jpg,NO (Positive FMCG),CONFIRMED,0,NONE,Ảnh chụp chai kem dưỡng ẩm Paula's Choice Peptide Pro-Collagen Peptide Plumping Moisturizer 50ml trên tay tại kệ mỹ phẩm,Bàn tay cầm lọ kem dưỡng ẩm chống lão hóa Paula's Choice Peptide Pro-Collagen Peptide Plumping Moisturizer vỏ hồng tím trước kệ hàng hóa mỹ phẩm.,C:\HCMUT\Projects\HACKATHON\2nd_URA\images\priv_d_0315.jpg
priv_d_0316,priv_d_0316.jpg,NO (Positive FMCG),CONFIRMED,0,NONE,Ảnh chụp chai gel rửa mặt SVR Sebiaclear Gel Moussant 400ml màu xanh lá cầm trên tay,Bàn tay cầm chai gel rửa mặt giảm mụn SVR Sebiaclear Gel Moussant dạng vòi xịt chai nhựa xanh lá cây trong suốt.,C:\HCMUT\Projects\HACKATHON\2nd_URA\images\priv_d_0316.jpg
priv_d_0317,priv_d_0317.jpg,YES (Empty Target),CONFIRMED,0,NONE,,Banner đồ họa tuyển dụng công nhân của nhà máy Nidec Sankyo Vietnam Corporation tại Quận 9.,C:\HCMUT\Projects\HACKATHON\2nd_URA\images\priv_d_0317.jpg
priv_d_0318,priv_d_0318.jpg,YES (Empty Target),CONFIRMED,0,NONE,,Ảnh chụp màn hình biểu đồ nến phân tích biến động giá vàng thế giới XAUUSD.,C:\HCMUT\Projects\HACKATHON\2nd_URA\images\priv_d_0318.jpg
priv_d_0319,priv_d_0319.jpg,NO (Positive FMCG),CONFIRMED,0,NONE,Ảnh chụp bánh xà bông và vỏ hộp xà bông Soritox Repair Soap 100gr cầm trên tay,Bàn tay cầm bánh xà bông thảo dược màu nâu đen cùng vỏ hộp giấy Soritox Repair Soap 100gr in hình lá thảo mộc.,C:\HCMUT\Projects\HACKATHON\2nd_URA\images\priv_d_0319.jpg
priv_d_0320,priv_d_0320.jpg,YES (Empty Target),CONFIRMED,0,NONE,,Đồ họa y tế 3D minh họa cấu trúc tế bào và thuốc điều trị ung thư amivantamab của Bệnh viện Phương Đông.,C:\HCMUT\Projects\HACKATHON\2nd_URA\images\priv_d_0320.jpg
priv_d_0321,priv_d_0321.jpg,YES (Empty Target),CONFIRMED,0,NONE,,Chiếc vali kéo du lịch màu xanh ngọc nhạt kích cỡ 24 inch đặt trên nền gạch trắng.,C:\HCMUT\Projects\HACKATHON\2nd_URA\images\priv_d_0321.jpg
priv_d_0322,priv_d_0322.jpg,NO (Positive FMCG),CONFIRMED,0,NONE,Ảnh chụp hộp siro bổ sung kẽm cho bé ST ZinC Kids Kẽm Gluconate cầm trên tay,Bàn tay cầm hộp thực phẩm bảo vệ sức khỏe ST ZinC Kids Kẽm Gluconate hỗ trợ tăng cường sức đề kháng và ăn ngon cho trẻ em.,C:\HCMUT\Projects\HACKATHON\2nd_URA\images\priv_d_0322.jpg
priv_d_0323,priv_d_0323.jpg,YES (Empty Target),CONFIRMED,0,NONE,,Hai tô giấy đựng thức ăn vặt xúc xích chả viên và hai ly trà giải khát đặt trên bàn tròn ngoài trời.,C:\HCMUT\Projects\HACKATHON\2nd_URA\images\priv_d_0323.jpg
priv_d_0324,priv_d_0324.jpg,NO (Positive FMCG),CONFIRMED,0,NONE,Ảnh chụp hộp serum dưỡng da đầu và tóc Bio-Placental Scalp Serum cầm trên tay,Bàn tay cầm hộp giấy serum dưỡng da đầu và nang tóc Bio-Placental Scalp Serum màu trắng viền xanh lá cây.,C:\HCMUT\Projects\HACKATHON\2nd_URA\images\priv_d_0324.jpg
priv_d_0325,priv_d_0325.jpg,YES (Empty Target),CONFIRMED,0,NONE,,Ảnh chụp màn hình video Beatvn ghi lại cảnh người thân chăm sóc bệnh nhân trong phòng bệnh viện.,C:\HCMUT\Projects\HACKATHON\2nd_URA\images\priv_d_0325.jpg
priv_d_0326,priv_d_0326.jpg,NO (Positive FMCG),CONFIRMED,0,NONE,Ảnh chụp tuýp sữa rửa mặt Hada Labo Advanced Nourish Hyaluronic Acid Cleanser cầm trên tay cạnh bình hoa tulip,Bàn tay cầm tuýp kem rửa mặt dưỡng ẩm chuyên sâu Hada Labo Advanced Nourish màu trắng xanh bên cạnh bình hoa tulip trang trí.,C:\HCMUT\Projects\HACKATHON\2nd_URA\images\priv_d_0326.jpg
priv_d_0327,priv_d_0327.jpg,NO (Positive FMCG),CONFIRMED,0,NONE,Ảnh chụp tô bún nước tương gồm chả đậu hũ dưa leo rau sống và các chai nước tương ăn bún,"Tô bún nước tương nhiều màu sắc với chả lụa, đậu rán, dưa chuột và rau sống kèm các chai nước tương ăn bún ở phía sau.",C:\HCMUT\Projects\HACKATHON\2nd_URA\images\priv_d_0327.jpg
priv_d_0328,priv_d_0328.jpg,YES (Empty Target),CONFIRMED,0,NONE,,Ảnh chụp màn hình nhân vật game Roblox đội mũ và tai nghe kèm câu chữ meme hài hước.,C:\HCMUT\Projects\HACKATHON\2nd_URA\images\priv_d_0328.jpg
priv_d_0329,priv_d_0329.jpg,YES (Empty Target),CONFIRMED,0,NONE,,Bàn tay cầm chiếc ốp lưng điện thoại trong suốt in họa tiết hoạt hình mèo Hello Kitty.,C:\HCMUT\Projects\HACKATHON\2nd_URA\images\priv_d_0329.jpg
priv_d_0330,priv_d_0330.jpg,YES (Empty Target),CONFIRMED,0,NONE,,Mặt bàn gỗ trong cửa hàng bán lẻ kèm chữ đồ họa đè trên màn hình không có sản phẩm rõ nét.,C:\HCMUT\Projects\HACKATHON\2nd_URA\images\priv_d_0330.jpg
priv_d_0331,priv_d_0331.jpg,YES (Empty Target),CONFIRMED,0,NONE,,Người phụ nữ đứng tập luyện cạnh dụng cụ máy tập cơ bụng đa năng trong phòng khách.,C:\HCMUT\Projects\HACKATHON\2nd_URA\images\priv_d_0331.jpg
priv_d_0332,priv_d_0332.jpg,NO (Positive FMCG),CONFIRMED,0,NONE,Ảnh chụp vỏ hộp tinh chất dưỡng da Dr. Belmeur Daily Repair Cream In Ampoule cầm trên tay,Bàn tay cầm vỏ hộp giấy sản phẩm dưỡng da Dr. Belmeur Daily Repair Cream In Ampoule màu trắng trên nền sáng.,C:\HCMUT\Projects\HACKATHON\2nd_URA\images\priv_d_0332.jpg
priv_d_0333,priv_d_0333.jpg,YES (Empty Target),CONFIRMED,0,NONE,,Kệ gỗ nhiều tầng xếp các hũ thủy tinh nuôi cá cảnh trong không gian trại cá.,C:\HCMUT\Projects\HACKATHON\2nd_URA\images\priv_d_0333.jpg
priv_d_0334,priv_d_0334.jpg,YES (Empty Target),CONFIRMED,0,NONE,,Bàn làm việc với màn hình máy tính và laptop hiển thị hình nền đồ họa anime.,C:\HCMUT\Projects\HACKATHON\2nd_URA\images\priv_d_0334.jpg
priv_d_0335,priv_d_0335.jpg,YES (Empty Target),CONFIRMED,0,NONE,,Các hộp nhựa và hũ thủy tinh chứa sấu ngâm mắm tỏi ớt tự làm tại nhà đặt trên mặt bàn bếp.,C:\HCMUT\Projects\HACKATHON\2nd_URA\images\priv_d_0335.jpg
priv_d_0336,priv_d_0336.jpg,YES (Empty Target),CONFIRMED,0,NONE,,Khung cảnh cung đường đèo vùng đồi núi Gia Lai dưới bầu trời hoàng hôn.,C:\HCMUT\Projects\HACKATHON\2nd_URA\images\priv_d_0336.jpg
priv_d_0337,priv_d_0337.jpg,NO (Positive FMCG),CONFIRMED,0,NONE,Ảnh chụp hộp nhang hương trầm bắc Hương Trầm Minh Khang loại đặc biệt màu xanh lá cây,Hộp nhang trầm bắc Hương Trầm Minh Khang loại đặc biệt màu xanh lá cây đậm ánh vàng để lộ các nén nhang vàng bên trong.,C:\HCMUT\Projects\HACKATHON\2nd_URA\images\priv_d_0337.jpg
priv_d_0338,priv_d_0338.jpg,YES (Empty Target),CONFIRMED,0,NONE,,Ảnh tư liệu chụp khung cảnh sinh hoạt trước cổng trường Ngô Quyền kèm đồng hồ cổ điển.,C:\HCMUT\Projects\HACKATHON\2nd_URA\images\priv_d_0338.jpg
priv_d_0339,priv_d_0339.jpg,YES (Empty Target),CONFIRMED,0,NONE,,Người mẫu nữ thử chiếc đầm liền màu đen phối ren trắng cổ khoét sâu trong phòng chụp đồ.,C:\HCMUT\Projects\HACKATHON\2nd_URA\images\priv_d_0339.jpg
priv_d_0340,priv_d_0340.jpg,YES (Empty Target),CONFIRMED,0,NONE,,Video clip đen trắng mờ ghi lại hình ảnh người lao động ngoài trời kèm câu chữ tâm trạng.,C:\HCMUT\Projects\HACKATHON\2nd_URA\images\priv_d_0340.jpg
priv_d_0341,priv_d_0341.jpg,NO (Positive FMCG),CONFIRMED,0,NONE,Ảnh chụp tuýp và vỏ hộp kem dưỡng ẩm mềm da cho bé Kutieskin 30g màu xanh dương,Tuýp kem và hộp giấy kem dưỡng ẩm làm mềm da cho bé Kutieskin 30g màu xanh dương in hình chú cáo hoạt hình.,C:\HCMUT\Projects\HACKATHON\2nd_URA\images\priv_d_0341.jpg
priv_d_0342,priv_d_0342.jpg,YES (Empty Target),CONFIRMED,0,NONE,,Ảnh làm mờ bác sĩ ngồi tư vấn khám bệnh kèm văn bản cảnh báo bệnh lý đường hô hấp.,C:\HCMUT\Projects\HACKATHON\2nd_URA\images\priv_d_0342.jpg
priv_d_0343,priv_d_0343.jpg,YES (Empty Target),CONFIRMED,0,NONE,,Trích đoạn phim cổ trang quay cận cảnh đôi chân mang giày vải cổ truyền bước trên nền đất đầy lá khô.,C:\HCMUT\Projects\HACKATHON\2nd_URA\images\priv_d_0343.jpg
priv_d_0344,priv_d_0344.jpg,NO (Positive FMCG),CONFIRMED,0,NONE,Ảnh chụp lon sữa bột VitaDairy ColosBaby Lactoferrin 0+ màu vàng nhạt cầm trên tay,Bàn tay cầm lon sữa bột dinh dưỡng công thức VitaDairy ColosBaby Lactoferrin 0+ vỏ màu xanh vàng nắp vàng kim.,C:\HCMUT\Projects\HACKATHON\2nd_URA\images\priv_d_0344.jpg
priv_d_0345,priv_d_0345.jpg,YES (Empty Target),CONFIRMED,0,NONE,,Bàn tay cầm chiếc loa bluetooth mini thiết kế kiểu túi xách nhỏ màu trắng có mặt hoa màu xanh.,C:\HCMUT\Projects\HACKATHON\2nd_URA\images\priv_d_0345.jpg
priv_d_0346,priv_d_0346.jpg,NO (Positive FMCG),CONFIRMED,0,NONE,Ảnh chụp gói hạt nêm rau củ Fuja foods cầm trên tay,Bàn tay cầm gói gia vị Hạt Nêm Rau Củ thương hiệu Fuja foods bao bì màu xanh lá in hình bát canh hầm rau củ.,C:\HCMUT\Projects\HACKATHON\2nd_URA\images\priv_d_0346.jpg
priv_d_0347,priv_d_0347.jpg,YES (Empty Target),CONFIRMED,0,NONE,,Khay nhựa đen đựng món ăn vặt chân gà rút xương trộn cóc xoài không có nhãn hiệu tại quầy chế biến.,C:\HCMUT\Projects\HACKATHON\2nd_URA\images\priv_d_0347.jpg
priv_d_0348,priv_d_0348.jpg,NO (Positive FMCG),CONFIRMED,0,NONE,Banner tin tức báo chí về việc thu hồi sản phẩm sữa tắm nước hoa nam X-Men For Boss Intense,Ảnh đồ họa tin tức báo chí Hà Nội News và bài báo thu hồi sản phẩm sữa tắm nam Xmen For Boss Intense.,C:\HCMUT\Projects\HACKATHON\2nd_URA\images\priv_d_0348.jpg
priv_d_0349,priv_d_0349.jpg,YES (Empty Target),CONFIRMED,0,NONE,,Ảnh chụp màn hình bản tin an ninh trật tự nền đỏ của trang tin BHT Digital.,C:\HCMUT\Projects\HACKATHON\2nd_URA\images\priv_d_0349.jpg
priv_d_0350,priv_d_0350.jpg,YES (Empty Target),CONFIRMED,0,NONE,,Ảnh chụp cận cảnh mái tóc bết dầu của người phụ nữ kèm văn bản giới thiệu sản phẩm chăm sóc tóc.,C:\HCMUT\Projects\HACKATHON\2nd_URA\images\priv_d_0350.jpg
priv_d_0351,priv_d_0351.jpg,YES (Empty Target),CONFIRMED,0,None,,Ảnh chụp màn hình phóng sự thời sự VTV về vụ việc cơ sở sản xuất giá đỗ dùng chất cấm với các thùng nhựa màu xanh.,C:\HCMUT\Projects\HACKATHON\2nd_URA\images\priv_d_0351.jpg
priv_d_0352,priv_d_0352.jpg,YES (Empty Target),CONFIRMED,0,None,,Ảnh chụp ấm đun nước siêu tốc màu trắng của thương hiệu Bear đặt trên mặt bàn bếp kèm văn bản giới thiệu.,C:\HCMUT\Projects\HACKATHON\2nd_URA\images\priv_d_0352.jpg
priv_d_0353,priv_d_0353.jpg,YES (Empty Target),CONFIRMED,0,None,,Ảnh chụp băng rôn tuyên truyền màu đỏ treo trên cổng sắt thông báo điểm uống Vitamin A cho trẻ em.,C:\HCMUT\Projects\HACKATHON\2nd_URA\images\priv_d_0353.jpg
priv_d_0354,priv_d_0354.jpg,YES (Empty Target),CONFIRMED,0,None,,Ảnh chụp bộ cây lau nhà tự vắt thông minh và thùng chứa nước cùng vỏ hộp thương hiệu Kitimop.,C:\HCMUT\Projects\HACKATHON\2nd_URA\images\priv_d_0354.jpg
priv_d_0355,priv_d_0355.jpg,YES (Empty Target),CONFIRMED,0,None,,"Ảnh chụp ấm đun siêu tốc màu xanh ngọc thương hiệu GUGKDD dung tích 2,5 lít được cầm trên tay ở ngoài trời.",C:\HCMUT\Projects\HACKATHON\2nd_URA\images\priv_d_0355.jpg
priv_d_0356,priv_d_0356.jpg,NO (Positive FMCG),CONFIRMED,0,None,Ảnh chụp cận cảnh hộp sữa tươi công thức Nutifood Värna life hỗ trợ xương khớp chắc khỏe đang được mở nắp,Ảnh chụp cận cảnh hộp sữa tươi công thức Nutifood Värna life màu trắng xanh hỗ trợ xương khớp chắc khỏe đang được mở nắp trên tay.,C:\HCMUT\Projects\HACKATHON\2nd_URA\images\priv_d_0356.jpg
priv_d_0357,priv_d_0357.jpg,YES (Empty Target),CONFIRMED,0,None,,Hình ảnh slide thuyết trình về lợi nhuận và rủi ro danh mục đầu tư kèm các biểu tượng tài chính và đồ thị.,C:\HCMUT\Projects\HACKATHON\2nd_URA\images\priv_d_0357.jpg
priv_d_0358,priv_d_0358.jpg,NO (Positive FMCG),CONFIRMED,0,None,Ảnh đồ họa hướng dẫn chu trình chăm sóc da khô gồm 4 bước với bộ mỹ phẩm dưỡng da Klairs,"Hình ảnh infographic hướng dẫn 4 bước chăm sóc da khô gồm làm sạch, cân bằng độ pH, cấp ẩm tầng sâu và duy trì độ ẩm bằng các sản phẩm chăm sóc da Klairs.",C:\HCMUT\Projects\HACKATHON\2nd_URA\images\priv_d_0358.jpg
priv_d_0359,priv_d_0359.jpg,NO (Positive FMCG),CONFIRMED,0,None,Ảnh chụp thực tế hộp và chai siro nhỏ giọt LineaBon K2+D3 10ml bổ sung vitamin cho trẻ nhỏ,Ảnh chụp một tay cầm hộp và chai siro nhỏ giọt LineaBon K2+D3 dung tích 10ml trước tủ đồ chơi trẻ em.,C:\HCMUT\Projects\HACKATHON\2nd_URA\images\priv_d_0359.jpg
priv_d_0360,priv_d_0360.jpg,YES (Empty Target),CONFIRMED,0,None,,Ảnh chụp cảnh đường phố ban đêm nhìn qua kính chắn gió ô tô kèm đoạn văn bản trích dẫn chiêm nghiệm cuộc sống.,C:\HCMUT\Projects\HACKATHON\2nd_URA\images\priv_d_0360.jpg
priv_d_0361,priv_d_0361.jpg,YES (Empty Target),CONFIRMED,0,None,,Ảnh chụp kết quả siêu âm thai nhi tuần thứ 26 kèm các dòng chữ chia sẻ nhật ký mang thai của mẹ bầu.,C:\HCMUT\Projects\HACKATHON\2nd_URA\images\priv_d_0361.jpg
priv_d_0362,priv_d_0362.jpg,YES (Empty Target),CONFIRMED,0,None,,Ảnh chụp từ camera giám sát toàn cảnh tiệm làm móng với thợ nail và khách hàng kèm dòng chữ chia sẻ thu nhập.,C:\HCMUT\Projects\HACKATHON\2nd_URA\images\priv_d_0362.jpg
priv_d_0363,priv_d_0363.jpg,YES (Empty Target),CONFIRMED,0,None,,Ảnh chụp cận cảnh cục nóng máy lạnh Mitsubishi Heavy Industries Heavy Duty Inverter trước khi vệ sinh bảo dưỡng.,C:\HCMUT\Projects\HACKATHON\2nd_URA\images\priv_d_0363.jpg
priv_d_0364,priv_d_0364.jpg,NO (Positive FMCG),CONFIRMED,0,None,Banner quảng cáo bột khử mùi Thái Dương Longtime chiết xuất tinh dầu ngải cứu kèm quà tặng tuýp dầu gội dược liệu Thái Dương 7+,Banner quảng cáo sản phẩm bột khử mùi thảo dược Longtime chiết xuất ngải cứu của Thái Dương hộp 18g tặng kèm dầu gội dược liệu Thái Dương 7+.,C:\HCMUT\Projects\HACKATHON\2nd_URA\images\priv_d_0364.jpg
priv_d_0365,priv_d_0365.jpg,YES (Empty Target),CONFIRMED,0,None,,Ảnh chụp những cây bút chì gỗ màu ombre tím trắng trên bàn học kèm dòng chữ bút chì ombre cho 2k8 đi thi.,C:\HCMUT\Projects\HACKATHON\2nd_URA\images\priv_d_0365.jpg
priv_d_0366,priv_d_0366.jpg,YES (Empty Target),CONFIRMED,0,None,,Ảnh chụp khung cảnh bên trong nhà xưởng sản xuất công nghiệp với các thiết bị máy móc và công nhân làm việc.,C:\HCMUT\Projects\HACKATHON\2nd_URA\images\priv_d_0366.jpg
priv_d_0367,priv_d_0367.jpg,YES (Empty Target),CONFIRMED,0,None,,Ảnh chụp công nhân đang làm việc bên máy móc tại xưởng sản xuất giày da ở Bình Dương kèm thông báo đào tạo nghề.,C:\HCMUT\Projects\HACKATHON\2nd_URA\images\priv_d_0367.jpg
priv_d_0368,priv_d_0368.jpg,NO (Positive FMCG),CONFIRMED,0,None,Ảnh chụp thực tế hai chai nước vệ sinh giày Sneaker dạng đầu cọ tạo bọt cầm trên tay tại bãi biển,Ảnh chụp bàn tay cầm hai chai dung dịch vệ sinh giày trắng dạng vòi xịt tạo bọt Sneaker 100g tại bãi biển kèm chữ quảng cáo giảm giá.,C:\HCMUT\Projects\HACKATHON\2nd_URA\images\priv_d_0368.jpg
priv_d_0369,priv_d_0369.jpg,NO (Positive FMCG),CONFIRMED,0,None,"Ảnh chụp cận cảnh lon sữa bột Abbott PediaSure PeptiGro hương vani 1,6kg cho trẻ từ 1-10 tuổi","Ảnh chụp lon sữa bột Abbott PediaSure PeptiGro hương vani ít ngọt khối lượng 1,6kg giúp tăng trưởng chiều cao và cân nặng.",C:\HCMUT\Projects\HACKATHON\2nd_URA\images\priv_d_0369.jpg
priv_d_0370,priv_d_0370.jpg,YES (Empty Target),CONFIRMED,0,None,,"Ảnh chụp chiếc giá sách nhỏ để bàn bằng gỗ chứa các cuốn sách, sổ tay và khay đựng bút trên bàn học.",C:\HCMUT\Projects\HACKATHON\2nd_URA\images\priv_d_0370.jpg
priv_d_0371,priv_d_0371.jpg,NO (Positive FMCG),CONFIRMED,0,None,Ảnh chụp thực tế hộp sữa pha sẵn Nutifood Sweden GrowPLUS+ bạc ít ngọt 110ml cầm trên tay kèm ảnh chụp màn hình ưu đãi sàn thương mại,Ảnh chụp bàn tay cầm hộp sữa dinh dưỡng pha sẵn Nutifood Sweden GrowPLUS+ FDI 110ml trước bó hoa sáp kèm hình ưu đãi Shopee.,C:\HCMUT\Projects\HACKATHON\2nd_URA\images\priv_d_0371.jpg
priv_d_0372,priv_d_0372.jpg,YES (Empty Target),CONFIRMED,0,None,,Hình ảnh màn hình đen hoàn toàn kèm đoạn văn bản ngắn mang nội dung hài hước.,C:\HCMUT\Projects\HACKATHON\2nd_URA\images\priv_d_0372.jpg
priv_d_0373,priv_d_0373.jpg,YES (Empty Target),CONFIRMED,0,None,,Ảnh chụp màn hình bản tin chính sách pháp luật LuatVietnam về mức hỗ trợ cho nhân viên y tế thôn tổ dân phố.,C:\HCMUT\Projects\HACKATHON\2nd_URA\images\priv_d_0373.jpg
priv_d_0374,priv_d_0374.jpg,YES (Empty Target),CONFIRMED,0,None,,Ảnh chụp màn hình bản tin thể thao 24h đưa tin về streamer iShowSpeed cùng cảnh các quả bóng đá đặt trên giường ngủ.,C:\HCMUT\Projects\HACKATHON\2nd_URA\images\priv_d_0374.jpg
priv_d_0375,priv_d_0375.jpg,NO (Positive FMCG),CONFIRMED,0,None,Ảnh chụp thực tế hai lọ thực phẩm chức năng General Balance Calcium Magnesium và General Balance Plant Based MSM đặt trên nền vải nhung xanh,Ảnh chụp hai lọ thực phẩm bổ sung bảo vệ sức khỏe General Balance của Hàn Quốc gồm Canxi Magie và MSM nguồn gốc thực vật trên nền vải nhung xanh.,C:\HCMUT\Projects\HACKATHON\2nd_URA\images\priv_d_0375.jpg
priv_d_0376,priv_d_0376.jpg,NO (Positive FMCG),CONFIRMED,0,None,Ảnh chụp bát bột ăn dặm HiPP Semolina bí đỏ đang được khuấy bằng thìa bên cạnh vỏ hộp HiPP,"Ảnh chụp bát thủy tinh đựng bột ăn dặm trẻ em màu vàng nấu cùng bí đỏ đang được dùng thìa khuấy đều, phía sau là hộp bột HiPP Milk & Cereal Semolina.",C:\HCMUT\Projects\HACKATHON\2nd_URA\images\priv_d_0376.jpg
priv_d_0377,priv_d_0377.jpg,NO (Positive FMCG),CONFIRMED,0,None,Ảnh chụp cận cảnh tuýp sữa rửa mặt tạo bọt đất sét Nivea Pearl Bright Microbubbles 5 in 1 cầm trên tay tại kệ hàng,Ảnh chụp cận cảnh tuýp sữa rửa mặt dưỡng sáng Nivea Pearl Bright Microbubbles Deep Clean Clay Foam không cồn được cầm trên tay trước kệ hàng siêu thị.,C:\HCMUT\Projects\HACKATHON\2nd_URA\images\priv_d_0377.jpg
priv_d_0378,priv_d_0378.jpg,YES (Empty Target),CONFIRMED,0,None,,Ảnh chụp không gian nội thất phòng bếp hiện đại với tủ bếp inox 304 và người phụ nữ đang kéo ngăn kệ đựng gia vị.,C:\HCMUT\Projects\HACKATHON\2nd_URA\images\priv_d_0378.jpg
priv_d_0379,priv_d_0379.jpg,YES (Empty Target),CONFIRMED,0,None,,Ảnh chụp màn hình hội nghị điều hành của Phó Thủ tướng về quản lý nguồn cung và phân phối xăng sinh học E10.,C:\HCMUT\Projects\HACKATHON\2nd_URA\images\priv_d_0379.jpg
priv_d_0380,priv_d_0380.jpg,YES (Empty Target),CONFIRMED,0,None,,Ảnh chụp bàn tay cầm vỉ sản phẩm dụng cụ cào gãi lưng cầm tay Kingcraft trên mặt bàn nhựa màu tím.,C:\HCMUT\Projects\HACKATHON\2nd_URA\images\priv_d_0380.jpg
priv_d_0381,priv_d_0381.jpg,YES (Empty Target),CONFIRMED,0,None,,Hình ảnh nền đen với dòng chữ nhắc nhở người xem đọc caption trước khi bình luận.,C:\HCMUT\Projects\HACKATHON\2nd_URA\images\priv_d_0381.jpg
priv_d_0382,priv_d_0382.jpg,NO (Positive FMCG),CONFIRMED,0,None,Ảnh chụp thực tế hai tuýp sữa rửa mặt cấp ẩm Awsooyor Hyaluronic Acid Cleanser cầm trên tay,Ảnh chụp bàn tay cầm hai tuýp sữa rửa mặt tạo bọt mịn dưỡng ẩm Awsooyor Hyaluronic Acid Cleanser Deep Moist Healthy Glow trước màn hình máy tính.,C:\HCMUT\Projects\HACKATHON\2nd_URA\images\priv_d_0382.jpg
priv_d_0383,priv_d_0383.jpg,YES (Empty Target),CONFIRMED,0,None,,Ảnh chụp sản phẩm bộ đồ ngủ hai dây vải tole họa tiết kẻ caro hồng in hình chú cún kèm ảnh người mẫu mặc thử.,C:\HCMUT\Projects\HACKATHON\2nd_URA\images\priv_d_0383.jpg
priv_d_0384,priv_d_0384.jpg,YES (Empty Target),CONFIRMED,0,None,,Ảnh chụp khay bánh ngọt dân gian truyền thống tại quầy bánh vỉa hè kèm dòng phụ đề tranh luận về thói quen mua hàng.,C:\HCMUT\Projects\HACKATHON\2nd_URA\images\priv_d_0384.jpg
priv_d_0385,priv_d_0385.jpg,YES (Empty Target),CONFIRMED,0,None,,Ảnh chụp bộ sạc dự phòng đa năng Anker 165W cùng hộp đựng sản phẩm trên bàn làm việc bên cạnh bình hoa tulip vàng.,C:\HCMUT\Projects\HACKATHON\2nd_URA\images\priv_d_0385.jpg
priv_d_0386,priv_d_0386.jpg,NO (Positive FMCG),CONFIRMED,0,None,Ảnh chụp cận cảnh lon sữa bột Abbott Similac Total Protection 5-HMO đặt trên bàn,Ảnh chụp một bàn tay đặt trên nắp lon sữa bột Abbott Similac Total Protection chứa 5 loại HMO đặt trên bàn bên cạnh đồng hồ điện tử và đèn ngủ.,C:\HCMUT\Projects\HACKATHON\2nd_URA\images\priv_d_0386.jpg
priv_d_0387,priv_d_0387.jpg,YES (Empty Target),CONFIRMED,0,None,,Ảnh chụp màn hình bản tin 60 Money về phát hiện thuốc mới điều trị ung thư kèm hình ảnh minh họa tuyến tụy và chén đựng nhiều loại thuốc.,C:\HCMUT\Projects\HACKATHON\2nd_URA\images\priv_d_0387.jpg
priv_d_0388,priv_d_0388.jpg,YES (Empty Target),CONFIRMED,0,None,,Hình ảnh màn hình đen chứa nội dung văn bản kể câu chuyện ký tên kỷ niệm vào bình sữa.,C:\HCMUT\Projects\HACKATHON\2nd_URA\images\priv_d_0388.jpg
priv_d_0389,priv_d_0389.jpg,YES (Empty Target),CONFIRMED,0,None,,Ảnh chụp dàn heo đất tiết kiệm bằng gốm sứ nhiều kích thước và màu sắc cùng các tờ tiền mệnh giá 50.000 đồng trên tay.,C:\HCMUT\Projects\HACKATHON\2nd_URA\images\priv_d_0389.jpg
priv_d_0390,priv_d_0390.jpg,YES (Empty Target),CONFIRMED,0,None,,Ảnh chụp hai bàn tay đang mở nắp hộp giấy màu xanh lá khắc chữ kỷ niệm cột mốc 10.000 đơn hàng trên nền tảng Shopify của Mysticperfume.,C:\HCMUT\Projects\HACKATHON\2nd_URA\images\priv_d_0390.jpg
priv_d_0391,priv_d_0391.jpg,NO (Positive FMCG),CONFIRMED,0,None,Ảnh chụp thực tế tuýp sữa rửa mặt cám gạo Civic Rice Milk Cleansing Cream cầm trên tay,Ảnh chụp cận cảnh tuýp sữa rửa mặt mầm gạo Civic Rice Milk Cleansing Cream chứa vitamin collagen cầm trên tay kèm văn bản giới thiệu sản phẩm.,C:\HCMUT\Projects\HACKATHON\2nd_URA\images\priv_d_0391.jpg
priv_d_0392,priv_d_0392.jpg,YES (Empty Target),CONFIRMED,0,None,,Ảnh chụp bài đăng mạng xã hội Bánh Toom giải thích lý do cơ thể thèm các loại đồ ăn khác nhau trên nền ảnh game Minecraft.,C:\HCMUT\Projects\HACKATHON\2nd_URA\images\priv_d_0392.jpg
priv_d_0393,priv_d_0393.jpg,NO (Positive FMCG),CONFIRMED,0,None,Ảnh chụp thực tế hộp và chai siro nhỏ giọt Fitolabs D3&K2 bổ sung vitamin cho bé cầm trên tay ngoài trời,Ảnh chụp bàn tay cầm lọ nhỏ giọt và vỏ hộp thực phẩm bảo vệ sức khỏe Fitolabs D3&K2 cho trẻ em trước chậu cây cảnh ngoài trời.,C:\HCMUT\Projects\HACKATHON\2nd_URA\images\priv_d_0393.jpg
priv_d_0394,priv_d_0394.jpg,YES (Empty Target),CONFIRMED,0,None,,Ảnh chụp màn hình bản tin giải trí Afamily đưa tin về sự xuất hiện của hai nam diễn viên nổi tiếng giữa đám đông người hâm mộ.,C:\HCMUT\Projects\HACKATHON\2nd_URA\images\priv_d_0394.jpg
priv_d_0395,priv_d_0395.jpg,YES (Empty Target),CONFIRMED,0,None,,Ảnh chụp thân máy ảnh không gương lật Canon EOS R kèm ống kính RF 85mm f/2 cầm trên tay tại bàn quán nước.,C:\HCMUT\Projects\HACKATHON\2nd_URA\images\priv_d_0395.jpg
priv_d_0396,priv_d_0396.jpg,YES (Empty Target),CONFIRMED,0,None,,Ảnh chụp toàn cảnh khu vực sân đỗ tàu bay tại cảng hàng không với máy bay dân dụng và xe thang hành khách.,C:\HCMUT\Projects\HACKATHON\2nd_URA\images\priv_d_0396.jpg
priv_d_0397,priv_d_0397.jpg,YES (Empty Target),CONFIRMED,0,None,,Ảnh chụp bàn ăn uống tại quán nhậu với các món ăn và cốc bia kèm khung tin tức giới thiệu người thiết kế cốc bia hơi Hà Nội.,C:\HCMUT\Projects\HACKATHON\2nd_URA\images\priv_d_0397.jpg
priv_d_0398,priv_d_0398.jpg,YES (Empty Target),CONFIRMED,0,None,,Ảnh chụp màn hình phóng sự truyền hình CTV Cà Mau về ngày đầu mở bán xăng sinh học E10 tại trạm xăng dầu.,C:\HCMUT\Projects\HACKATHON\2nd_URA\images\priv_d_0398.jpg
priv_d_0399,priv_d_0399.jpg,YES (Empty Target),CONFIRMED,0,None,,Ảnh chụp màn hình công văn quản lý dược phẩm về việc thu hồi và đình chỉ lưu hành hơn 500 sản phẩm mỹ phẩm không đạt chuẩn.,C:\HCMUT\Projects\HACKATHON\2nd_URA\images\priv_d_0399.jpg
priv_d_0400,priv_d_0400.jpg,NO (Positive FMCG),CONFIRMED,0,None,Ảnh chụp thực tế vỉ viên uống hỗ trợ sinh lý Ngựa Thái màu xanh lá và vỏ hộp kim loại cầm trên tay,Ảnh chụp một bàn tay cầm vỉ viên nén màu xanh lá in chữ JNW và hộp kim loại màu xanh sẫm in hình chú ngựa của sản phẩm Ngựa Thái.,C:\HCMUT\Projects\HACKATHON\2nd_URA\images\priv_d_0400.jpg
