image_id,filename,relative_image_path,image_path,source_status,source_error_type,source_visual_description,source_gate,source_summary,final_gate,final_summary,reviewed,reviewer,note
priv_d_0001,priv_d_0001.jpg,../../images/priv_d_0001.jpg,C:\HCMUT\Projects\HACKATHON\2nd_URA\images\priv_d_0001.jpg,CONFIRMED,NONE,Ảnh chụp nhóm người đứng ngoài đường ban đêm kèm dòng chữ chia sẻ cá nhân.,ABSENT,,ABSENT,,TRUE,multi-agent-visual-audit,Automated three-agent visual audit; FMCG_ONLY policy; source report agent_0001_0133.json.
priv_d_0002,priv_d_0002.jpg,../../images/priv_d_0002.jpg,C:\HCMUT\Projects\HACKATHON\2nd_URA\images\priv_d_0002.jpg,CONFIRMED,NONE,Ảnh chụp thực tế hai chai uốn tóc SELiQUE Multi Olive 1 410g màu trắng nắp xanh lá trong xưởng/kho hàng.,PRESENT,Ảnh chụp thực tế hai chai thuốc uốn tóc Obsidian SELiQUE Multi Olive 1 dung tích 410g trên tay người cầm và các thùng hàng phía sau,PRESENT,Ảnh chụp thực tế hai chai thuốc uốn tóc Obsidian SELiQUE Multi Olive 1 dung tích 410g trên tay người cầm và các thùng hàng phía sau,TRUE,multi-agent-visual-audit,Automated three-agent visual audit; FMCG_ONLY policy; source report agent_0001_0133.json.
priv_d_0003,priv_d_0003.jpg,../../images/priv_d_0003.jpg,C:\HCMUT\Projects\HACKATHON\2nd_URA\images\priv_d_0003.jpg,CONFIRMED,NONE,Banner quảng cáo hai hũ smoothie tẩy da chết Dove hương hoa anh đào 298g với hoa anh đào và chất kem mịn.,PRESENT,Banner quảng cáo sản phẩm smoothie tẩy da chết Dove hương hoa anh đào gồm hai hũ 298g trên nền hồng,PRESENT,Banner quảng cáo sản phẩm smoothie tẩy da chết Dove hương hoa anh đào gồm hai hũ 298g trên nền hồng,TRUE,multi-agent-visual-audit,Automated three-agent visual audit; FMCG_ONLY policy; source report agent_0001_0133.json.
priv_d_0004,priv_d_0004.jpg,../../images/priv_d_0004.jpg,C:\HCMUT\Projects\HACKATHON\2nd_URA\images\priv_d_0004.jpg,CONFIRMED,NONE,Ảnh chụp 3 cây mascara Maybelline Hyper Curl Waterproof nắp tím ánh kim kèm hình minh họa đầu cọ và công dụng.,PRESENT,Ảnh giới thiệu ba cây mascara Maybelline New York Hyper Curl Waterproof đặt trên đĩa sứ kèm hình minh họa mắt chuốt mi,PRESENT,Ảnh giới thiệu ba cây mascara Maybelline New York Hyper Curl Waterproof đặt trên đĩa sứ kèm hình minh họa mắt chuốt mi,TRUE,multi-agent-visual-audit,Automated three-agent visual audit; FMCG_ONLY policy; source report agent_0001_0133.json.
priv_d_0005,priv_d_0005.jpg,../../images/priv_d_0005.jpg,C:\HCMUT\Projects\HACKATHON\2nd_URA\images\priv_d_0005.jpg,CONFIRMED,NONE,Ảnh thiết kế không gian nội thất phòng ngủ với giường nệm và bàn trang điểm tone màu be ấm.,ABSENT,,ABSENT,,TRUE,multi-agent-visual-audit,Automated three-agent visual audit; FMCG_ONLY policy; source report agent_0001_0133.json.
priv_d_0006,priv_d_0006.jpg,../../images/priv_d_0006.jpg,C:\HCMUT\Projects\HACKATHON\2nd_URA\images\priv_d_0006.jpg,CONFIRMED,NONE,Ảnh chụp nhiều khay bánh bao tạo hình con vật dễ thương nhân xúc xích và phô mai nướng tại tiệm LyLy Bakery.,PRESENT,Ảnh chụp các khay bánh bao tạo hình hoạt hình ngộ nghĩnh kẹp xúc xích và phô mai của tiệm LyLy Bakery,PRESENT,Ảnh chụp các khay bánh bao tạo hình hoạt hình ngộ nghĩnh kẹp xúc xích và phô mai của tiệm LyLy Bakery,TRUE,multi-agent-visual-audit,Automated three-agent visual audit; FMCG_ONLY policy; source report agent_0001_0133.json.
priv_d_0007,priv_d_0007.jpg,../../images/priv_d_0007.jpg,C:\HCMUT\Projects\HACKATHON\2nd_URA\images\priv_d_0007.jpg,CONFIRMED,NONE,Ảnh chụp cận cảnh tay người cầm hai cuốn sách truyện dày xếp chồng lên nhau.,ABSENT,,ABSENT,,TRUE,multi-agent-visual-audit,Automated three-agent visual audit; FMCG_ONLY policy; source report agent_0001_0133.json.
priv_d_0008,priv_d_0008.jpg,../../images/priv_d_0008.jpg,C:\HCMUT\Projects\HACKATHON\2nd_URA\images\priv_d_0008.jpg,CONFIRMED,NONE,"Ảnh chụp hai phần cơm khay thức ăn nhanh Yami gồm mì xào, khoai tây chiên, kimbap chiên xù, xúc xích và gà rán.",PRESENT,"Ảnh chụp hai khay đồ ăn nhanh Combo 3 và Combo 4 gồm mì xào, khoai tây chiên, kimbap chiên và đùi gà rán thương hiệu Yami",PRESENT,"Ảnh chụp hai khay đồ ăn nhanh Combo 3 và Combo 4 gồm mì xào, khoai tây chiên, kimbap chiên và đùi gà rán thương hiệu Yami",TRUE,multi-agent-visual-audit,Automated three-agent visual audit; FMCG_ONLY policy; source report agent_0001_0133.json.
priv_d_0009,priv_d_0009.jpg,../../images/priv_d_0009.jpg,C:\HCMUT\Projects\HACKATHON\2nd_URA\images\priv_d_0009.jpg,CONFIRMED,NONE,Bảng menu đồ ăn vặt và các loại trà sữa nhiều vị trang trí lồng đèn đỏ phong cách truyền thống.,PRESENT,"Menu quảng cáo các món ăn vặt và đồ uống như khoai lang kén, nem chua rán, trà sữa matcha, trà măng cụt",PRESENT,"Menu quảng cáo các món ăn vặt và đồ uống như khoai lang kén, nem chua rán, trà sữa matcha, trà măng cụt",TRUE,multi-agent-visual-audit,Automated three-agent visual audit; FMCG_ONLY policy; source report agent_0001_0133.json.
priv_d_0010,priv_d_0010.jpg,../../images/priv_d_0010.jpg,C:\HCMUT\Projects\HACKATHON\2nd_URA\images\priv_d_0010.jpg,CONFIRMED,NONE,"Ảnh chụp không gian phòng ngủ với giường nệm đôi, đèn ngủ để bàn và kệ gỗ để khăn.",ABSENT,,ABSENT,,TRUE,multi-agent-visual-audit,Automated three-agent visual audit; FMCG_ONLY policy; source report agent_0001_0133.json.
priv_d_0011,priv_d_0011.jpg,../../images/priv_d_0011.jpg,C:\HCMUT\Projects\HACKATHON\2nd_URA\images\priv_d_0011.jpg,CONFIRMED,NONE,Banner quảng cáo mascara Browit by Nongchat Lift & Lock màu đen kèm mô tả công dụng làm tơi mi và dưỡng mi.,PRESENT,Banner quảng cáo chuốt mi BROWIT By Nongchat Lift & Lock Mascara màu Sexy Black kèm bao bì hộp và cọ chuốt,PRESENT,Banner quảng cáo chuốt mi BROWIT By Nongchat Lift & Lock Mascara màu Sexy Black kèm bao bì hộp và cọ chuốt,TRUE,multi-agent-visual-audit,Automated three-agent visual audit; FMCG_ONLY policy; source report agent_0001_0133.json.
priv_d_0012,priv_d_0012.jpg,../../images/priv_d_0012.jpg,C:\HCMUT\Projects\HACKATHON\2nd_URA\images\priv_d_0012.jpg,CONFIRMED,NONE,Ảnh chụp các phần bánh cuộn kem matcha phủ bột trà xanh mịn màng trên đĩa sứ trắng.,PRESENT,Ảnh chụp cận cảnh cuộn bánh Matcha roll kem tươi phủ bột trà xanh cắt lát trên đĩa sứ trắng,PRESENT,Ảnh chụp cận cảnh cuộn bánh Matcha roll kem tươi phủ bột trà xanh cắt lát trên đĩa sứ trắng,TRUE,multi-agent-visual-audit,Automated three-agent visual audit; FMCG_ONLY policy; source report agent_0001_0133.json.
priv_d_0013,priv_d_0013.jpg,../../images/priv_d_0013.jpg,C:\HCMUT\Projects\HACKATHON\2nd_URA\images\priv_d_0013.jpg,CONFIRMED,NONE,Ảnh chụp combo bánh bao hấp trắng và chai sữa hạt/sữa đậu nành đặt trên mẹt tre kèm dòng chữ combo trắng sữa 20k.,PRESENT,Ảnh chụp combo bữa sáng gồm một chiếc bánh bao trắng trong hộp xốp và chai sữa đậu nành đặt trên mẹt tre,PRESENT,Ảnh chụp combo bữa sáng gồm một chiếc bánh bao trắng trong hộp xốp và chai sữa đậu nành đặt trên mẹt tre,TRUE,multi-agent-visual-audit,Automated three-agent visual audit; FMCG_ONLY policy; source report agent_0001_0133.json.
priv_d_0014,priv_d_0014.jpg,../../images/priv_d_0014.jpg,C:\HCMUT\Projects\HACKATHON\2nd_URA\images\priv_d_0014.jpg,CONFIRMED,NONE,"Ảnh chụp 3 ly trà sữa nhiều màu sắc (trà xanh, trà khoai môn, trà sữa truyền thống) phủ đầy thạch và trân châu của quán Bé Bự.",PRESENT,"Ảnh chụp ba ly trà sữa Bé Bự đầy ắp topping thạch hoa, trân châu và bánh flan trên bàn kính ngoài trời",PRESENT,"Ảnh chụp ba ly trà sữa Bé Bự đầy ắp topping thạch hoa, trân châu và bánh flan trên bàn kính ngoài trời",TRUE,multi-agent-visual-audit,Automated three-agent visual audit; FMCG_ONLY policy; source report agent_0001_0133.json.
priv_d_0015,priv_d_0015.jpg,../../images/priv_d_0015.jpg,C:\HCMUT\Projects\HACKATHON\2nd_URA\images\priv_d_0015.jpg,CONFIRMED,NONE,Ảnh chụp tay người cầm một con cua biển tươi sống bị buộc dây trên nền gạch xốp.,ABSENT,,ABSENT,,TRUE,multi-agent-visual-audit,Automated three-agent visual audit; FMCG_ONLY policy; source report agent_0001_0133.json.
priv_d_0016,priv_d_0016.jpg,../../images/priv_d_0016.jpg,C:\HCMUT\Projects\HACKATHON\2nd_URA\images\priv_d_0016.jpg,CONFIRMED,NONE,Ảnh chụp chai sữa dưỡng thể Olay B3+ Optic Glow & Radiance 250ml vòi nhấn kèm thông tin giới thiệu sản phẩm.,PRESENT,Ảnh chụp thực tế chai sữa dưỡng thể Olay Body Cellscience Optic Glow & Radiance B3+ trên tay kèm các công dụng dưỡng trắng,PRESENT,Ảnh chụp thực tế chai sữa dưỡng thể Olay Body Cellscience Optic Glow & Radiance B3+ trên tay kèm các công dụng dưỡng trắng,TRUE,multi-agent-visual-audit,Automated three-agent visual audit; FMCG_ONLY policy; source report agent_0001_0133.json.
priv_d_0017,priv_d_0017.jpg,../../images/priv_d_0017.jpg,C:\HCMUT\Projects\HACKATHON\2nd_URA\images\priv_d_0017.jpg,CONFIRMED,NONE,Ảnh chụp món bánh mì tam giác Doner Kebab kẹp thịt nướng kèm chén sốt ớt và sốt kem tỏi với dòng chữ bánh mì kebab 20k.,PRESENT,Ảnh chụp phần bánh mì Doner Kebab tam giác kẹp thịt nướng và bắp cải tím trên thớt gỗ kèm hai chén sốt,PRESENT,Ảnh chụp phần bánh mì Doner Kebab tam giác kẹp thịt nướng và bắp cải tím trên thớt gỗ kèm hai chén sốt,TRUE,multi-agent-visual-audit,Automated three-agent visual audit; FMCG_ONLY policy; source report agent_0001_0133.json.
priv_d_0018,priv_d_0018.jpg,../../images/priv_d_0018.jpg,C:\HCMUT\Projects\HACKATHON\2nd_URA\images\priv_d_0018.jpg,CONFIRMED,NONE,"Ảnh chụp chiếc bánh kem sinh nhật phủ chà bông vàng, viền dâu tây cắt lát và chữ Happy Birthday Bạn Thư iu dấu.",PRESENT,"Ảnh chụp bánh sinh nhật trang trí chà bông, dâu tây tươi và kem bánh kèm chữ viết chúc mừng sinh nhật Bạn Thư",PRESENT,"Ảnh chụp bánh sinh nhật trang trí chà bông, dâu tây tươi và kem bánh kèm chữ viết chúc mừng sinh nhật Bạn Thư",TRUE,multi-agent-visual-audit,Automated three-agent visual audit; FMCG_ONLY policy; source report agent_0001_0133.json.
priv_d_0019,priv_d_0019.jpg,../../images/priv_d_0019.jpg,C:\HCMUT\Projects\HACKATHON\2nd_URA\images\priv_d_0019.jpg,CONFIRMED,NONE,Ảnh chụp nhiều mẫu súng đồ chơi mô hình thu nhỏ xếp ngay ngắn cùng thước đo.,ABSENT,,ABSENT,,TRUE,multi-agent-visual-audit,Automated three-agent visual audit; FMCG_ONLY policy; source report agent_0001_0133.json.
priv_d_0020,priv_d_0020.jpg,../../images/priv_d_0020.jpg,C:\HCMUT\Projects\HACKATHON\2nd_URA\images\priv_d_0020.jpg,CONFIRMED,NONE,Ảnh chụp ly nước pha chế nhiều tầng của quán Mật Tea & Coffee trên tay khách hàng trước gương.,PRESENT,Ảnh chụp thực tế ly cà phê sữa phân tầng có lớp milk foam của quán Mật Tea & Coffee trên tay người cầm,PRESENT,Ảnh chụp thực tế ly cà phê sữa phân tầng có lớp milk foam của quán Mật Tea & Coffee trên tay người cầm,TRUE,multi-agent-visual-audit,Automated three-agent visual audit; FMCG_ONLY policy; source report agent_0001_0133.json.
priv_d_0021,priv_d_0021.jpg,../../images/priv_d_0021.jpg,C:\HCMUT\Projects\HACKATHON\2nd_URA\images\priv_d_0021.jpg,CONFIRMED,NONE,Ảnh chụp túi zip đựng trà chanh mát lạnh in chữ Trà chanh tươi Original Lắc và uống kèm chữ Trà chanh lài 12k.,PRESENT,Ảnh chụp túi zip trà chanh lài Trà Chanh Tươi Original lắc và uống kèm đá lạnh trên tay người cầm,PRESENT,Ảnh chụp túi zip trà chanh lài Trà Chanh Tươi Original lắc và uống kèm đá lạnh trên tay người cầm,TRUE,multi-agent-visual-audit,Automated three-agent visual audit; FMCG_ONLY policy; source report agent_0001_0133.json.
priv_d_0022,priv_d_0022.jpg,../../images/priv_d_0022.jpg,C:\HCMUT\Projects\HACKATHON\2nd_URA\images\priv_d_0022.jpg,CONFIRMED,NONE,"Ảnh chụp mẹt tre bày ba quả trứng luộc kèm rau răm, đĩa muối tiêu chanh và chai sữa đậu nành với dòng chữ trứng sữa 20k.",PRESENT,"Ảnh chụp combo gồm ba quả trứng luộc, rau răm, muối tiêu tắc và một chai sữa đậu nành trên mẹt tre",PRESENT,"Ảnh chụp combo gồm ba quả trứng luộc, rau răm, muối tiêu tắc và một chai sữa đậu nành trên mẹt tre",TRUE,multi-agent-visual-audit,Automated three-agent visual audit; FMCG_ONLY policy; source report agent_0001_0133.json.
priv_d_0023,priv_d_0023.jpg,../../images/priv_d_0023.jpg,C:\HCMUT\Projects\HACKATHON\2nd_URA\images\priv_d_0023.jpg,CONFIRMED,NONE,Ảnh chụp hai kệ xe đẩy inox nhiều tầng chứa đầy các mẻ bánh bao trắng tròn trong xưởng bánh.,PRESENT,Ảnh chụp các khay bánh bao trắng mới hấp xếp kín trên hai kệ xe đẩy inox của xưởng làm bánh,PRESENT,Ảnh chụp các khay bánh bao trắng mới hấp xếp kín trên hai kệ xe đẩy inox của xưởng làm bánh,TRUE,multi-agent-visual-audit,Automated three-agent visual audit; FMCG_ONLY policy; source report agent_0001_0133.json.
priv_d_0024,priv_d_0024.jpg,../../images/priv_d_0024.jpg,C:\HCMUT\Projects\HACKATHON\2nd_URA\images\priv_d_0024.jpg,CONFIRMED,NONE,"Ảnh chụp kệ sắt trưng bày đa dạng sản phẩm tiêu dùng nhanh gồm dầu gội, sữa tắm, khăn giấy và băng vệ sinh.",PRESENT,"Ảnh chụp kệ hàng tạp hóa bày bán các loại dầu gội, sữa tắm và băng vệ sinh thương hiệu Dove, Sunsilk, Clear, Romano, Kotex, Diana, KenKen",PRESENT,"Ảnh chụp kệ hàng tạp hóa bày bán các loại dầu gội, sữa tắm và băng vệ sinh thương hiệu Dove, Sunsilk, Clear, Romano, Kotex, Diana, KenKen",TRUE,multi-agent-visual-audit,Automated three-agent visual audit; FMCG_ONLY policy; source report agent_0001_0133.json.
priv_d_0025,priv_d_0025.jpg,../../images/priv_d_0025.jpg,C:\HCMUT\Projects\HACKATHON\2nd_URA\images\priv_d_0025.jpg,CONFIRMED,NONE,Ảnh phong cảnh biển đảo Phú Quý với thuyền bè trên nền biển xanh và trời mây.,ABSENT,,ABSENT,,TRUE,multi-agent-visual-audit,Automated three-agent visual audit; FMCG_ONLY policy; source report agent_0001_0133.json.
priv_d_0026,priv_d_0026.jpg,../../images/priv_d_0026.jpg,C:\HCMUT\Projects\HACKATHON\2nd_URA\images\priv_d_0026.jpg,CONFIRMED,NONE,Ảnh so sánh kết quả điều trị mụn trước và sau của khách hàng tại spa Kim Beauty.,ABSENT,,ABSENT,,TRUE,multi-agent-visual-audit,Automated three-agent visual audit; FMCG_ONLY policy; source report agent_0001_0133.json.
priv_d_0027,priv_d_0027.jpg,../../images/priv_d_0027.jpg,C:\HCMUT\Projects\HACKATHON\2nd_URA\images\priv_d_0027.jpg,CONFIRMED,NONE,Ảnh ghép nhiều khung hình giới thiệu món hoa quả dầm sữa chua và sữa chua dẻo xắt miếng của quán Trà Sữa SHARE.,PRESENT,"Ảnh ghép giới thiệu các món hoa quả dầm sữa chua dẻo nhiều vị như bơ tươi, xoài, matcha, dâu tây của quán Trà Sữa SHARE",PRESENT,"Ảnh ghép giới thiệu các món hoa quả dầm sữa chua dẻo nhiều vị như bơ tươi, xoài, matcha, dâu tây của quán Trà Sữa SHARE",TRUE,multi-agent-visual-audit,Automated three-agent visual audit; FMCG_ONLY policy; source report agent_0001_0133.json.
priv_d_0028,priv_d_0028.jpg,../../images/priv_d_0028.jpg,C:\HCMUT\Projects\HACKATHON\2nd_URA\images\priv_d_0028.jpg,CONFIRMED,NONE,Ảnh chụp hộp sữa TH true MILK Sữa Tươi Tiệt Trùng Nguyên Chất 180ml trên bàn gỗ kèm thông tin bổ sung canxi.,PRESENT,Ảnh chụp thực tế hộp Sữa Tươi Tiệt Trùng Nguyên Chất TH true MILK dung tích 180ml đặt cạnh chậu cây xanh,PRESENT,Ảnh chụp thực tế hộp Sữa Tươi Tiệt Trùng Nguyên Chất TH true MILK dung tích 180ml đặt cạnh chậu cây xanh,TRUE,multi-agent-visual-audit,Automated three-agent visual audit; FMCG_ONLY policy; source report agent_0001_0133.json.
priv_d_0029,priv_d_0029.jpg,../../images/priv_d_0029.jpg,C:\HCMUT\Projects\HACKATHON\2nd_URA\images\priv_d_0029.jpg,CONFIRMED,NONE,Ảnh chụp hai con khô mực nướng ớt cay đặt trên đĩa nhựa xanh kèm dòng chữ Khô mực nướng muối ớt.,PRESENT,Ảnh chụp hai con khô mực nướng muối ớt tẩm gia vị đỏ cay đặt trên đĩa nhựa xanh,PRESENT,Ảnh chụp hai con khô mực nướng muối ớt tẩm gia vị đỏ cay đặt trên đĩa nhựa xanh,TRUE,multi-agent-visual-audit,Automated three-agent visual audit; FMCG_ONLY policy; source report agent_0001_0133.json.
priv_d_0030,priv_d_0030.jpg,../../images/priv_d_0030.jpg,C:\HCMUT\Projects\HACKATHON\2nd_URA\images\priv_d_0030.jpg,CONFIRMED,NONE,"Ảnh ghép 4 khung hình ghi lại khoảnh khắc đời thường gồm đồ uống, chụp ảnh trước gương và góc phòng ngủ.",ABSENT,,PRESENT,Ảnh ghép có ly cà phê Mật Tea & Coffee và các hộp đồ ăn vặt trong không gian quán.,TRUE,multi-agent-visual-audit,Automated three-agent visual audit; FMCG_ONLY policy; source report agent_0001_0133.json.
priv_d_0031,priv_d_0031.jpg,../../images/priv_d_0031.jpg,C:\HCMUT\Projects\HACKATHON\2nd_URA\images\priv_d_0031.jpg,CONFIRMED,NONE,Ảnh chụp nhiều quả bưởi da xanh và dứa tươi xếp trên nền nhà lót báo.,ABSENT,,ABSENT,,TRUE,multi-agent-visual-audit,Automated three-agent visual audit; FMCG_ONLY policy; source report agent_0001_0133.json.
priv_d_0032,priv_d_0032.jpg,../../images/priv_d_0032.jpg,C:\HCMUT\Projects\HACKATHON\2nd_URA\images\priv_d_0032.jpg,CONFIRMED,NONE,Ảnh chụp gấu bông màu trắng bên cạnh tranh sơn số hóa và tranh ghép hình.,ABSENT,,ABSENT,,TRUE,multi-agent-visual-audit,Automated three-agent visual audit; FMCG_ONLY policy; source report agent_0001_0133.json.
priv_d_0033,priv_d_0033.jpg,../../images/priv_d_0033.jpg,C:\HCMUT\Projects\HACKATHON\2nd_URA\images\priv_d_0033.jpg,CONFIRMED,NONE,Ảnh chụp khung cảnh nhìn từ ban công phòng ra đường phố kiến trúc phong cách châu Âu.,ABSENT,,ABSENT,,TRUE,multi-agent-visual-audit,Automated three-agent visual audit; FMCG_ONLY policy; source report agent_0001_0133.json.
priv_d_0034,priv_d_0034.jpg,../../images/priv_d_0034.jpg,C:\HCMUT\Projects\HACKATHON\2nd_URA\images\priv_d_0034.jpg,CONFIRMED,NONE,Ảnh chụp chai sữa rửa mặt tạo bọt CAPPIR SKIN hương hoa hồng 150ml trên tay cùng lớp bọt xốp mềm mịn.,PRESENT,Ảnh chụp thực tế chai bọt rửa mặt CAPPIR SKIN Facial Cleansing Mousse Fresh Rose Fragrance 150ml kèm bọt trắng trên tay,PRESENT,Ảnh chụp thực tế chai bọt rửa mặt CAPPIR SKIN Facial Cleansing Mousse Fresh Rose Fragrance 150ml kèm bọt trắng trên tay,TRUE,multi-agent-visual-audit,Automated three-agent visual audit; FMCG_ONLY policy; source report agent_0001_0133.json.
priv_d_0035,priv_d_0035.jpg,../../images/priv_d_0035.jpg,C:\HCMUT\Projects\HACKATHON\2nd_URA\images\priv_d_0035.jpg,CONFIRMED,NONE,Ảnh chụp thảm chùi chân dệt hình thú cưng đặt trước cửa phòng tắm.,ABSENT,,ABSENT,,TRUE,multi-agent-visual-audit,Automated three-agent visual audit; FMCG_ONLY policy; source report agent_0001_0133.json.
priv_d_0036,priv_d_0036.jpg,../../images/priv_d_0036.jpg,C:\HCMUT\Projects\HACKATHON\2nd_URA\images\priv_d_0036.jpg,CONFIRMED,NONE,Ảnh chụp thực tế chiếc bánh bao nhân xá xíu phô mai kéo sợi thơm ngon kèm dòng chữ Truyền thống xá xíu phô mai 25k.,PRESENT,Ảnh chụp cận cảnh chiếc bánh bao nóng bẻ đôi để lộ nhân thịt xá xíu ngập phô mai béo ngậy trên tay,PRESENT,Ảnh chụp cận cảnh chiếc bánh bao nóng bẻ đôi để lộ nhân thịt xá xíu ngập phô mai béo ngậy trên tay,TRUE,multi-agent-visual-audit,Automated three-agent visual audit; FMCG_ONLY policy; source report agent_0001_0133.json.
priv_d_0037,priv_d_0037.jpg,../../images/priv_d_0037.jpg,C:\HCMUT\Projects\HACKATHON\2nd_URA\images\priv_d_0037.jpg,CONFIRMED,NONE,Ảnh chụp quầy xe đẩy bán bánh bao nóng hổi với nồi hấp inox và hình ảnh minh họa các loại nhân bánh bao.,PRESENT,"Ảnh chụp xe đẩy bán bánh bao nóng hổi với bảng menu các loại nhân thịt xá xíu, gà nấm, xúc xích phô mai và nồi hấp inox",PRESENT,"Ảnh chụp xe đẩy bán bánh bao nóng hổi với bảng menu các loại nhân thịt xá xíu, gà nấm, xúc xích phô mai và nồi hấp inox",TRUE,multi-agent-visual-audit,Automated three-agent visual audit; FMCG_ONLY policy; source report agent_0001_0133.json.
priv_d_0038,priv_d_0038.jpg,../../images/priv_d_0038.jpg,C:\HCMUT\Projects\HACKATHON\2nd_URA\images\priv_d_0038.jpg,CONFIRMED,NONE,Ảnh chụp hộp giấy sản phẩm sáp tẩy trang cao cấp The Whoo Gong Jin Hyang dung tích 50ml trên tay.,PRESENT,Ảnh chụp thực tế hộp sáp tẩy trang THE WHOO Gong Jin Hyang Clarifying Cleansing Balm 50ml trên tay người cầm,PRESENT,Ảnh chụp thực tế hộp sáp tẩy trang THE WHOO Gong Jin Hyang Clarifying Cleansing Balm 50ml trên tay người cầm,TRUE,multi-agent-visual-audit,Automated three-agent visual audit; FMCG_ONLY policy; source report agent_0001_0133.json.
priv_d_0039,priv_d_0039.jpg,../../images/priv_d_0039.jpg,C:\HCMUT\Projects\HACKATHON\2nd_URA\images\priv_d_0039.jpg,CONFIRMED,NONE,Ảnh phối cảnh không gian nội thất phòng ngủ với bàn trang điểm và hệ tủ kệ gỗ có đèn led.,ABSENT,,ABSENT,,TRUE,multi-agent-visual-audit,Automated three-agent visual audit; FMCG_ONLY policy; source report agent_0001_0133.json.
priv_d_0040,priv_d_0040.jpg,../../images/priv_d_0040.jpg,C:\HCMUT\Projects\HACKATHON\2nd_URA\images\priv_d_0040.jpg,CONFIRMED,NONE,Ảnh chụp món cá viên chiên thập cẩm đẫm sốt tương ớt Hàn Quốc rắc hành phi trong hộp xốp mang đi.,PRESENT,Ảnh chụp hộp xốp đựng cá viên chiên thập cẩm sốt cay Hàn Quốc phủ ngập sốt ớt và hành phi giòn,PRESENT,Ảnh chụp hộp xốp đựng cá viên chiên thập cẩm sốt cay Hàn Quốc phủ ngập sốt ớt và hành phi giòn,TRUE,multi-agent-visual-audit,Automated three-agent visual audit; FMCG_ONLY policy; source report agent_0001_0133.json.
priv_d_0041,priv_d_0041.jpg,../../images/priv_d_0041.jpg,C:\HCMUT\Projects\HACKATHON\2nd_URA\images\priv_d_0041.jpg,CONFIRMED,NONE,Ảnh chụp hai phần đồ ăn đóng hộp gồm gà ủ muối tiêu và tré trộn tỏi ớt kèm số điện thoại của Diệu Anh Food.,PRESENT,Ảnh chụp hai hộp thức ăn mang đi gồm gà ủ muối và tré trộn nem chả xoài xanh của thương hiệu Diệu Anh Food,PRESENT,Ảnh chụp hai hộp thức ăn mang đi gồm gà ủ muối và tré trộn nem chả xoài xanh của thương hiệu Diệu Anh Food,TRUE,multi-agent-visual-audit,Automated three-agent visual audit; FMCG_ONLY policy; source report agent_0001_0133.json.
priv_d_0042,priv_d_0042.jpg,../../images/priv_d_0042.jpg,C:\HCMUT\Projects\HACKATHON\2nd_URA\images\priv_d_0042.jpg,CONFIRMED,NONE,Banner quảng cáo chai gel tẩy da chết Centellian24 Madeca Matcha Toning Peeling Gel 150ml đặt trên đồi bột matcha.,PRESENT,Banner giới thiệu thành phần tẩy tế bào chết Centellian24 Madeca Matcha Toning Peeling Gel trên nền gò bột trà xanh,PRESENT,Banner giới thiệu thành phần tẩy tế bào chết Centellian24 Madeca Matcha Toning Peeling Gel trên nền gò bột trà xanh,TRUE,multi-agent-visual-audit,Automated three-agent visual audit; FMCG_ONLY policy; source report agent_0001_0133.json.
priv_d_0043,priv_d_0043.jpg,../../images/priv_d_0043.jpg,C:\HCMUT\Projects\HACKATHON\2nd_URA\images\priv_d_0043.jpg,CONFIRMED,NONE,Ảnh chụp bộ trang phục áo sơ mi lụa cổ nơ dài tay màu hồng và quần tây ống rộng màu trắng kem.,ABSENT,,ABSENT,,TRUE,multi-agent-visual-audit,Automated three-agent visual audit; FMCG_ONLY policy; source report agent_0001_0133.json.
priv_d_0044,priv_d_0044.jpg,../../images/priv_d_0044.jpg,C:\HCMUT\Projects\HACKATHON\2nd_URA\images\priv_d_0044.jpg,CONFIRMED,NONE,Ảnh banner đồ họa chứa câu trích dẫn chia sẻ trải nghiệm tham gia sự kiện của The Right Turn.,ABSENT,,ABSENT,,TRUE,multi-agent-visual-audit,Automated three-agent visual audit; FMCG_ONLY policy; source report agent_0001_0133.json.
priv_d_0045,priv_d_0045.jpg,../../images/priv_d_0045.jpg,C:\HCMUT\Projects\HACKATHON\2nd_URA\images\priv_d_0045.jpg,CONFIRMED,NONE,Ảnh chụp túi nước cốt rạm đã lọc cầm trên tay cùng các bịch thực phẩm đặc sản chế biến sẵn của thương hiệu PhePhaFood.,PRESENT,Ảnh chụp các bịch cốt rạm đông lạnh đóng gói sẵn cùng đòn chả và món đặc sản xứ Huế của PhePhaFood,PRESENT,Ảnh chụp các bịch cốt rạm đông lạnh đóng gói sẵn cùng đòn chả và món đặc sản xứ Huế của PhePhaFood,TRUE,multi-agent-visual-audit,Automated three-agent visual audit; FMCG_ONLY policy; source report agent_0001_0133.json.
priv_d_0046,priv_d_0046.jpg,../../images/priv_d_0046.jpg,C:\HCMUT\Projects\HACKATHON\2nd_URA\images\priv_d_0046.jpg,CONFIRMED,NONE,Ảnh chụp đĩa bánh xếp chay rưới nước tương và hành phi vàng giòn kèm dòng chữ Bánh xếp chay 30k/ 5 cái.,PRESENT,Ảnh chụp đĩa bánh xếp chay vỏ trong suốt xếp hình bông hoa rưới nước sốt tương và hành phi,PRESENT,Ảnh chụp đĩa bánh xếp chay vỏ trong suốt xếp hình bông hoa rưới nước sốt tương và hành phi,TRUE,multi-agent-visual-audit,Automated three-agent visual audit; FMCG_ONLY policy; source report agent_0001_0133.json.
priv_d_0047,priv_d_0047.jpg,../../images/priv_d_0047.jpg,C:\HCMUT\Projects\HACKATHON\2nd_URA\images\priv_d_0047.jpg,CONFIRMED,NONE,Ảnh chụp thực tế hai chiếc bánh bột lọc/bánh nậm gói lá chuối vuông vắn của PhePhaFood kèm ớt chỉ thiên và hũ mắm.,PRESENT,Ảnh chụp hai chiếc bánh đặc sản Món Ngon Xứ Huế gói lá chuối buộc dây trên tay người cầm cùng ớt xiêm xanh,PRESENT,Ảnh chụp hai chiếc bánh đặc sản Món Ngon Xứ Huế gói lá chuối buộc dây trên tay người cầm cùng ớt xiêm xanh,TRUE,multi-agent-visual-audit,Automated three-agent visual audit; FMCG_ONLY policy; source report agent_0001_0133.json.
priv_d_0048,priv_d_0048.jpg,../../images/priv_d_0048.jpg,C:\HCMUT\Projects\HACKATHON\2nd_URA\images\priv_d_0048.jpg,CONFIRMED,NONE,Ảnh chụp hũ kem Barbie Skin Glow White Cream dưỡng trắng mờ nám trên tay người cầm trong không gian xe hơi.,PRESENT,Ảnh chụp thực tế hũ kem dưỡng sáng Barbie Skin Glow White Cream trên tay kèm các thông tin công dụng làm mờ thâm nám,PRESENT,Ảnh chụp thực tế hũ kem dưỡng sáng Barbie Skin Glow White Cream trên tay kèm các thông tin công dụng làm mờ thâm nám,TRUE,multi-agent-visual-audit,Automated three-agent visual audit; FMCG_ONLY policy; source report agent_0001_0133.json.
priv_d_0049,priv_d_0049.jpg,../../images/priv_d_0049.jpg,C:\HCMUT\Projects\HACKATHON\2nd_URA\images\priv_d_0049.jpg,CONFIRMED,NONE,"Bảng thực đơn phân loại đồ uống chi tiết gồm trà sữa gạo rang, trà trái cây và cà phê của Mật Tea & Coffee.",PRESENT,"Bảng menu giá các loại trà sữa, trà hoa quả, matcha và cà phê của quán đồ uống Mật Tea & Coffee",PRESENT,"Bảng menu giá các loại trà sữa, trà hoa quả, matcha và cà phê của quán đồ uống Mật Tea & Coffee",TRUE,multi-agent-visual-audit,Automated three-agent visual audit; FMCG_ONLY policy; source report agent_0001_0133.json.
priv_d_0050,priv_d_0050.jpg,../../images/priv_d_0050.jpg,C:\HCMUT\Projects\HACKATHON\2nd_URA\images\priv_d_0050.jpg,CONFIRMED,NONE,Ảnh chụp các vận động viên đang thi đấu bóng đá dưới trời mưa trên sân cỏ nhân tạo.,ABSENT,,ABSENT,,TRUE,multi-agent-visual-audit,Automated three-agent visual audit; FMCG_ONLY policy; source report agent_0001_0133.json.
priv_d_0051,priv_d_0051.jpg,../../images/priv_d_0051.jpg,C:\HCMUT\Projects\HACKATHON\2nd_URA\images\priv_d_0051.jpg,CONFIRMED,none,"Các tầng kệ tạp hóa xếp nhiều loại cà phê hòa tan, trà sữa đóng gói và nước yến sào.",PRESENT,"Kệ trưng bày nhiều sản phẩm hàng tiêu dùng nhanh gồm cà phê hòa tan Café Phố, Nescafe Cà Phê Việt, MacCoffee Cà phê Đen Đá, Kopiko L.A Coffee, trà sữa Hillway và nước yến Green Bird.",PRESENT,"Kệ trưng bày nhiều sản phẩm hàng tiêu dùng nhanh gồm cà phê hòa tan Café Phố, Nescafe Cà Phê Việt, MacCoffee Cà phê Đen Đá, Kopiko L.A Coffee, trà sữa Hillway và nước yến Green Bird.",TRUE,multi-agent-visual-audit,Automated three-agent visual audit; FMCG_ONLY policy; source report agent_0001_0133.json.
priv_d_0052,priv_d_0052.jpg,../../images/priv_d_0052.jpg,C:\HCMUT\Projects\HACKATHON\2nd_URA\images\priv_d_0052.jpg,CONFIRMED,none,"Ảnh cận cảnh so sánh kết cấu kem tẩy tế bào chết ba mùi hương hoa anh đào, lựu, đường nâu dừa trên da nhưng không có tên thương hiệu.",ABSENT,,ABSENT,,TRUE,multi-agent-visual-audit,Automated three-agent visual audit; FMCG_ONLY policy; source report agent_0001_0133.json.
priv_d_0053,priv_d_0053.jpg,../../images/priv_d_0053.jpg,C:\HCMUT\Projects\HACKATHON\2nd_URA\images\priv_d_0053.jpg,CONFIRMED,none,Chai serum L'Oreal Paris Revitalift Hyaluronic Acid đang mở nắp với ống hút serum và vỏ hộp.,PRESENT,Chai tinh chất serum L'Oreal Paris Revitalift 1.5% Hyaluronic Acid kèm ống nhỏ giọt và vỏ hộp sản phẩm.,PRESENT,Chai tinh chất serum L'Oreal Paris Revitalift 1.5% Hyaluronic Acid kèm ống nhỏ giọt và vỏ hộp sản phẩm.,TRUE,multi-agent-visual-audit,Automated three-agent visual audit; FMCG_ONLY policy; source report agent_0001_0133.json.
priv_d_0054,priv_d_0054.jpg,../../images/priv_d_0054.jpg,C:\HCMUT\Projects\HACKATHON\2nd_URA\images\priv_d_0054.jpg,CONFIRMED,none,Đĩa bánh mì nướng cắt miếng có nhân kem trứng phô mai tan chảy không có bao bì nhãn mác.,ABSENT,,ABSENT,,TRUE,multi-agent-visual-audit,Automated three-agent visual audit; FMCG_ONLY policy; source report agent_0001_0133.json.
priv_d_0055,priv_d_0055.jpg,../../images/priv_d_0055.jpg,C:\HCMUT\Projects\HACKATHON\2nd_URA\images\priv_d_0055.jpg,CONFIRMED,none,Ảnh quẹt thử màu son đỏ chili mã BN28 trên lòng bàn tay không có nhãn hiệu bao bì.,ABSENT,,ABSENT,,TRUE,multi-agent-visual-audit,Automated three-agent visual audit; FMCG_ONLY policy; source report agent_0001_0133.json.
priv_d_0056,priv_d_0056.jpg,../../images/priv_d_0056.jpg,C:\HCMUT\Projects\HACKATHON\2nd_URA\images\priv_d_0056.jpg,CONFIRMED,none,"Các tầng kệ tạp hóa chứa dầu ăn thực vật, hạt nêm gia vị, bánh quy và bim bim snack.",PRESENT,"Kệ hàng tạp hóa trưng bày các loại dầu ăn Saigon Gold, Umi, nước mắm, hạt nêm Vedan, Aji-ngon, bánh Marine Boy, Jungle Boy và snack Copico.",PRESENT,"Kệ hàng tạp hóa trưng bày các loại dầu ăn Saigon Gold, Umi, nước mắm, hạt nêm Vedan, Aji-ngon, bánh Marine Boy, Jungle Boy và snack Copico.",TRUE,multi-agent-visual-audit,Automated three-agent visual audit; FMCG_ONLY policy; source report agent_0001_0133.json.
priv_d_0057,priv_d_0057.jpg,../../images/priv_d_0057.jpg,C:\HCMUT\Projects\HACKATHON\2nd_URA\images\priv_d_0057.jpg,CONFIRMED,none,"Nồi cơm điện mở nắp có cơm cháy vàng bên trong cùng các bát canh, thịt kho và bánh bao trên bàn bếp.",ABSENT,,ABSENT,,TRUE,multi-agent-visual-audit,Automated three-agent visual audit; FMCG_ONLY policy; source report agent_0001_0133.json.
priv_d_0058,priv_d_0058.jpg,../../images/priv_d_0058.jpg,C:\HCMUT\Projects\HACKATHON\2nd_URA\images\priv_d_0058.jpg,CONFIRMED,none,Đĩa bánh bao nhân thịt hai quả trứng cút cắt đôi kèm dòng chữ Ba3 quầy bảo bảo và giá 15k.,ABSENT,,ABSENT,,TRUE,multi-agent-visual-audit,Automated three-agent visual audit; FMCG_ONLY policy; source report agent_0001_0133.json.
priv_d_0059,priv_d_0059.jpg,../../images/priv_d_0059.jpg,C:\HCMUT\Projects\HACKATHON\2nd_URA\images\priv_d_0059.jpg,CONFIRMED,none,Ảnh quảng cáo chai sữa rửa mặt tạo bọt Cappir Skin Facial Cleansing Mousse hương hoa hồng và vỏ hộp.,PRESENT,Chai bọt rửa mặt Cappir Skin Facial Cleansing Mousse hương hoa hồng 150ml cùng vỏ hộp sản phẩm.,PRESENT,Chai bọt rửa mặt Cappir Skin Facial Cleansing Mousse hương hoa hồng 150ml cùng vỏ hộp sản phẩm.,TRUE,multi-agent-visual-audit,Automated three-agent visual audit; FMCG_ONLY policy; source report agent_0001_0133.json.
priv_d_0060,priv_d_0060.jpg,../../images/priv_d_0060.jpg,C:\HCMUT\Projects\HACKATHON\2nd_URA\images\priv_d_0060.jpg,CONFIRMED,none,Bánh bao vỏ khoai lang tím nhân phô mai kéo sợi trong xửng hấp kèm chữ giá 20k.,ABSENT,,ABSENT,,TRUE,multi-agent-visual-audit,Automated three-agent visual audit; FMCG_ONLY policy; source report agent_0001_0133.json.
priv_d_0061,priv_d_0061.jpg,../../images/priv_d_0061.jpg,C:\HCMUT\Projects\HACKATHON\2nd_URA\images\priv_d_0061.jpg,CONFIRMED,none,Cuốn sách tranh thiếu nhi 10 Teddy Bears đặt trên giá gỗ cạnh bảng tên Quán Sách Cindy.,ABSENT,,ABSENT,,TRUE,multi-agent-visual-audit,Automated three-agent visual audit; FMCG_ONLY policy; source report agent_0001_0133.json.
priv_d_0062,priv_d_0062.jpg,../../images/priv_d_0062.jpg,C:\HCMUT\Projects\HACKATHON\2nd_URA\images\priv_d_0062.jpg,CONFIRMED,none,Ảnh thử màu son hồng mận đất số 11 trên lòng bàn tay không có tên nhãn hàng đầy đủ.,ABSENT,,ABSENT,,TRUE,multi-agent-visual-audit,Automated three-agent visual audit; FMCG_ONLY policy; source report agent_0001_0133.json.
priv_d_0063,priv_d_0063.jpg,../../images/priv_d_0063.jpg,C:\HCMUT\Projects\HACKATHON\2nd_URA\images\priv_d_0063.jpg,CONFIRMED,none,Banner quảng cáo chai sữa rửa mặt dạng bọt Cappir Skin Facial Cleansing Mousse cùng các cụm bọt tuyết trắng.,PRESENT,Chai bọt rửa mặt Cappir Skin Facial Cleansing Mousse hương hoa hồng 150ml đặt cạnh các bọt xà phòng trắng.,PRESENT,Chai bọt rửa mặt Cappir Skin Facial Cleansing Mousse hương hoa hồng 150ml đặt cạnh các bọt xà phòng trắng.,TRUE,multi-agent-visual-audit,Automated three-agent visual audit; FMCG_ONLY policy; source report agent_0001_0133.json.
priv_d_0064,priv_d_0064.jpg,../../images/priv_d_0064.jpg,C:\HCMUT\Projects\HACKATHON\2nd_URA\images\priv_d_0064.jpg,CONFIRMED,none,Ảnh chụp màn hình nội dung bình luận tranh luận cá nhân trên Facebook qua điện thoại di động.,ABSENT,,ABSENT,,TRUE,multi-agent-visual-audit,Automated three-agent visual audit; FMCG_ONLY policy; source report agent_0001_0133.json.
priv_d_0065,priv_d_0065.jpg,../../images/priv_d_0065.jpg,C:\HCMUT\Projects\HACKATHON\2nd_URA\images\priv_d_0065.jpg,CONFIRMED,none,Các hộp và chai sữa rửa mặt tạo bọt Cappir Skin cùng các tuýp kem dưỡng xếp trên chiếu cói.,PRESENT,Nhiều hộp và chai bọt rửa mặt Cappir Skin Facial Cleansing Mousse cùng các tuýp mỹ phẩm được xếp thành hàng.,PRESENT,Nhiều hộp và chai bọt rửa mặt Cappir Skin Facial Cleansing Mousse cùng các tuýp mỹ phẩm được xếp thành hàng.,TRUE,multi-agent-visual-audit,Automated three-agent visual audit; FMCG_ONLY policy; source report agent_0001_0133.json.
priv_d_0066,priv_d_0066.jpg,../../images/priv_d_0066.jpg,C:\HCMUT\Projects\HACKATHON\2nd_URA\images\priv_d_0066.jpg,CONFIRMED,none,Ảnh người mẹ bế em bé sơ sinh kèm dòng chữ chia sẻ mẹo sau sinh không có sản phẩm thương hiệu.,ABSENT,,ABSENT,,TRUE,multi-agent-visual-audit,Automated three-agent visual audit; FMCG_ONLY policy; source report agent_0001_0133.json.
priv_d_0067,priv_d_0067.jpg,../../images/priv_d_0067.jpg,C:\HCMUT\Projects\HACKATHON\2nd_URA\images\priv_d_0067.jpg,CONFIRMED,none,Bàn tay cầm chiếc kính gọng đen có tròng đổi màu chống nắng kèm chữ giới thiệu tính năng.,ABSENT,,ABSENT,,TRUE,multi-agent-visual-audit,Automated three-agent visual audit; FMCG_ONLY policy; source report agent_0001_0133.json.
priv_d_0068,priv_d_0068.jpg,../../images/priv_d_0068.jpg,C:\HCMUT\Projects\HACKATHON\2nd_URA\images\priv_d_0068.jpg,CONFIRMED,none,"Kệ trưng bày phong phú các mặt hàng nước giải khát, tổ yến chưng đóng hộp và trà hòa tan.",PRESENT,"Kệ bách hóa trưng bày các hộp quà tổ yến Khánh Hòa, nước ngọt Coca-Cola, Pepsi, Sting, nước tăng lực Red Bull, Revive, trà xanh C2 và trà sữa trân châu Hillway.",PRESENT,"Kệ bách hóa trưng bày các hộp quà tổ yến Khánh Hòa, nước ngọt Coca-Cola, Pepsi, Sting, nước tăng lực Red Bull, Revive, trà xanh C2 và trà sữa trân châu Hillway.",TRUE,multi-agent-visual-audit,Automated three-agent visual audit; FMCG_ONLY policy; source report agent_0001_0133.json.
priv_d_0069,priv_d_0069.jpg,../../images/priv_d_0069.jpg,C:\HCMUT\Projects\HACKATHON\2nd_URA\images\priv_d_0069.jpg,CONFIRMED,none,Cận cảnh hũ sáp tẩy trang cao cấp The Whoo Gong Jin Hyang nắp vàng được cầm trên lòng bàn tay.,PRESENT,Hũ sáp tẩy trang The Whoo Gong Jin Hyang Clarifying Cleansing Balm màu vàng nhạt trên tay người cầm.,PRESENT,Hũ sáp tẩy trang The Whoo Gong Jin Hyang Clarifying Cleansing Balm màu vàng nhạt trên tay người cầm.,TRUE,multi-agent-visual-audit,Automated three-agent visual audit; FMCG_ONLY policy; source report agent_0001_0133.json.
priv_d_0070,priv_d_0070.jpg,../../images/priv_d_0070.jpg,C:\HCMUT\Projects\HACKATHON\2nd_URA\images\priv_d_0070.jpg,CONFIRMED,none,Bàn tay cầm tuýp sữa rửa mặt AHA Cleansing Research màu xanh ngọc bên cạnh các hộp thuốc nhuộm Men's Bigen trong thùng các-tông.,PRESENT,Tuýp sữa rửa mặt BCL AHA Cleansing Research Wash Cleansing chiết xuất táo cùng các hộp thuốc nhuộm tóc Men's Bigen trong thùng hàng.,PRESENT,Tuýp sữa rửa mặt BCL AHA Cleansing Research Wash Cleansing chiết xuất táo cùng các hộp thuốc nhuộm tóc Men's Bigen trong thùng hàng.,TRUE,multi-agent-visual-audit,Automated three-agent visual audit; FMCG_ONLY policy; source report agent_0001_0133.json.
priv_d_0071,priv_d_0071.jpg,../../images/priv_d_0071.jpg,C:\HCMUT\Projects\HACKATHON\2nd_URA\images\priv_d_0071.jpg,CONFIRMED,none,Hình ảnh quảng cáo và tin nhắn đánh giá kem chống nắng Sun Cream Lucas màu cam kèm vỏ hộp.,PRESENT,Banner phản hồi khách hàng về kem chống nắng Lucas Sun Cream SPF 50 PA+++ của Đan Thy Group.,PRESENT,Banner phản hồi khách hàng về kem chống nắng Lucas Sun Cream SPF 50 PA+++ của Đan Thy Group.,TRUE,multi-agent-visual-audit,Automated three-agent visual audit; FMCG_ONLY policy; source report agent_0001_0133.json.
priv_d_0072,priv_d_0072.jpg,../../images/priv_d_0072.jpg,C:\HCMUT\Projects\HACKATHON\2nd_URA\images\priv_d_0072.jpg,CONFIRMED,none,Tờ thông tin hướng dẫn trải nghiệm tô tranh tại quán Mật Tea & Coffee.,ABSENT,,ABSENT,,TRUE,multi-agent-visual-audit,Automated three-agent visual audit; FMCG_ONLY policy; source report agent_0001_0133.json.
priv_d_0073,priv_d_0073.jpg,../../images/priv_d_0073.jpg,C:\HCMUT\Projects\HACKATHON\2nd_URA\images\priv_d_0073.jpg,CONFIRMED,none,"Thùng chứa nhiều hộp sữa đặc Phương Nam Vinamilk và các gói bánh xốp dừa Jojo, bánh quy Oreo.",PRESENT,"Các thùng nhựa đựng sữa đặc Ngôi Sao Phương Nam của Vinamilk, bánh xốp dừa Jojo và bánh quy kẹp kem Oreo.",PRESENT,"Các thùng nhựa đựng sữa đặc Ngôi Sao Phương Nam của Vinamilk, bánh xốp dừa Jojo và bánh quy kẹp kem Oreo.",TRUE,multi-agent-visual-audit,Automated three-agent visual audit; FMCG_ONLY policy; source report agent_0001_0133.json.
priv_d_0074,priv_d_0074.jpg,../../images/priv_d_0074.jpg,C:\HCMUT\Projects\HACKATHON\2nd_URA\images\priv_d_0074.jpg,CONFIRMED,none,Chai serum cấp ẩm làm sáng da Clinique Moisture Surge màu hồng phấn đặt trên đĩa trang trí.,PRESENT,Chai tinh chất dưỡng da Clinique Moisture Surge Active Glow Serum màu hồng đặt trên đĩa hình vỏ sò.,PRESENT,Chai tinh chất dưỡng da Clinique Moisture Surge Active Glow Serum màu hồng đặt trên đĩa hình vỏ sò.,TRUE,multi-agent-visual-audit,Automated three-agent visual audit; FMCG_ONLY policy; source report agent_0001_0133.json.
priv_d_0075,priv_d_0075.jpg,../../images/priv_d_0075.jpg,C:\HCMUT\Projects\HACKATHON\2nd_URA\images\priv_d_0075.jpg,CONFIRMED,none,Khung cảnh tiệc nướng BBQ ngoài bãi biển của nhóm bốn người dưới bóng cây dừa.,ABSENT,,ABSENT,,TRUE,multi-agent-visual-audit,Automated three-agent visual audit; FMCG_ONLY policy; source report agent_0001_0133.json.
priv_d_0076,priv_d_0076.jpg,../../images/priv_d_0076.jpg,C:\HCMUT\Projects\HACKATHON\2nd_URA\images\priv_d_0076.jpg,CONFIRMED,none,Hai chai nước tẩy trang L'Oreal Paris Micellar Water 3 in 1 nắp xanh và nắp hồng trên khay kệ.,PRESENT,Hai chai nước tẩy trang L'Oreal Paris Micellar Water 3-in-1 phiên bản nắp xanh tươi mát và nắp hồng dưỡng ẩm.,PRESENT,Hai chai nước tẩy trang L'Oreal Paris Micellar Water 3-in-1 phiên bản nắp xanh tươi mát và nắp hồng dưỡng ẩm.,TRUE,multi-agent-visual-audit,Automated three-agent visual audit; FMCG_ONLY policy; source report agent_0001_0133.json.
priv_d_0077,priv_d_0077.jpg,../../images/priv_d_0077.jpg,C:\HCMUT\Projects\HACKATHON\2nd_URA\images\priv_d_0077.jpg,CONFIRMED,none,"Kệ tạp hóa bày bán mì ăn liền dạng ly Omachi, mì Hảo Hảo, mì 3 Miền và khẩu trang y tế.",PRESENT,"Kệ cửa hàng bày bán các loại mì ly Omachi, Hảo Hảo, mì gói 3 Miền, chà là Deglet Nour và khẩu trang y tế An Tâm.",PRESENT,"Kệ cửa hàng bày bán các loại mì ly Omachi, Hảo Hảo, mì gói 3 Miền, chà là Deglet Nour và khẩu trang y tế An Tâm.",TRUE,multi-agent-visual-audit,Automated three-agent visual audit; FMCG_ONLY policy; source report agent_0001_0133.json.
priv_d_0078,priv_d_0078.jpg,../../images/priv_d_0078.jpg,C:\HCMUT\Projects\HACKATHON\2nd_URA\images\priv_d_0078.jpg,CONFIRMED,none,"Ba chai nước tẩy trang Gold Bee dung tích 160ml gồm ba màu xanh, hồng và vàng trên tay người dùng.",PRESENT,"Ba chai nước tẩy trang Gold Bee chiết xuất trà xanh, hoa hồng và lúa mạch trên tay người cầm.",PRESENT,"Ba chai nước tẩy trang Gold Bee chiết xuất trà xanh, hoa hồng và lúa mạch trên tay người cầm.",TRUE,multi-agent-visual-audit,Automated three-agent visual audit; FMCG_ONLY policy; source report agent_0001_0133.json.
priv_d_0079,priv_d_0079.jpg,../../images/priv_d_0079.jpg,C:\HCMUT\Projects\HACKATHON\2nd_URA\images\priv_d_0079.jpg,CONFIRMED,none,Hàng tuýp kem chống nắng Mixa Solaire Dermo Protect SPF 50+ màu vàng cam đặt tại quầy thanh toán siêu thị.,PRESENT,Nhiều tuýp kem chống nắng Mixa Solaire Dermo Protect SPF 50+ màu cam trên băng chuyền thanh toán siêu thị.,PRESENT,Nhiều tuýp kem chống nắng Mixa Solaire Dermo Protect SPF 50+ màu cam trên băng chuyền thanh toán siêu thị.,TRUE,multi-agent-visual-audit,Automated three-agent visual audit; FMCG_ONLY policy; source report agent_0001_0133.json.
priv_d_0080,priv_d_0080.jpg,../../images/priv_d_0080.jpg,C:\HCMUT\Projects\HACKATHON\2nd_URA\images\priv_d_0080.jpg,CONFIRMED,none,Hộp nhựa đựng giò sống chả quết tươi kèm các túi gia vị xung quanh của PhePhaFood.,ABSENT,,ABSENT,,TRUE,multi-agent-visual-audit,Automated three-agent visual audit; FMCG_ONLY policy; source report agent_0001_0133.json.
priv_d_0081,priv_d_0081.jpg,../../images/priv_d_0081.jpg,C:\HCMUT\Projects\HACKATHON\2nd_URA\images\priv_d_0081.jpg,CONFIRMED,none,Tô chân gà sả tắc trộn chua ngọt kèm ảnh chụp tin nhắn khen ngợi của khách hàng.,ABSENT,,ABSENT,,TRUE,multi-agent-visual-audit,Automated three-agent visual audit; FMCG_ONLY policy; source report agent_0001_0133.json.
priv_d_0082,priv_d_0082.jpg,../../images/priv_d_0082.jpg,C:\HCMUT\Projects\HACKATHON\2nd_URA\images\priv_d_0082.jpg,CONFIRMED,none,Tập hợp ảnh chụp các góc bánh pizza phô mai kéo sợi tại quán ăn Trà Sữa SHARE.,ABSENT,,PRESENT,Ảnh ghép quảng bá các món pizza và đồ ăn phủ phô mai của Trà Sữa SHARE.,TRUE,multi-agent-visual-audit,Automated three-agent visual audit; FMCG_ONLY policy; source report agent_0001_0133.json.
priv_d_0083,priv_d_0083.jpg,../../images/priv_d_0083.jpg,C:\HCMUT\Projects\HACKATHON\2nd_URA\images\priv_d_0083.jpg,CONFIRMED,none,Hộp nhựa đựng thịt nướng ướp mè sả tươi sống của PhePhaFood trên nền khăn trải caro đỏ.,ABSENT,,ABSENT,,TRUE,multi-agent-visual-audit,Automated three-agent visual audit; FMCG_ONLY policy; source report agent_0001_0133.json.
priv_d_0084,priv_d_0084.jpg,../../images/priv_d_0084.jpg,C:\HCMUT\Projects\HACKATHON\2nd_URA\images\priv_d_0084.jpg,CONFIRMED,none,Bánh mì Doner Kebab kẹp thịt rau đặt trên thớt gỗ kèm hai chén nước sốt chấm.,ABSENT,,PRESENT,"Ảnh chụp phần bánh mì kebab tam giác kẹp thịt và rau trên thớt gỗ, kèm hai chén sốt.",TRUE,multi-agent-visual-audit,Automated three-agent visual audit; FMCG_ONLY policy; source report agent_0001_0133.json.
priv_d_0085,priv_d_0085.jpg,../../images/priv_d_0085.jpg,C:\HCMUT\Projects\HACKATHON\2nd_URA\images\priv_d_0085.jpg,CONFIRMED,none,Thảm lau chân in hình chú chó hoạt hình dòng chữ Best Lucky đặt trên sàn gỗ.,ABSENT,,ABSENT,,TRUE,multi-agent-visual-audit,Automated three-agent visual audit; FMCG_ONLY policy; source report agent_0001_0133.json.
priv_d_0086,priv_d_0086.jpg,../../images/priv_d_0086.jpg,C:\HCMUT\Projects\HACKATHON\2nd_URA\images\priv_d_0086.jpg,CONFIRMED,none,Hai học sinh mặc áo đồng phục cùng cầm thanh bánh socola Nestle KitKat Chunky bao bì đỏ.,PRESENT,Hai học sinh đang chuyền tay nhau thanh sô-cô-la bánh xốp Nestle KitKat Chunky màu đỏ.,PRESENT,Hai học sinh đang chuyền tay nhau thanh sô-cô-la bánh xốp Nestle KitKat Chunky màu đỏ.,TRUE,multi-agent-visual-audit,Automated three-agent visual audit; FMCG_ONLY policy; source report agent_0001_0133.json.
priv_d_0087,priv_d_0087.jpg,../../images/priv_d_0087.jpg,C:\HCMUT\Projects\HACKATHON\2nd_URA\images\priv_d_0087.jpg,CONFIRMED,none,Banner Hasaki giới thiệu chai toner Round Lab 1025 Dokdo và quà tặng kèm kem chống nắng.,PRESENT,Banner quảng cáo chai nước hoa hồng Round Lab 1025 Dokdo Toner dung tích 200ml trên nền hồng của Hasaki.,PRESENT,Banner quảng cáo chai nước hoa hồng Round Lab 1025 Dokdo Toner dung tích 200ml trên nền hồng của Hasaki.,TRUE,multi-agent-visual-audit,Automated three-agent visual audit; FMCG_ONLY policy; source report agent_0001_0133.json.
priv_d_0088,priv_d_0088.jpg,../../images/priv_d_0088.jpg,C:\HCMUT\Projects\HACKATHON\2nd_URA\images\priv_d_0088.jpg,CONFIRMED,none,Đĩa bánh giò Thành Phát bọc lá chuối cùng một chiếc bóc vỏ cắt đôi lộ nhân thịt mộc nhĩ trứng cút.,ABSENT,,PRESENT,"Ảnh quảng bá bánh giò Thành Phát bọc lá chuối, kèm một chiếc đã bóc vỏ lộ nhân thịt và trứng cút.",TRUE,multi-agent-visual-audit,Automated three-agent visual audit; FMCG_ONLY policy; source report agent_0001_0133.json.
priv_d_0089,priv_d_0089.jpg,../../images/priv_d_0089.jpg,C:\HCMUT\Projects\HACKATHON\2nd_URA\images\priv_d_0089.jpg,CONFIRMED,none,Hai chai sữa dưỡng thể trắng da Olay Body Cellscience chứa Niacinamide B3 nắp vòi nhấn.,PRESENT,Hai chai sữa dưỡng thể trắng da Olay Body Cellscience B3 dạng vòi nhấn màu trắng.,PRESENT,Hai chai sữa dưỡng thể trắng da Olay Body Cellscience B3 dạng vòi nhấn màu trắng.,TRUE,multi-agent-visual-audit,Automated three-agent visual audit; FMCG_ONLY policy; source report agent_0001_0133.json.
priv_d_0090,priv_d_0090.jpg,../../images/priv_d_0090.jpg,C:\HCMUT\Projects\HACKATHON\2nd_URA\images\priv_d_0090.jpg,CONFIRMED,none,Banner quảng cáo hũ kem dưỡng kiêm lót trang điểm Bobbi Brown Vitamin Enriched Face Base.,PRESENT,Hũ kem lót dưỡng da Bobbi Brown Vitamin Enriched Face Base cùng chất kem màu vàng bơ và các thành phần nổi bật.,PRESENT,Hũ kem lót dưỡng da Bobbi Brown Vitamin Enriched Face Base cùng chất kem màu vàng bơ và các thành phần nổi bật.,TRUE,multi-agent-visual-audit,Automated three-agent visual audit; FMCG_ONLY policy; source report agent_0001_0133.json.
priv_d_0091,priv_d_0091.jpg,../../images/priv_d_0091.jpg,C:\HCMUT\Projects\HACKATHON\2nd_URA\images\priv_d_0091.jpg,CONFIRMED,none,Bát cơm trắng ăn cùng món thịt chưng mắm tép của Bếp Mẹ Shubikem Ăn vặt handmade.,ABSENT,,PRESENT,Ảnh quảng bá hũ thịt chưng mắm tép của Bếp Mẹ Shunhiken dùng kèm cơm.,TRUE,multi-agent-visual-audit,Automated three-agent visual audit; FMCG_ONLY policy; source report agent_0001_0133.json.
priv_d_0092,priv_d_0092.jpg,../../images/priv_d_0092.jpg,C:\HCMUT\Projects\HACKATHON\2nd_URA\images\priv_d_0092.jpg,CONFIRMED,none,Banner giảm giá mặt nạ làm dịu da Dear Klairs Midnight Blue Calming Sheet Mask trên nền Hasaki.,PRESENT,Mặt nạ giấy Dear Klairs Midnight Blue Calming Sheet Mask gói đơn và combo 10 miếng trên banner Hasaki.,PRESENT,Mặt nạ giấy Dear Klairs Midnight Blue Calming Sheet Mask gói đơn và combo 10 miếng trên banner Hasaki.,TRUE,multi-agent-visual-audit,Automated three-agent visual audit; FMCG_ONLY policy; source report agent_0001_0133.json.
priv_d_0093,priv_d_0093.jpg,../../images/priv_d_0093.jpg,C:\HCMUT\Projects\HACKATHON\2nd_URA\images\priv_d_0093.jpg,CONFIRMED,none,Bàn tay cầm chai xịt khoáng cấp ẩm làm sáng Barbie Skin Pearl Glowing Mist trong ô tô.,PRESENT,Chai xịt khoáng dưỡng da Barbie Skin Pearl Glowing Mist màu hồng nhạt dung tích 120ml trên tay người dùng.,PRESENT,Chai xịt khoáng dưỡng da Barbie Skin Pearl Glowing Mist màu hồng nhạt dung tích 120ml trên tay người dùng.,TRUE,multi-agent-visual-audit,Automated three-agent visual audit; FMCG_ONLY policy; source report agent_0001_0133.json.
priv_d_0094,priv_d_0094.jpg,../../images/priv_d_0094.jpg,C:\HCMUT\Projects\HACKATHON\2nd_URA\images\priv_d_0094.jpg,CONFIRMED,none,Set áo sơ mi lụa cổ nơ và áo hai dây màu kem treo trên mắc áo gỗ nền đen.,ABSENT,,ABSENT,,TRUE,multi-agent-visual-audit,Automated three-agent visual audit; FMCG_ONLY policy; source report agent_0001_0133.json.
priv_d_0095,priv_d_0095.jpg,../../images/priv_d_0095.jpg,C:\HCMUT\Projects\HACKATHON\2nd_URA\images\priv_d_0095.jpg,CONFIRMED,none,Banner L'Oreal Paris trình bày công nghệ 3 loại phân tử Hyaluronic Acid trong serum Revitalift tím.,PRESENT,Banner L'Oreal Paris giới thiệu tinh chất serum Revitalift 1.5% Hyaluronic Acid và cơ chế 3 loại phân tử HA.,PRESENT,Banner L'Oreal Paris giới thiệu tinh chất serum Revitalift 1.5% Hyaluronic Acid và cơ chế 3 loại phân tử HA.,TRUE,multi-agent-visual-audit,Automated three-agent visual audit; FMCG_ONLY policy; source report agent_0001_0133.json.
priv_d_0096,priv_d_0096.jpg,../../images/priv_d_0096.jpg,C:\HCMUT\Projects\HACKATHON\2nd_URA\images\priv_d_0096.jpg,CONFIRMED,none,Toàn cảnh mặt trước quán ăn Cơm Niêu Mộc Nhiên tại Cam Ly kèm bãi đậu xe.,ABSENT,,ABSENT,,TRUE,multi-agent-visual-audit,Automated three-agent visual audit; FMCG_ONLY policy; source report agent_0001_0133.json.
priv_d_0097,priv_d_0097.jpg,../../images/priv_d_0097.jpg,C:\HCMUT\Projects\HACKATHON\2nd_URA\images\priv_d_0097.jpg,CONFIRMED,none,"Bốn hộp giấy đựng các combo đồ ăn vặt pizza, gà chiên, khoai tây và xúc xích của Trà sữa SHARE.",ABSENT,,PRESENT,"Ảnh quảng bá các combo đồ ăn vặt của Trà Sữa SHARE, gồm pizza, khoai tây chiên, nem chua rán và món chiên.",TRUE,multi-agent-visual-audit,Automated three-agent visual audit; FMCG_ONLY policy; source report agent_0001_0133.json.
priv_d_0098,priv_d_0098.jpg,../../images/priv_d_0098.jpg,C:\HCMUT\Projects\HACKATHON\2nd_URA\images\priv_d_0098.jpg,CONFIRMED,none,Tuýp gel tẩy tế bào chết dịu nhẹ Dr.G Brightening Peeling Gel màu xanh ngọc kèm mô tả tính năng.,PRESENT,Tuýp gel tẩy tế bào chết Dr.G Brightening Peeling Gel màu xanh ngọc kèm các dòng chữ giới thiệu công dụng.,PRESENT,Tuýp gel tẩy tế bào chết Dr.G Brightening Peeling Gel màu xanh ngọc kèm các dòng chữ giới thiệu công dụng.,TRUE,multi-agent-visual-audit,Automated three-agent visual audit; FMCG_ONLY policy; source report agent_0001_0133.json.
priv_d_0099,priv_d_0099.jpg,../../images/priv_d_0099.jpg,C:\HCMUT\Projects\HACKATHON\2nd_URA\images\priv_d_0099.jpg,CONFIRMED,none,Bàn tay cầm hũ mặt nạ ngủ cho môi Laneige Lip Sleeping Mask EX màu hồng trước cốp trang điểm.,PRESENT,Hũ mặt nạ ngủ dưỡng môi Laneige Lip Sleeping Mask EX hương dâu Berry màu hồng trên tay người dùng.,PRESENT,Hũ mặt nạ ngủ dưỡng môi Laneige Lip Sleeping Mask EX hương dâu Berry màu hồng trên tay người dùng.,TRUE,multi-agent-visual-audit,Automated three-agent visual audit; FMCG_ONLY policy; source report agent_0001_0133.json.
priv_d_0100,priv_d_0100.jpg,../../images/priv_d_0100.jpg,C:\HCMUT\Projects\HACKATHON\2nd_URA\images\priv_d_0100.jpg,CONFIRMED,none,Khung cảnh hoàng hôn trên đầm nước với thuyền nan đánh cá của Hoàng Thành Travel.,ABSENT,,ABSENT,,TRUE,multi-agent-visual-audit,Automated three-agent visual audit; FMCG_ONLY policy; source report agent_0001_0133.json.
priv_d_0101,priv_d_0101.jpg,../../images/priv_d_0101.jpg,C:\HCMUT\Projects\HACKATHON\2nd_URA\images\priv_d_0101.jpg,CONFIRMED,None,Hũ kem tẩy tế bào chết toàn thân Dove body scrub hương crushed cherries & chia milk màu hồng nắp đỏ.,PRESENT,Hũ tẩy tế bào chết Dove body scrub crushed cherries & chia milk,PRESENT,Hũ tẩy tế bào chết Dove body scrub crushed cherries & chia milk,TRUE,multi-agent-visual-audit,Automated three-agent visual audit; FMCG_ONLY policy; source report agent_0001_0133.json.
priv_d_0102,priv_d_0102.jpg,../../images/priv_d_0102.jpg,C:\HCMUT\Projects\HACKATHON\2nd_URA\images\priv_d_0102.jpg,CONFIRMED,None,Tay cầm dụng cụ kẹp bấm mi AMORTALS màu vàng nhạt trước túi đựng đồ trang điểm.,PRESENT,Dụng cụ bấm mi AMORTALS,PRESENT,Dụng cụ bấm mi AMORTALS,TRUE,multi-agent-visual-audit,Automated three-agent visual audit; FMCG_ONLY policy; source report agent_0001_0133.json.
priv_d_0103,priv_d_0103.jpg,../../images/priv_d_0103.jpg,C:\HCMUT\Projects\HACKATHON\2nd_URA\images\priv_d_0103.jpg,CONFIRMED,None,Tay cầm hai cây bút kẻ mắt thương hiệu CLIO và DEZONE trước túi mỹ phẩm trang điểm.,PRESENT,Bút kẻ mắt CLIO và bút kẻ mắt DEZONE,PRESENT,Bút kẻ mắt CLIO và bút kẻ mắt DEZONE,TRUE,multi-agent-visual-audit,Automated three-agent visual audit; FMCG_ONLY policy; source report agent_0001_0133.json.
priv_d_0104,priv_d_0104.jpg,../../images/priv_d_0104.jpg,C:\HCMUT\Projects\HACKATHON\2nd_URA\images\priv_d_0104.jpg,CONFIRMED,None,Ảnh đồ họa bìa danh sách nước tẩy trang của Uyen Ngo cosmetic không chứa sản phẩm cụ thể.,ABSENT,,ABSENT,,TRUE,multi-agent-visual-audit,Automated three-agent visual audit; FMCG_ONLY policy; source report agent_0001_0133.json.
priv_d_0105,priv_d_0105.jpg,../../images/priv_d_0105.jpg,C:\HCMUT\Projects\HACKATHON\2nd_URA\images\priv_d_0105.jpg,CONFIRMED,None,"Hình ảnh các hộp sữa chua Hạ Long 900ml nhiều hương vị như matcha, việt quất, truyền thống.",PRESENT,Hộp sữa chua Hạ Long 900ml các vị,PRESENT,Hộp sữa chua Hạ Long 900ml các vị,TRUE,multi-agent-visual-audit,Automated three-agent visual audit; FMCG_ONLY policy; source report agent_0001_0133.json.
priv_d_0106,priv_d_0106.jpg,../../images/priv_d_0106.jpg,C:\HCMUT\Projects\HACKATHON\2nd_URA\images\priv_d_0106.jpg,CONFIRMED,None,Tay cầm hai bảng phấn mắt CLIO dạng hộp trong suốt với tone hồng và tone tự nhiên.,PRESENT,Bảng phấn mắt CLIO hai tone màu hồng và tự nhiên,PRESENT,Bảng phấn mắt CLIO hai tone màu hồng và tự nhiên,TRUE,multi-agent-visual-audit,Automated three-agent visual audit; FMCG_ONLY policy; source report agent_0001_0133.json.
priv_d_0107,priv_d_0107.jpg,../../images/priv_d_0107.jpg,C:\HCMUT\Projects\HACKATHON\2nd_URA\images\priv_d_0107.jpg,CONFIRMED,None,Banner quảng cáo Hasaki gồm chai serum Klairs Vitamin C và tuýp kem dưỡng ẩm Klairs Midnight Blue.,PRESENT,Serum Klairs Pure Vitamin C và kem dưỡng ẩm Klairs Midnight Blue Calming Cream,PRESENT,Serum Klairs Pure Vitamin C và kem dưỡng ẩm Klairs Midnight Blue Calming Cream,TRUE,multi-agent-visual-audit,Automated three-agent visual audit; FMCG_ONLY policy; source report agent_0001_0133.json.
priv_d_0108,priv_d_0108.jpg,../../images/priv_d_0108.jpg,C:\HCMUT\Projects\HACKATHON\2nd_URA\images\priv_d_0108.jpg,CONFIRMED,None,Đĩa sủi cảo chiên giòn nhân phô mai kéo sợi món ăn vặt không nhãn mác thương hiệu.,ABSENT,,ABSENT,,TRUE,multi-agent-visual-audit,Automated three-agent visual audit; FMCG_ONLY policy; source report agent_0001_0133.json.
priv_d_0109,priv_d_0109.jpg,../../images/priv_d_0109.jpg,C:\HCMUT\Projects\HACKATHON\2nd_URA\images\priv_d_0109.jpg,CONFIRMED,None,Tay cầm hai hộp kem gelato gella vị dâu tây STRAWBERRY & CREAM.,PRESENT,Hộp kem gella vị STRAWBERRY & CREAM,PRESENT,Hộp kem gella vị STRAWBERRY & CREAM,TRUE,multi-agent-visual-audit,Automated three-agent visual audit; FMCG_ONLY policy; source report agent_0001_0133.json.
priv_d_0110,priv_d_0110.jpg,../../images/priv_d_0110.jpg,C:\HCMUT\Projects\HACKATHON\2nd_URA\images\priv_d_0110.jpg,CONFIRMED,None,Infographic hướng dẫn các bước sử dụng serum Hyaluronic Acid không có sản phẩm thương hiệu cụ thể.,ABSENT,,ABSENT,,TRUE,multi-agent-visual-audit,Automated three-agent visual audit; FMCG_ONLY policy; source report agent_0001_0133.json.
priv_d_0111,priv_d_0111.jpg,../../images/priv_d_0111.jpg,C:\HCMUT\Projects\HACKATHON\2nd_URA\images\priv_d_0111.jpg,CONFIRMED,None,Tô kem nhãn tươi ăn kèm bánh mì món tráng miệng không nhãn hiệu đóng gói.,ABSENT,,ABSENT,,TRUE,multi-agent-visual-audit,Automated three-agent visual audit; FMCG_ONLY policy; source report agent_0001_0133.json.
priv_d_0112,priv_d_0112.jpg,../../images/priv_d_0112.jpg,C:\HCMUT\Projects\HACKATHON\2nd_URA\images\priv_d_0112.jpg,CONFIRMED,None,Cây chuốt mi mascara CLIO Kill Lash Superproof Mascara Long Curling màu đen nắp đỏ cầm trên tay.,PRESENT,Mascara CLIO Kill Lash Superproof Mascara Long Curling,PRESENT,Mascara CLIO Kill Lash Superproof Mascara Long Curling,TRUE,multi-agent-visual-audit,Automated three-agent visual audit; FMCG_ONLY policy; source report agent_0001_0133.json.
priv_d_0113,priv_d_0113.jpg,../../images/priv_d_0113.jpg,C:\HCMUT\Projects\HACKATHON\2nd_URA\images\priv_d_0113.jpg,CONFIRMED,None,Hộp xốp đựng món gà ủ muối hoa tiêu chặt miếng kèm nước chấm không có bao bì thương hiệu FMCG.,ABSENT,,ABSENT,,TRUE,multi-agent-visual-audit,Automated three-agent visual audit; FMCG_ONLY policy; source report agent_0001_0133.json.
priv_d_0114,priv_d_0114.jpg,../../images/priv_d_0114.jpg,C:\HCMUT\Projects\HACKATHON\2nd_URA\images\priv_d_0114.jpg,CONFIRMED,None,Banner Hasaki quảng cáo tuýp kem chống nắng ROUND LAB nâng tông kèm combo quà tặng dạng gói.,PRESENT,Kem chống nắng ROUND LAB Tone-up Sunscreen và combo kem chống nắng kiềm dầu,PRESENT,Kem chống nắng ROUND LAB Tone-up Sunscreen và combo kem chống nắng kiềm dầu,TRUE,multi-agent-visual-audit,Automated three-agent visual audit; FMCG_ONLY policy; source report agent_0001_0133.json.
priv_d_0115,priv_d_0115.jpg,../../images/priv_d_0115.jpg,C:\HCMUT\Projects\HACKATHON\2nd_URA\images\priv_d_0115.jpg,CONFIRMED,None,Hình ảnh các hoạt động thể thao vui chơi giải trí ngoài trời tại khu du lịch Vườn Vua.,ABSENT,,ABSENT,,TRUE,multi-agent-visual-audit,Automated three-agent visual audit; FMCG_ONLY policy; source report agent_0001_0133.json.
priv_d_0116,priv_d_0116.jpg,../../images/priv_d_0116.jpg,C:\HCMUT\Projects\HACKATHON\2nd_URA\images\priv_d_0116.jpg,CONFIRMED,None,Hai tuýp kem chống nắng OHUI DAY SHIELD Perfect Sun Black 30ml mặt trước và mặt sau.,PRESENT,Kem chống nắng OHUI DAY SHIELD Perfect Sun Black,PRESENT,Kem chống nắng OHUI DAY SHIELD Perfect Sun Black,TRUE,multi-agent-visual-audit,Automated three-agent visual audit; FMCG_ONLY policy; source report agent_0001_0133.json.
priv_d_0117,priv_d_0117.jpg,../../images/priv_d_0117.jpg,C:\HCMUT\Projects\HACKATHON\2nd_URA\images\priv_d_0117.jpg,CONFIRMED,None,Bộ các hũ kem tẩy tế bào chết dạng hạt đường TREE HUT Shea Sugar Scrub nhiều hương vị khác nhau.,PRESENT,Các hũ tẩy tế bào chết toàn thân TREE HUT Shea Sugar Scrub,PRESENT,Các hũ tẩy tế bào chết toàn thân TREE HUT Shea Sugar Scrub,TRUE,multi-agent-visual-audit,Automated three-agent visual audit; FMCG_ONLY policy; source report agent_0001_0133.json.
priv_d_0118,priv_d_0118.jpg,../../images/priv_d_0118.jpg,C:\HCMUT\Projects\HACKATHON\2nd_URA\images\priv_d_0118.jpg,CONFIRMED,None,Tay cầm hộp phấn che khuyết điểm 3 ô TFIT cùng bút che khuyết điểm the SAEM.,PRESENT,Hộp che khuyết điểm TFIT và bút che khuyết điểm the SAEM,PRESENT,Hộp che khuyết điểm TFIT và bút che khuyết điểm the SAEM,TRUE,multi-agent-visual-audit,Automated three-agent visual audit; FMCG_ONLY policy; source report agent_0001_0133.json.
priv_d_0119,priv_d_0119.jpg,../../images/priv_d_0119.jpg,C:\HCMUT\Projects\HACKATHON\2nd_URA\images\priv_d_0119.jpg,CONFIRMED,None,Tay cầm thỏi mascara chải chân mày LOCK SWEET màu hồng tím nhạt trước túi trang điểm.,PRESENT,Cây chuốt mascara chân mày LOCK SWEET,PRESENT,Cây chuốt mascara chân mày LOCK SWEET,TRUE,multi-agent-visual-audit,Automated three-agent visual audit; FMCG_ONLY policy; source report agent_0001_0133.json.
priv_d_0120,priv_d_0120.jpg,../../images/priv_d_0120.jpg,C:\HCMUT\Projects\HACKATHON\2nd_URA\images\priv_d_0120.jpg,CONFIRMED,None,Que kem dẻo đậu xanh cắn dở và bao bì que kem đậu xanh thương hiệu BÌNH DUNG Ice Cream.,PRESENT,Que kem dẻo đậu xanh Bình Dung Ice Cream,PRESENT,Que kem dẻo đậu xanh Bình Dung Ice Cream,TRUE,multi-agent-visual-audit,Automated three-agent visual audit; FMCG_ONLY policy; source report agent_0001_0133.json.
priv_d_0121,priv_d_0121.jpg,../../images/priv_d_0121.jpg,C:\HCMUT\Projects\HACKATHON\2nd_URA\images\priv_d_0121.jpg,CONFIRMED,None,"Khay chứa nhiều gói mì ăn liền các thương hiệu Hảo Hảo, Indomie, Miliket sa tế, 3 Miền và Gấu Đỏ.",PRESENT,"Các gói mì ăn liền Hảo Hảo, Indomie, Miliket, 3 Miền và Gấu Đỏ",PRESENT,"Các gói mì ăn liền Hảo Hảo, Indomie, Miliket, 3 Miền và Gấu Đỏ",TRUE,multi-agent-visual-audit,Automated three-agent visual audit; FMCG_ONLY policy; source report agent_0001_0133.json.
priv_d_0122,priv_d_0122.jpg,../../images/priv_d_0122.jpg,C:\HCMUT\Projects\HACKATHON\2nd_URA\images\priv_d_0122.jpg,CONFIRMED,None,Banner Hasaki quảng cáo tuýp kem dưỡng làm dịu da và kem chống nắng SKIN1004 Madagascar Centella.,PRESENT,Kem dưỡng và kem chống nắng SKIN1004 Madagascar Centella,PRESENT,Kem dưỡng và kem chống nắng SKIN1004 Madagascar Centella,TRUE,multi-agent-visual-audit,Automated three-agent visual audit; FMCG_ONLY policy; source report agent_0001_0133.json.
priv_d_0123,priv_d_0123.jpg,../../images/priv_d_0123.jpg,C:\HCMUT\Projects\HACKATHON\2nd_URA\images\priv_d_0123.jpg,CONFIRMED,None,Giỏ xe đẩy hàng siêu thị chứa đầy các tuýp kem chống nắng Mixa Solaire Dermo Protect SPF 50+.,PRESENT,Các tuýp kem chống nắng Mixa Solaire Dermo Protect SPF 50+ trong giỏ hàng siêu thị,PRESENT,Các tuýp kem chống nắng Mixa Solaire Dermo Protect SPF 50+ trong giỏ hàng siêu thị,TRUE,multi-agent-visual-audit,Automated three-agent visual audit; FMCG_ONLY policy; source report agent_0001_0133.json.
priv_d_0124,priv_d_0124.jpg,../../images/priv_d_0124.jpg,C:\HCMUT\Projects\HACKATHON\2nd_URA\images\priv_d_0124.jpg,CONFIRMED,None,Các ly trà sữa bơ Pháp mặn pha chế tại chỗ của quán Trà Sữa SHARE tại Trâu Quỳ.,ABSENT,,PRESENT,"Ảnh quảng bá các ly trà sữa và đồ ăn vặt của Trà Sữa SHARE, có nhãn vị Thái đỏ và Thái xanh.",TRUE,multi-agent-visual-audit,Automated three-agent visual audit; FMCG_ONLY policy; source report agent_0001_0133.json.
priv_d_0125,priv_d_0125.jpg,../../images/priv_d_0125.jpg,C:\HCMUT\Projects\HACKATHON\2nd_URA\images\priv_d_0125.jpg,CONFIRMED,None,Cây chuốt mi Mascara Maybelline The Hyper Curl Volum Express Waterproof nắp hồng bóng kèm cọ chuốt.,PRESENT,Mascara Maybelline The Hyper Curl Volum Express Waterproof,PRESENT,Mascara Maybelline The Hyper Curl Volum Express Waterproof,TRUE,multi-agent-visual-audit,Automated three-agent visual audit; FMCG_ONLY policy; source report agent_0001_0133.json.
priv_d_0126,priv_d_0126.jpg,../../images/priv_d_0126.jpg,C:\HCMUT\Projects\HACKATHON\2nd_URA\images\priv_d_0126.jpg,CONFIRMED,None,Cảnh biển vịnh với nhiều thuyền đánh cá và nhà bè nuôi trồng thủy sản trên mặt biển.,ABSENT,,ABSENT,,TRUE,multi-agent-visual-audit,Automated three-agent visual audit; FMCG_ONLY policy; source report agent_0001_0133.json.
priv_d_0127,priv_d_0127.jpg,../../images/priv_d_0127.jpg,C:\HCMUT\Projects\HACKATHON\2nd_URA\images\priv_d_0127.jpg,CONFIRMED,None,Ảnh chụp cận cảnh vùng da mũi so sánh trước và sau khi làm sạch mụn đầu đen không có sản phẩm.,ABSENT,,ABSENT,,TRUE,multi-agent-visual-audit,Automated three-agent visual audit; FMCG_ONLY policy; source report agent_0001_0133.json.
priv_d_0128,priv_d_0128.jpg,../../images/priv_d_0128.jpg,C:\HCMUT\Projects\HACKATHON\2nd_URA\images\priv_d_0128.jpg,CONFIRMED,None,Tay cầm hai chai xịt khóa nền trang điểm SO.NATURAL FIXX màu hồng và 3CE Shimmer Makeup Fixer.,PRESENT,Xịt khoá nền SO.NATURAL FIXX và 3CE Shimmer Makeup Fixer,PRESENT,Xịt khoá nền SO.NATURAL FIXX và 3CE Shimmer Makeup Fixer,TRUE,multi-agent-visual-audit,Automated three-agent visual audit; FMCG_ONLY policy; source report agent_0001_0133.json.
priv_d_0129,priv_d_0129.jpg,../../images/priv_d_0129.jpg,C:\HCMUT\Projects\HACKATHON\2nd_URA\images\priv_d_0129.jpg,CONFIRMED,None,"Bộ sưu tập các chai nước tẩy trang micellar water của Garnier, Hatomugi, Hada Labo, L'Oreal, Evoluderm và Eveline.",PRESENT,"Các chai nước tẩy trang Eveline, L'Oreal, Evoluderm, Hada Labo, Hatomugi và Garnier",PRESENT,"Các chai nước tẩy trang Eveline, L'Oreal, Evoluderm, Hada Labo, Hatomugi và Garnier",TRUE,multi-agent-visual-audit,Automated three-agent visual audit; FMCG_ONLY policy; source report agent_0001_0133.json.
priv_d_0130,priv_d_0130.jpg,../../images/priv_d_0130.jpg,C:\HCMUT\Projects\HACKATHON\2nd_URA\images\priv_d_0130.jpg,CONFIRMED,None,Tay cầm chai xịt khoáng dưỡng ẩm chiết xuất nha đam ASPASIA MOIST UP FACE MIST ALOE VERA màu xanh lá.,PRESENT,Chai xịt khoáng ASPASIA MOIST UP FACE MIST ALOE VERA,PRESENT,Chai xịt khoáng ASPASIA MOIST UP FACE MIST ALOE VERA,TRUE,multi-agent-visual-audit,Automated three-agent visual audit; FMCG_ONLY policy; source report agent_0001_0133.json.
priv_d_0131,priv_d_0131.jpg,../../images/priv_d_0131.jpg,C:\HCMUT\Projects\HACKATHON\2nd_URA\images\priv_d_0131.jpg,CONFIRMED,None,Giường nằm đá muối khoáng Himalaya khung gỗ thông cho phòng xông hơi spa.,ABSENT,,ABSENT,,TRUE,multi-agent-visual-audit,Automated three-agent visual audit; FMCG_ONLY policy; source report agent_0001_0133.json.
priv_d_0132,priv_d_0132.jpg,../../images/priv_d_0132.jpg,C:\HCMUT\Projects\HACKATHON\2nd_URA\images\priv_d_0132.jpg,CONFIRMED,None,Cây chuốt mi Mascara Maybelline the Hyper Curl Waterproof phiên bản màu nâu cầm trên tay.,PRESENT,Mascara Maybelline The Hyper Curl Waterproof tông màu Brown,PRESENT,Mascara Maybelline The Hyper Curl Waterproof tông màu Brown,TRUE,multi-agent-visual-audit,Automated three-agent visual audit; FMCG_ONLY policy; source report agent_0001_0133.json.
priv_d_0133,priv_d_0133.jpg,../../images/priv_d_0133.jpg,C:\HCMUT\Projects\HACKATHON\2nd_URA\images\priv_d_0133.jpg,CONFIRMED,None,Chai tinh chất serum giảm rãnh nhăn da L'Oreal Paris Revitalift 1.5% Hyaluron Serum.,PRESENT,Serum dưỡng da L'Oreal Paris Revitalift Hyaluronic Acid 1.5%,PRESENT,Serum dưỡng da L'Oreal Paris Revitalift Hyaluronic Acid 1.5%,TRUE,multi-agent-visual-audit,Automated three-agent visual audit; FMCG_ONLY policy; source report agent_0001_0133.json.
priv_d_0134,priv_d_0134.jpg,../../images/priv_d_0134.jpg,C:\HCMUT\Projects\HACKATHON\2nd_URA\images\priv_d_0134.jpg,CONFIRMED,None,Hộp giấy đựng 4 chiếc bánh mì kẹp hamburger phô mai và thịt tươi chế biến thủ công.,ABSENT,,ABSENT,,TRUE,multi-agent-visual-audit,Automated three-agent visual audit; FMCG_ONLY policy; source report agent_0134_0266.json.
priv_d_0135,priv_d_0135.jpg,../../images/priv_d_0135.jpg,C:\HCMUT\Projects\HACKATHON\2nd_URA\images\priv_d_0135.jpg,CONFIRMED,None,Poster quảng bá tour du lịch Huế của Hoàng Thành Travel chụp chùa Thiên Mụ và đầm phá Tam Giang.,ABSENT,,ABSENT,,TRUE,multi-agent-visual-audit,Automated three-agent visual audit; FMCG_ONLY policy; source report agent_0134_0266.json. Branded non-FMCG finding intentionally retained as ABSENT.
priv_d_0136,priv_d_0136.jpg,../../images/priv_d_0136.jpg,C:\HCMUT\Projects\HACKATHON\2nd_URA\images\priv_d_0136.jpg,CONFIRMED,None,Cây nem chua Huế đóng gói túi nilon hút chân không thương hiệu Thảo Vy cầm trên tay.,PRESENT,Gói nem chua Huế Thảo Vy đóng gói hút chân không,PRESENT,Gói nem chua Huế Thảo Vy đóng gói hút chân không,TRUE,multi-agent-visual-audit,Automated three-agent visual audit; FMCG_ONLY policy; source report agent_0134_0266.json.
priv_d_0137,priv_d_0137.jpg,../../images/priv_d_0137.jpg,C:\HCMUT\Projects\HACKATHON\2nd_URA\images\priv_d_0137.jpg,CONFIRMED,None,Hình vẽ minh họa mặt trời dễ thương kèm thông điệp chia sẻ cảm xúc của The Right Turn.,ABSENT,,ABSENT,,TRUE,multi-agent-visual-audit,Automated three-agent visual audit; FMCG_ONLY policy; source report agent_0134_0266.json.
priv_d_0138,priv_d_0138.jpg,../../images/priv_d_0138.jpg,C:\HCMUT\Projects\HACKATHON\2nd_URA\images\priv_d_0138.jpg,CONFIRMED,None,Tuýp gel tẩy tế bào chết da mặt và toàn thân WHISIS Refining Peeling Gel 120ml.,PRESENT,Gel tẩy tế bào chết WHISIS Refining Peeling Gel,PRESENT,Gel tẩy tế bào chết WHISIS Refining Peeling Gel,TRUE,multi-agent-visual-audit,Automated three-agent visual audit; FMCG_ONLY policy; source report agent_0134_0266.json.
priv_d_0139,priv_d_0139.jpg,../../images/priv_d_0139.jpg,C:\HCMUT\Projects\HACKATHON\2nd_URA\images\priv_d_0139.jpg,CONFIRMED,None,Hai ly trà sữa bơ Pháp mặn Thái Xanh pha chế tại quán vỉa hè Trà Sữa SHARE.,ABSENT,,PRESENT,"Hai ly trà sữa SHARE, trong đó nhãn trên ly ghi trà sữa bơ phô mai mặn và trà xanh.",TRUE,multi-agent-visual-audit,Automated three-agent visual audit; FMCG_ONLY policy; source report agent_0134_0266.json.
priv_d_0140,priv_d_0140.jpg,../../images/priv_d_0140.jpg,C:\HCMUT\Projects\HACKATHON\2nd_URA\images\priv_d_0140.jpg,CONFIRMED,None,Thau thạch trân châu và hai ly nước Tiramisu pha chế thủ công tại quán Trà Sữa SHARE.,ABSENT,,PRESENT,Các ly Tiramisu by Share và đồ ăn vặt của Trà Sữa SHARE.,TRUE,multi-agent-visual-audit,Automated three-agent visual audit; FMCG_ONLY policy; source report agent_0134_0266.json.
priv_d_0141,priv_d_0141.jpg,../../images/priv_d_0141.jpg,C:\HCMUT\Projects\HACKATHON\2nd_URA\images\priv_d_0141.jpg,CONFIRMED,None,Banner Hasaki quảng cáo chai nước hoa hồng Klairs và tuýp gel rửa mặt tràm trà COSRX Low pH.,PRESENT,Nước hoa hồng Klairs Supple Preparation Unscented Toner và gel rửa mặt COSRX Low pH Good Morning,PRESENT,Nước hoa hồng Klairs Supple Preparation Unscented Toner và gel rửa mặt COSRX Low pH Good Morning,TRUE,multi-agent-visual-audit,Automated three-agent visual audit; FMCG_ONLY policy; source report agent_0134_0266.json.
priv_d_0142,priv_d_0142.jpg,../../images/priv_d_0142.jpg,C:\HCMUT\Projects\HACKATHON\2nd_URA\images\priv_d_0142.jpg,CONFIRMED,None,Chai sữa rửa mặt tạo bọt hoa hồng CAPPIR SKIN FACIAL CLEANSING MOUSSE kèm vỏ hộp.,PRESENT,Sữa rửa mặt tạo bọt CAPPIR SKIN FACIAL CLEANSING MOUSSE,PRESENT,Sữa rửa mặt tạo bọt CAPPIR SKIN FACIAL CLEANSING MOUSSE,TRUE,multi-agent-visual-audit,Automated three-agent visual audit; FMCG_ONLY policy; source report agent_0134_0266.json.
priv_d_0143,priv_d_0143.jpg,../../images/priv_d_0143.jpg,C:\HCMUT\Projects\HACKATHON\2nd_URA\images\priv_d_0143.jpg,CONFIRMED,None,Tay cầm tuýp kem lót trang điểm tfit Delicate Silk Veil Art Primer và hộp phấn tròn JUDYDOLL.,PRESENT,Tuýp kem lót tfit Delicate Silk Veil Art Primer và hộp phấn phủ JUDYDOLL,PRESENT,Tuýp kem lót tfit Delicate Silk Veil Art Primer và hộp phấn phủ JUDYDOLL,TRUE,multi-agent-visual-audit,Automated three-agent visual audit; FMCG_ONLY policy; source report agent_0134_0266.json.
priv_d_0144,priv_d_0144.jpg,../../images/priv_d_0144.jpg,C:\HCMUT\Projects\HACKATHON\2nd_URA\images\priv_d_0144.jpg,CONFIRMED,None,Giấy chứng nhận kết quả thử nghiệm chất lượng son Bernice của viện Newcenlab.,ABSENT,,PRESENT,Banner về son Bernice Cream Lipstick và kết quả kiểm nghiệm của NEWCENLAB.,TRUE,multi-agent-visual-audit,Automated three-agent visual audit; FMCG_ONLY policy; source report agent_0134_0266.json.
priv_d_0145,priv_d_0145.jpg,../../images/priv_d_0145.jpg,C:\HCMUT\Projects\HACKATHON\2nd_URA\images\priv_d_0145.jpg,CONFIRMED,None,Chiếc xe ô tô 7 chỗ màu trắng thương hiệu Toyota đỗ trên đường phố.,ABSENT,,ABSENT,,TRUE,multi-agent-visual-audit,Automated three-agent visual audit; FMCG_ONLY policy; source report agent_0134_0266.json. Branded non-FMCG finding intentionally retained as ABSENT.
priv_d_0146,priv_d_0146.jpg,../../images/priv_d_0146.jpg,C:\HCMUT\Projects\HACKATHON\2nd_URA\images\priv_d_0146.jpg,CONFIRMED,None,"Kệ sắt siêu thị trưng bày nhiều mặt hàng tiêu dùng nhanh như nước rửa chén Sunlight, nước giặt Amity, sữa tắm Lifebuoy.",PRESENT,"Kệ hàng tạp hóa trưng bày các sản phẩm nước rửa chén Sunlight, nước giặt Amity và sữa tắm Lifebuoy",PRESENT,"Kệ hàng tạp hóa trưng bày các sản phẩm nước rửa chén Sunlight, nước giặt Amity và sữa tắm Lifebuoy",TRUE,multi-agent-visual-audit,Automated three-agent visual audit; FMCG_ONLY policy; source report agent_0134_0266.json.
priv_d_0147,priv_d_0147.jpg,../../images/priv_d_0147.jpg,C:\HCMUT\Projects\HACKATHON\2nd_URA\images\priv_d_0147.jpg,CONFIRMED,None,Poster feedback khách hàng về tuýp kem chống nắng SUN CREAM LUCAS của Đan Thy Group.,PRESENT,Kem chống nắng SUN CREAM LUCAS SPF 50+ PA+++,PRESENT,Banner quảng cáo kem chống nắng Sun Cream Lucas.,TRUE,multi-agent-visual-audit,Automated three-agent visual audit; FMCG_ONLY policy; source report agent_0134_0266.json.
priv_d_0148,priv_d_0148.jpg,../../images/priv_d_0148.jpg,C:\HCMUT\Projects\HACKATHON\2nd_URA\images\priv_d_0148.jpg,CONFIRMED,None,Banner Hasaki quảng cáo chai nước hoa hồng dưỡng ẩm ROUND LAB 1025 Dokdo Toner kèm quà tặng gói kem chống nắng.,PRESENT,Chai toner ROUND LAB 1025 Dokdo Toner và combo kem chống nắng tặng kèm,PRESENT,Chai toner ROUND LAB 1025 Dokdo Toner và combo kem chống nắng tặng kèm,TRUE,multi-agent-visual-audit,Automated three-agent visual audit; FMCG_ONLY policy; source report agent_0134_0266.json.
priv_d_0149,priv_d_0149.jpg,../../images/priv_d_0149.jpg,C:\HCMUT\Projects\HACKATHON\2nd_URA\images\priv_d_0149.jpg,CONFIRMED,None,Tô chân gà sốt thái và ly nước kèm ảnh chụp màn hình tin nhắn đặt hàng ăn vặt.,ABSENT,,ABSENT,,TRUE,multi-agent-visual-audit,Automated three-agent visual audit; FMCG_ONLY policy; source report agent_0134_0266.json.
priv_d_0150,priv_d_0150.jpg,../../images/priv_d_0150.jpg,C:\HCMUT\Projects\HACKATHON\2nd_URA\images\priv_d_0150.jpg,CONFIRMED,None,Ảnh chụp màn hình cuộc trò chuyện tin nhắn khen đồ ăn rẻ kèm hình ảnh meme mèo hài hước.,ABSENT,,ABSENT,,TRUE,multi-agent-visual-audit,Automated three-agent visual audit; FMCG_ONLY policy; source report agent_0134_0266.json.
priv_d_0151,priv_d_0151.jpg,../../images/priv_d_0151.jpg,C:\HCMUT\Projects\HACKATHON\2nd_URA\images\priv_d_0151.jpg,CONFIRMED,NONE,Bông mút trang điểm thương hiệu Amortals màu xanh lá dạng giọt nước được xỏ ngón tay cầm trên tay,PRESENT,Ảnh chụp thực tế bông mút trang điểm giọt nước Amortals màu xanh lá,PRESENT,Bông mút rửa mặt Amortals màu xanh lá.,TRUE,multi-agent-visual-audit,Automated three-agent visual audit; FMCG_ONLY policy; source report agent_0134_0266.json.
priv_d_0152,priv_d_0152.jpg,../../images/priv_d_0152.jpg,C:\HCMUT\Projects\HACKATHON\2nd_URA\images\priv_d_0152.jpg,CONFIRMED,NONE,"Canh chua cá bông lau và các phần cá, rau sống nấu canh được đóng trong hộp nhựa giao hàng",ABSENT,,ABSENT,,TRUE,multi-agent-visual-audit,Automated three-agent visual audit; FMCG_ONLY policy; source report agent_0134_0266.json.
priv_d_0153,priv_d_0153.jpg,../../images/priv_d_0153.jpg,C:\HCMUT\Projects\HACKATHON\2nd_URA\images\priv_d_0153.jpg,CONFIRMED,NONE,Banner Hasaki giới thiệu hai tuýp kem chống nắng Beplain Sunmuse Mineral màu xanh lá và Tone Up màu tím dung tích 50ml,PRESENT,Banner Hasaki quảng cáo kem chống nắng Beplain Sunmuse Mineral Sunscreen và Sunmuse Tone Up & Correcting Sunscreen 50ml,PRESENT,Banner Hasaki quảng cáo kem chống nắng Beplain Sunmuse Mineral Sunscreen và Sunmuse Tone Up & Correcting Sunscreen 50ml,TRUE,multi-agent-visual-audit,Automated three-agent visual audit; FMCG_ONLY policy; source report agent_0134_0266.json.
priv_d_0154,priv_d_0154.jpg,../../images/priv_d_0154.jpg,C:\HCMUT\Projects\HACKATHON\2nd_URA\images\priv_d_0154.jpg,CONFIRMED,NONE,Các nắm xôi rắc ruốc chà bông được bọc kín bằng màng bọc thực phẩm,ABSENT,,ABSENT,,TRUE,multi-agent-visual-audit,Automated three-agent visual audit; FMCG_ONLY policy; source report agent_0134_0266.json.
priv_d_0155,priv_d_0155.jpg,../../images/priv_d_0155.jpg,C:\HCMUT\Projects\HACKATHON\2nd_URA\images\priv_d_0155.jpg,CONFIRMED,NONE,Tuýp kem chống nắng OHUI Day Shield Perfect Sun Black 30ml cầm trên tay bên cạnh thùng hàng,PRESENT,Ảnh chụp thực tế tuýp kem chống nắng OHUI Day Shield Perfect Sun Black SPF50+ PA++++ 30ml,PRESENT,Ảnh chụp thực tế tuýp kem chống nắng OHUI Day Shield Perfect Sun Black SPF50+ PA++++ 30ml,TRUE,multi-agent-visual-audit,Automated three-agent visual audit; FMCG_ONLY policy; source report agent_0134_0266.json.
priv_d_0156,priv_d_0156.jpg,../../images/priv_d_0156.jpg,C:\HCMUT\Projects\HACKATHON\2nd_URA\images\priv_d_0156.jpg,CONFIRMED,NONE,Hai chai nước tẩy trang Eveline Hyaluron Clinic B5 500ml và Evoluderm Peaux Sèches & Sensibles 500ml đặt cạnh nhau,PRESENT,Nước tẩy trang Eveline Hyaluron Clinic B5 Ultra-Moisturising và Evoluderm Eau Micellaire Hydratante 500ml,PRESENT,Nước tẩy trang Eveline Hyaluron Clinic B5 Ultra-Moisturising và Evoluderm Eau Micellaire Hydratante 500ml,TRUE,multi-agent-visual-audit,Automated three-agent visual audit; FMCG_ONLY policy; source report agent_0134_0266.json.
priv_d_0157,priv_d_0157.jpg,../../images/priv_d_0157.jpg,C:\HCMUT\Projects\HACKATHON\2nd_URA\images\priv_d_0157.jpg,CONFIRMED,NONE,"Các hộp giấy mở nắp đựng gà rán, khoai tây chiên, bánh pizza và đồ ăn vặt kèm nước sốt của quán Trà Sữa SHARE",PRESENT,"Set đồ ăn nhanh gồm gà rán, khoai tây chiên, pizza và nem chua rán đóng hộp của Trà Sữa SHARE",PRESENT,"Set đồ ăn nhanh gồm gà rán, khoai tây chiên, pizza và nem chua rán đóng hộp của Trà Sữa SHARE",TRUE,multi-agent-visual-audit,Automated three-agent visual audit; FMCG_ONLY policy; source report agent_0134_0266.json.
priv_d_0158,priv_d_0158.jpg,../../images/priv_d_0158.jpg,C:\HCMUT\Projects\HACKATHON\2nd_URA\images\priv_d_0158.jpg,CONFIRMED,NONE,Các ly nhựa đựng trà sữa tiramisu rắc bột cacao kèm bánh quy và trà trái cây màu hồng của thương hiệu Trà Sữa SHARE,PRESENT,Các ly trà sữa tiramisu và trà trái cây kèm topping của quán Trà Sữa SHARE,PRESENT,Các ly trà sữa tiramisu và trà trái cây kèm topping của quán Trà Sữa SHARE,TRUE,multi-agent-visual-audit,Automated three-agent visual audit; FMCG_ONLY policy; source report agent_0134_0266.json.
priv_d_0159,priv_d_0159.jpg,../../images/priv_d_0159.jpg,C:\HCMUT\Projects\HACKATHON\2nd_URA\images\priv_d_0159.jpg,CONFIRMED,NONE,Hai ly đồ uống trà có lớp kem kèm bắp rang bơ và trà xanh hoa quả in logo Mật Tea & Coffee trên khay gỗ,PRESENT,Ly đồ uống trà kem bắp và trà xanh đóng ly mang đi của quán Mật Tea & Coffee,PRESENT,Ly đồ uống trà kem bắp và trà xanh đóng ly mang đi của quán Mật Tea & Coffee,TRUE,multi-agent-visual-audit,Automated three-agent visual audit; FMCG_ONLY policy; source report agent_0134_0266.json.
priv_d_0160,priv_d_0160.jpg,../../images/priv_d_0160.jpg,C:\HCMUT\Projects\HACKATHON\2nd_URA\images\priv_d_0160.jpg,CONFIRMED,NONE,Hai bó kẹo mút dẻo marshmallow hình thú nhiều màu sắc bọc lưới nhựa đặt trên thùng carton Bánh Kẹo Thiên Hồng,PRESENT,Bó kẹo mút dẻo hình thú bọc lưới của Công ty TNHH Sản xuất Bánh Kẹo Thiên Hồng,PRESENT,Bó kẹo mút dẻo hình thú bọc lưới của Công ty TNHH Sản xuất Bánh Kẹo Thiên Hồng,TRUE,multi-agent-visual-audit,Automated three-agent visual audit; FMCG_ONLY policy; source report agent_0134_0266.json.
priv_d_0161,priv_d_0161.jpg,../../images/priv_d_0161.jpg,C:\HCMUT\Projects\HACKATHON\2nd_URA\images\priv_d_0161.jpg,CONFIRMED,NONE,Banner quảng cáo Hasaki gồm chai lăn khử mùi Perspirex Original 20ml và chì kẻ mày Lemonade màu nâu đậm,PRESENT,Banner Hasaki quảng cáo lăn khử mùi Perspirex Original 20ml và chì kẻ mày Lemonade Want It Got It 2 đầu,PRESENT,Banner Hasaki quảng cáo lăn khử mùi Perspirex Original 20ml và chì kẻ mày Lemonade Want It Got It 2 đầu,TRUE,multi-agent-visual-audit,Automated three-agent visual audit; FMCG_ONLY policy; source report agent_0134_0266.json.
priv_d_0162,priv_d_0162.jpg,../../images/priv_d_0162.jpg,C:\HCMUT\Projects\HACKATHON\2nd_URA\images\priv_d_0162.jpg,CONFIRMED,NONE,Banner quảng cáo tuýp gel tẩy tế bào chết WHISIS Hanbang Refining Peeling đặt cạnh củ nhân sâm và đĩa thảo dược đông y,PRESENT,Banner giới thiệu gel tẩy tế bào chết WHISIS Hanbang Refining Peeling Gel chiết xuất thảo dược đông y,PRESENT,Banner giới thiệu gel tẩy tế bào chết WHISIS Hanbang Refining Peeling Gel chiết xuất thảo dược đông y,TRUE,multi-agent-visual-audit,Automated three-agent visual audit; FMCG_ONLY policy; source report agent_0134_0266.json.
priv_d_0163,priv_d_0163.jpg,../../images/priv_d_0163.jpg,C:\HCMUT\Projects\HACKATHON\2nd_URA\images\priv_d_0163.jpg,CONFIRMED,NONE,Hai chai xịt chống nắng toàn thân Neutrogena Ultra Sheer Body Mist Sunscreen SPF 70 141g cầm trên tay tại cửa hàng,PRESENT,Ảnh chụp thực tế hai chai xịt chống nắng Neutrogena Ultra Sheer Body Mist Sunscreen SPF 70 141g,PRESENT,Ảnh chụp thực tế hai chai xịt chống nắng Neutrogena Ultra Sheer Body Mist Sunscreen SPF 70 141g,TRUE,multi-agent-visual-audit,Automated three-agent visual audit; FMCG_ONLY policy; source report agent_0134_0266.json.
priv_d_0164,priv_d_0164.jpg,../../images/priv_d_0164.jpg,C:\HCMUT\Projects\HACKATHON\2nd_URA\images\priv_d_0164.jpg,CONFIRMED,NONE,"Các túi bột lọc sâu vò, bánh canh bột gạo và mứt gừng đóng trong túi zip nilon",ABSENT,,ABSENT,,TRUE,multi-agent-visual-audit,Automated three-agent visual audit; FMCG_ONLY policy; source report agent_0134_0266.json.
priv_d_0165,priv_d_0165.jpg,../../images/priv_d_0165.jpg,C:\HCMUT\Projects\HACKATHON\2nd_URA\images\priv_d_0165.jpg,CONFIRMED,NONE,Chai tinh chất Clinique Moisture Surge Active Glow Serum màu hồng kèm hình ảnh nhỏ giọt serum thử nghiệm trên mu bàn tay,PRESENT,Ảnh chụp thực tế tinh chất dưỡng da Clinique Moisture Surge Active Glow Serum trên tay,PRESENT,Ảnh chụp thực tế tinh chất dưỡng da Clinique Moisture Surge Active Glow Serum trên tay,TRUE,multi-agent-visual-audit,Automated three-agent visual audit; FMCG_ONLY policy; source report agent_0134_0266.json.
priv_d_0166,priv_d_0166.jpg,../../images/priv_d_0166.jpg,C:\HCMUT\Projects\HACKATHON\2nd_URA\images\priv_d_0166.jpg,CONFIRMED,NONE,"Kệ hàng bách hóa xếp nhiều loại bánh hộp Danisa Butter Cookies, ChocoPie, Orion Custas, bánh quy Cosy và các gói ngũ cốc dinh dưỡng",PRESENT,"Kệ hàng tạp hóa trưng bày các sản phẩm bánh quy Danisa, bánh Orion Custas, bánh Cosy và bột ngũ cốc",PRESENT,"Kệ hàng tạp hóa trưng bày các sản phẩm bánh quy Danisa, bánh Orion Custas, bánh Cosy và bột ngũ cốc",TRUE,multi-agent-visual-audit,Automated three-agent visual audit; FMCG_ONLY policy; source report agent_0134_0266.json.
priv_d_0167,priv_d_0167.jpg,../../images/priv_d_0167.jpg,C:\HCMUT\Projects\HACKATHON\2nd_URA\images\priv_d_0167.jpg,CONFIRMED,NONE,Người phụ nữ nằm thư giãn trong bồn ủ đá muối Himalaya tại cơ sở spa làm đẹp,ABSENT,,ABSENT,,TRUE,multi-agent-visual-audit,Automated three-agent visual audit; FMCG_ONLY policy; source report agent_0134_0266.json.
priv_d_0168,priv_d_0168.jpg,../../images/priv_d_0168.jpg,C:\HCMUT\Projects\HACKATHON\2nd_URA\images\priv_d_0168.jpg,CONFIRMED,NONE,Chai thủy tinh màu nâu sẫm chứa tinh dầu Rosenor Rose Oil Botanical Damask Rose Oil được cầm trên tay,PRESENT,Ảnh chụp thực tế chai tinh dầu dưỡng da và tóc Rosenor Rose Oil chiết xuất hoa hồng Damask,PRESENT,Ảnh chụp thực tế chai tinh dầu dưỡng da và tóc Rosenor Rose Oil chiết xuất hoa hồng Damask,TRUE,multi-agent-visual-audit,Automated three-agent visual audit; FMCG_ONLY policy; source report agent_0134_0266.json.
priv_d_0169,priv_d_0169.jpg,../../images/priv_d_0169.jpg,C:\HCMUT\Projects\HACKATHON\2nd_URA\images\priv_d_0169.jpg,CONFIRMED,NONE,"Tập hợp các bát chè tráng miệng gồm chè khúc bạch rắc hạnh nhân, chè thạch lựu sương sa và chè trái cây nước cốt dừa",ABSENT,,ABSENT,,TRUE,multi-agent-visual-audit,Automated three-agent visual audit; FMCG_ONLY policy; source report agent_0134_0266.json.
priv_d_0170,priv_d_0170.jpg,../../images/priv_d_0170.jpg,C:\HCMUT\Projects\HACKATHON\2nd_URA\images\priv_d_0170.jpg,CONFIRMED,NONE,Cầm trên tay hai thỏi son gồm Romand màu 01 Pomeloco và lọ son Peripera Ink Velvet 24 trước cốp trang điểm,PRESENT,Ảnh chụp thực tế thỏi son Romand Zero Velvet Tint màu 01 Pomeloco và son Peripera Ink Velvet màu 24 trên tay,PRESENT,Ảnh chụp thực tế thỏi son Romand Zero Velvet Tint màu 01 Pomeloco và son Peripera Ink Velvet màu 24 trên tay,TRUE,multi-agent-visual-audit,Automated three-agent visual audit; FMCG_ONLY policy; source report agent_0134_0266.json.
priv_d_0171,priv_d_0171.jpg,../../images/priv_d_0171.jpg,C:\HCMUT\Projects\HACKATHON\2nd_URA\images\priv_d_0171.jpg,CONFIRMED,NONE,Infographic hướng dẫn công thức chăm sóc da kết hợp hoạt chất BHA và HA,ABSENT,,ABSENT,,TRUE,multi-agent-visual-audit,Automated three-agent visual audit; FMCG_ONLY policy; source report agent_0134_0266.json.
priv_d_0172,priv_d_0172.jpg,../../images/priv_d_0172.jpg,C:\HCMUT\Projects\HACKATHON\2nd_URA\images\priv_d_0172.jpg,CONFIRMED,NONE,Cầm trên tay hộp bánh bông lan phủ chà bông và sốt vàng bên cạnh hàng loạt hộp bánh đóng gói sẵn,PRESENT,Các hộp bánh bông lan chà bông sốt hoàng kim đóng hộp nhựa trong suốt,ABSENT,,TRUE,multi-agent-visual-audit,Automated three-agent visual audit; FMCG_ONLY policy; source report agent_0134_0266.json.
priv_d_0173,priv_d_0173.jpg,../../images/priv_d_0173.jpg,C:\HCMUT\Projects\HACKATHON\2nd_URA\images\priv_d_0173.jpg,CONFIRMED,NONE,Banner quảng cáo của L'Oréal Paris giải thích cấu trúc phân tử Micro Epidermic Hyaluronic Acid thẩm thấu vào các tầng biểu bì da,PRESENT,Banner L'Oréal Paris giới thiệu công nghệ Micro Epidermic Hyaluronic Acid chăm sóc da,PRESENT,Banner L'Oréal Paris giới thiệu công nghệ Micro Epidermic Hyaluronic Acid chăm sóc da,TRUE,multi-agent-visual-audit,Automated three-agent visual audit; FMCG_ONLY policy; source report agent_0134_0266.json.
priv_d_0174,priv_d_0174.jpg,../../images/priv_d_0174.jpg,C:\HCMUT\Projects\HACKATHON\2nd_URA\images\priv_d_0174.jpg,CONFIRMED,NONE,Tay cầm túi nilon chứa hộp giấy bánh pizza Chicago và gà rán dành cho 2 người của Trà Sữa SHARE,PRESENT,Hộp combo pizza Chicago và gà rán đóng gói mang về của quán Trà Sữa SHARE,PRESENT,Hộp combo pizza Chicago và gà rán đóng gói mang về của quán Trà Sữa SHARE,TRUE,multi-agent-visual-audit,Automated three-agent visual audit; FMCG_ONLY policy; source report agent_0134_0266.json.
priv_d_0175,priv_d_0175.jpg,../../images/priv_d_0175.jpg,C:\HCMUT\Projects\HACKATHON\2nd_URA\images\priv_d_0175.jpg,CONFIRMED,NONE,Banner quảng cáo tuýp kem chống nắng Dan Thy Sun Cream Lucas SPF 50 PA+++ kèm bao bì hộp và ảnh chụp tin nhắn phản hồi,PRESENT,Banner quảng cáo kem chống nắng Đan Thy Lucas Sun Cream SPF 50 PA+++ kèm tin nhắn đánh giá,PRESENT,Banner quảng cáo kem chống nắng Sun Cream Lucas của Đan Thy.,TRUE,multi-agent-visual-audit,Automated three-agent visual audit; FMCG_ONLY policy; source report agent_0134_0266.json.
priv_d_0176,priv_d_0176.jpg,../../images/priv_d_0176.jpg,C:\HCMUT\Projects\HACKATHON\2nd_URA\images\priv_d_0176.jpg,CONFIRMED,NONE,"Nhiều phần thức ăn nhanh Hàn Quốc gồm các hộp kimbap cuộn rong biển, gà rán nhiều vị sốt, mì sốt và bánh gạo cay tokbokki bày trên bàn",PRESENT,"Bàn tiệc đồ ăn nhanh gồm kimbap cuộn, gà rán sốt, tokbokki và khoai tây chiên đóng hộp",ABSENT,,TRUE,multi-agent-visual-audit,Automated three-agent visual audit; FMCG_ONLY policy; source report agent_0134_0266.json.
priv_d_0177,priv_d_0177.jpg,../../images/priv_d_0177.jpg,C:\HCMUT\Projects\HACKATHON\2nd_URA\images\priv_d_0177.jpg,CONFIRMED,NONE,Ảnh chụp màn hình cuộc trò chuyện tin nhắn đánh giá hương vị món trà tắc và chân gà,ABSENT,,ABSENT,,TRUE,multi-agent-visual-audit,Automated three-agent visual audit; FMCG_ONLY policy; source report agent_0134_0266.json.
priv_d_0178,priv_d_0178.jpg,../../images/priv_d_0178.jpg,C:\HCMUT\Projects\HACKATHON\2nd_URA\images\priv_d_0178.jpg,CONFIRMED,NONE,Cầm trên tay hai hộp đựng bông mút rửa mặt Amortals màu xanh lá kèm hai vòng đeo cổ tay bằng bông hình thỏ màu hồng,PRESENT,Ảnh chụp thực tế hai hộp bông mút rửa mặt Amortals kèm vòng tay bông hình thỏ,PRESENT,Ảnh chụp thực tế hai hộp bông mút rửa mặt Amortals kèm vòng tay bông hình thỏ,TRUE,multi-agent-visual-audit,Automated three-agent visual audit; FMCG_ONLY policy; source report agent_0134_0266.json.
priv_d_0179,priv_d_0179.jpg,../../images/priv_d_0179.jpg,C:\HCMUT\Projects\HACKATHON\2nd_URA\images\priv_d_0179.jpg,CONFIRMED,NONE,Cầm trên tay hộp phấn nước cushion Clio hình vuông màu đen và chai chiết kem nền Estée Lauder 1W1 trước cốp đồ trang điểm,PRESENT,Ảnh chụp thực tế hộp phấn nước Clio và chai chiết kem nền Estée Lauder tông màu 1W1 trên tay,PRESENT,Ảnh chụp thực tế hộp phấn nước Clio và chai chiết kem nền Estée Lauder tông màu 1W1 trên tay,TRUE,multi-agent-visual-audit,Automated three-agent visual audit; FMCG_ONLY policy; source report agent_0134_0266.json.
priv_d_0180,priv_d_0180.jpg,../../images/priv_d_0180.jpg,C:\HCMUT\Projects\HACKATHON\2nd_URA\images\priv_d_0180.jpg,CONFIRMED,NONE,Ảnh chụp đông người xếp hàng đổ xăng tại cây xăng Petrolimex vào buổi tối kèm tiêu đề chi tiêu tiết kiệm,ABSENT,,ABSENT,,TRUE,multi-agent-visual-audit,Automated three-agent visual audit; FMCG_ONLY policy; source report agent_0134_0266.json. Branded non-FMCG finding intentionally retained as ABSENT.
priv_d_0181,priv_d_0181.jpg,../../images/priv_d_0181.jpg,C:\HCMUT\Projects\HACKATHON\2nd_URA\images\priv_d_0181.jpg,CONFIRMED,NONE,Cầm trên tay hai tuýp kem dưỡng ẩm gồm Clinique Dramatically Different Moisturizing Gel 50ml màu vàng và Embryolisse Lait-Crème Concentré màu trắng xanh,PRESENT,Ảnh chụp thực tế tuýp kem dưỡng ẩm Clinique Dramatically Different Moisturizing Gel 50ml và Embryolisse Lait-Crème Concentré trên tay,PRESENT,Ảnh chụp thực tế tuýp kem dưỡng ẩm Clinique Dramatically Different Moisturizing Gel 50ml và Embryolisse Lait-Crème Concentré trên tay,TRUE,multi-agent-visual-audit,Automated three-agent visual audit; FMCG_ONLY policy; source report agent_0134_0266.json.
priv_d_0182,priv_d_0182.jpg,../../images/priv_d_0182.jpg,C:\HCMUT\Projects\HACKATHON\2nd_URA\images\priv_d_0182.jpg,CONFIRMED,NONE,Hình ảnh đồ họa nền màu pastel kèm chữ chúc thư giãn cuối tuần ngày thứ Sáu,ABSENT,,ABSENT,,TRUE,multi-agent-visual-audit,Automated three-agent visual audit; FMCG_ONLY policy; source report agent_0134_0266.json.
priv_d_0183,priv_d_0183.jpg,../../images/priv_d_0183.jpg,C:\HCMUT\Projects\HACKATHON\2nd_URA\images\priv_d_0183.jpg,CONFIRMED,NONE,Hai chai nước tẩy trang gồm Hada Labo Micellar Water Hydrating và chai vòi nhấn Hatomugi The Cleansing Lotion 500ml đặt cạnh nhau,PRESENT,Nước tẩy trang Hada Labo Micellar Water Hydrating và Hatomugi The Cleansing Lotion 500ml,PRESENT,Nước tẩy trang Hada Labo Micellar Water Hydrating và Hatomugi The Cleansing Lotion 500ml,TRUE,multi-agent-visual-audit,Automated three-agent visual audit; FMCG_ONLY policy; source report agent_0134_0266.json.
priv_d_0184,priv_d_0184.jpg,../../images/priv_d_0184.jpg,C:\HCMUT\Projects\HACKATHON\2nd_URA\images\priv_d_0184.jpg,CONFIRMED,NONE,Các hộp giấy đựng sữa rửa mặt tạo bọt Cappir Skin Facial Cleansing Mousse dung tích 150ml xếp đều trên kệ,PRESENT,Các hộp sữa rửa mặt tạo bọt Cappir Skin Facial Cleansing Mousse hương hoa hồng 150ml,PRESENT,Các hộp sữa rửa mặt tạo bọt Cappir Skin Facial Cleansing Mousse hương hoa hồng 150ml,TRUE,multi-agent-visual-audit,Automated three-agent visual audit; FMCG_ONLY policy; source report agent_0134_0266.json.
priv_d_0185,priv_d_0185.jpg,../../images/priv_d_0185.jpg,C:\HCMUT\Projects\HACKATHON\2nd_URA\images\priv_d_0185.jpg,CONFIRMED,NONE,Lớp bọt mịn trắng muốt trên hai bàn tay cùng hai chai sữa rửa mặt tạo bọt Cappir Skin Facial Cleansing Mousse 150ml,PRESENT,Banner quảng cáo sữa rửa mặt tạo bọt Cappir Skin Facial Cleansing Mousse chiết xuất hoa hồng,PRESENT,Banner quảng cáo sữa rửa mặt tạo bọt Cappir Skin Facial Cleansing Mousse chiết xuất hoa hồng,TRUE,multi-agent-visual-audit,Automated three-agent visual audit; FMCG_ONLY policy; source report agent_0134_0266.json.
priv_d_0186,priv_d_0186.jpg,../../images/priv_d_0186.jpg,C:\HCMUT\Projects\HACKATHON\2nd_URA\images\priv_d_0186.jpg,CONFIRMED,NONE,"Các que kem que Merino X Lõi Xốt vị sầu riêng, đậu xanh, dâu, khoai môn và các bao bì kem Merino trong thùng",PRESENT,Ảnh chụp các que kem Merino X Lõi Xốt nhiều hương vị và bao bì sản phẩm,PRESENT,Ảnh chụp các que kem Merino X Lõi Xốt nhiều hương vị và bao bì sản phẩm,TRUE,multi-agent-visual-audit,Automated three-agent visual audit; FMCG_ONLY policy; source report agent_0134_0266.json.
priv_d_0187,priv_d_0187.jpg,../../images/priv_d_0187.jpg,C:\HCMUT\Projects\HACKATHON\2nd_URA\images\priv_d_0187.jpg,CONFIRMED,NONE,Khay kem dâu tây làm thủ công kèm muỗng múc kem và các quả dâu tây tươi xung quanh,ABSENT,,ABSENT,,TRUE,multi-agent-visual-audit,Automated three-agent visual audit; FMCG_ONLY policy; source report agent_0134_0266.json.
priv_d_0188,priv_d_0188.jpg,../../images/priv_d_0188.jpg,C:\HCMUT\Projects\HACKATHON\2nd_URA\images\priv_d_0188.jpg,CONFIRMED,NONE,Đĩa bánh bao sữa chiên pate trứng cắt lát kèm ngăn đựng nước chấm,ABSENT,,ABSENT,,TRUE,multi-agent-visual-audit,Automated three-agent visual audit; FMCG_ONLY policy; source report agent_0134_0266.json.
priv_d_0189,priv_d_0189.jpg,../../images/priv_d_0189.jpg,C:\HCMUT\Projects\HACKATHON\2nd_URA\images\priv_d_0189.jpg,CONFIRMED,NONE,Cây chuốt mi và hộp mascara Browit by Nongchat Lift & Lock Mascara kèm hình ảnh minh họa mi cong gấp 3 lần,PRESENT,Banner quảng cáo chuốt mi Browit by Nongchat Lift & Lock Mascara màu Sexy Black,PRESENT,Banner quảng cáo chuốt mi Browit by Nongchat Lift & Lock Mascara màu Sexy Black,TRUE,multi-agent-visual-audit,Automated three-agent visual audit; FMCG_ONLY policy; source report agent_0134_0266.json.
priv_d_0190,priv_d_0190.jpg,../../images/priv_d_0190.jpg,C:\HCMUT\Projects\HACKATHON\2nd_URA\images\priv_d_0190.jpg,CONFIRMED,NONE,Ảnh chụp màn hình phản hồi tin nhắn kèm hình ảnh tô chân gà sốt tắc và ly trà đá,ABSENT,,ABSENT,,TRUE,multi-agent-visual-audit,Automated three-agent visual audit; FMCG_ONLY policy; source report agent_0134_0266.json.
priv_d_0191,priv_d_0191.jpg,../../images/priv_d_0191.jpg,C:\HCMUT\Projects\HACKATHON\2nd_URA\images\priv_d_0191.jpg,CONFIRMED,NONE,Banner quảng cáo bánh bao phô mai gồm bánh bao nhân xá xíu phô mai kéo sợi và bánh bao gà sợi trứng muối phô mai kèm giá 20k,PRESENT,Banner quảng cáo bánh bao phô mai vị xá xíu kéo sợi và gà sợi trứng muối,ABSENT,,TRUE,multi-agent-visual-audit,Automated three-agent visual audit; FMCG_ONLY policy; source report agent_0134_0266.json.
priv_d_0192,priv_d_0192.jpg,../../images/priv_d_0192.jpg,C:\HCMUT\Projects\HACKATHON\2nd_URA\images\priv_d_0192.jpg,CONFIRMED,NONE,Banner giới thiệu chai nước tẩy trang nắp nhấn Bioderma Sensibio H2O kèm các mũi tên nêu đặc điểm nổi bật,PRESENT,Banner quảng cáo nước tẩy trang Bioderma Sensibio H2O nắp nhún tiện lợi,PRESENT,Banner quảng cáo nước tẩy trang Bioderma Sensibio H2O nắp nhún tiện lợi,TRUE,multi-agent-visual-audit,Automated three-agent visual audit; FMCG_ONLY policy; source report agent_0134_0266.json.
priv_d_0193,priv_d_0193.jpg,../../images/priv_d_0193.jpg,C:\HCMUT\Projects\HACKATHON\2nd_URA\images\priv_d_0193.jpg,CONFIRMED,NONE,Vỉ mascara Maybelline New York Hyper Curl Waterproof chống nước cầm trên tay trước các thùng hàng carton,PRESENT,Ảnh chụp thực tế vỉ chuốt mi Maybelline New York Hyper Curl Waterproof Mascara trên tay,PRESENT,Ảnh chụp thực tế vỉ chuốt mi Maybelline New York Hyper Curl Waterproof Mascara trên tay,TRUE,multi-agent-visual-audit,Automated three-agent visual audit; FMCG_ONLY policy; source report agent_0134_0266.json.
priv_d_0194,priv_d_0194.jpg,../../images/priv_d_0194.jpg,C:\HCMUT\Projects\HACKATHON\2nd_URA\images\priv_d_0194.jpg,CONFIRMED,NONE,Banner giới thiệu chai sữa dưỡng thể làm sáng da Olay Body Cellscience B3+ dạng vòi bơm cùng công dụng sau 14 ngày,PRESENT,Banner quảng cáo sữa dưỡng thể Olay Body Cellscience B3+ dưỡng sáng da,PRESENT,Banner quảng cáo sữa dưỡng thể Olay Body Cellscience B3+ dưỡng sáng da,TRUE,multi-agent-visual-audit,Automated three-agent visual audit; FMCG_ONLY policy; source report agent_0134_0266.json.
priv_d_0195,priv_d_0195.jpg,../../images/priv_d_0195.jpg,C:\HCMUT\Projects\HACKATHON\2nd_URA\images\priv_d_0195.jpg,CONFIRMED,NONE,"Banner quảng cáo các gói bông mút trang điểm hình giọt nước Tai San các màu xanh lá, tím, vàng kèm hộp bao bì",PRESENT,Banner giới thiệu các bộ bông mút rửa mặt và trang điểm Tai San hình giọt nước,PRESENT,Banner giới thiệu các bộ bông mút rửa mặt và trang điểm Tai San hình giọt nước,TRUE,multi-agent-visual-audit,Automated three-agent visual audit; FMCG_ONLY policy; source report agent_0134_0266.json.
priv_d_0196,priv_d_0196.jpg,../../images/priv_d_0196.jpg,C:\HCMUT\Projects\HACKATHON\2nd_URA\images\priv_d_0196.jpg,CONFIRMED,NONE,Banner gian hàng chính hãng Huxley Official Store nêu công dụng của thành phần Glycerin và hạt đường Sucrose kèm mã QR,PRESENT,Banner chính hãng Huxley giới thiệu thành phần Glycerin và Sucrose trong sản phẩm tẩy tế bào chết,PRESENT,Banner chính hãng Huxley giới thiệu thành phần Glycerin và Sucrose trong sản phẩm tẩy tế bào chết,TRUE,multi-agent-visual-audit,Automated three-agent visual audit; FMCG_ONLY policy; source report agent_0134_0266.json.
priv_d_0197,priv_d_0197.jpg,../../images/priv_d_0197.jpg,C:\HCMUT\Projects\HACKATHON\2nd_URA\images\priv_d_0197.jpg,CONFIRMED,NONE,Cầm miếng bông bọt biển rửa mặt Amortals màu xanh lá trên tay phía trên bồn rửa mặt và hộp sản phẩm Amortals,PRESENT,Ảnh chụp thực tế bông mút rửa mặt Amortals màu xanh lá tại bồn rửa,PRESENT,Ảnh chụp thực tế bông mút rửa mặt Amortals màu xanh lá tại bồn rửa,TRUE,multi-agent-visual-audit,Automated three-agent visual audit; FMCG_ONLY policy; source report agent_0134_0266.json.
priv_d_0198,priv_d_0198.jpg,../../images/priv_d_0198.jpg,C:\HCMUT\Projects\HACKATHON\2nd_URA\images\priv_d_0198.jpg,CONFIRMED,NONE,"Giỏ mây chứa 6 hũ tẩy tế bào chết Dove Body Scrub Gommage Corps với nhiều chiết xuất lựu đỏ, dừa, hạt macca và đường nâu",PRESENT,Giỏ đựng các hũ tẩy tế bào chết toàn thân Dove Body Scrub Gommage Corps nhiều loại chiết xuất,PRESENT,Giỏ đựng các hũ tẩy tế bào chết toàn thân Dove Body Scrub Gommage Corps nhiều loại chiết xuất,TRUE,multi-agent-visual-audit,Automated three-agent visual audit; FMCG_ONLY policy; source report agent_0134_0266.json.
priv_d_0199,priv_d_0199.jpg,../../images/priv_d_0199.jpg,C:\HCMUT\Projects\HACKATHON\2nd_URA\images\priv_d_0199.jpg,CONFIRMED,NONE,Cầm trên tay hai hũ tẩy da chết Dove Body Scrub Gommage Corps chiết xuất muối hồng Himalaya và tinh dầu hoa hồng trước các thùng hàng,PRESENT,Ảnh chụp thực tế hai hũ tẩy tế bào chết Dove Body Scrub Himalayan Salt & Rose Oil trên tay,PRESENT,Ảnh chụp thực tế hai hũ tẩy tế bào chết Dove Body Scrub Himalayan Salt & Rose Oil trên tay,TRUE,multi-agent-visual-audit,Automated three-agent visual audit; FMCG_ONLY policy; source report agent_0134_0266.json.
priv_d_0200,priv_d_0200.jpg,../../images/priv_d_0200.jpg,C:\HCMUT\Projects\HACKATHON\2nd_URA\images\priv_d_0200.jpg,CONFIRMED,NONE,Cầm cây chuốt mi Maybelline The Hyper Curl Mascara Waterproof trên tay kèm hình ảnh cận cảnh đầu cọ và mi mắt cong sau khi dùng,PRESENT,Ảnh chụp thực tế cây chuốt mi Maybelline The Hyper Curl Mascara Waterproof kèm hình ảnh đầu cọ,PRESENT,Ảnh chụp thực tế cây chuốt mi Maybelline The Hyper Curl Mascara Waterproof kèm hình ảnh đầu cọ,TRUE,multi-agent-visual-audit,Automated three-agent visual audit; FMCG_ONLY policy; source report agent_0134_0266.json.
priv_d_0201,priv_d_0201.jpg,../../images/priv_d_0201.jpg,C:\HCMUT\Projects\HACKATHON\2nd_URA\images\priv_d_0201.jpg,CONFIRMED,NONE,Ảnh 4 bước thử nghiệm chất tạo bọt tẩy trang trên mu bàn tay không có nhãn hiệu sản phẩm rõ ràng.,ABSENT,,ABSENT,,TRUE,multi-agent-visual-audit,Automated three-agent visual audit; FMCG_ONLY policy; source report agent_0134_0266.json.
priv_d_0202,priv_d_0202.jpg,../../images/priv_d_0202.jpg,C:\HCMUT\Projects\HACKATHON\2nd_URA\images\priv_d_0202.jpg,CONFIRMED,NONE,Ảnh chụp hộp sản phẩm tinh dầu dưỡng tóc và da Rosenor Rose Oil hair & skin oil màu hồng đặt trên bàn.,PRESENT,Hộp tinh dầu dưỡng tóc và da Rosenor Rose Oil hair & skin oil màu hồng,PRESENT,Hộp tinh dầu dưỡng tóc và da Rosenor Rose Oil hair & skin oil màu hồng,TRUE,multi-agent-visual-audit,Automated three-agent visual audit; FMCG_ONLY policy; source report agent_0134_0266.json.
priv_d_0203,priv_d_0203.jpg,../../images/priv_d_0203.jpg,C:\HCMUT\Projects\HACKATHON\2nd_URA\images\priv_d_0203.jpg,CONFIRMED,NONE,Ảnh chụp màn hình bán hàng túi bắp rang bơ khổng lồ 2300ml thương hiệu Cô Tươi Pop Corn.,PRESENT,Túi bắp rang bơ Cô Tươi Pop Corn Rang bơ 2300ml trên giao diện ứng dụng mua sắm,PRESENT,Túi bắp rang bơ Cô Tươi Pop Corn Rang bơ 2300ml trên giao diện ứng dụng mua sắm,TRUE,multi-agent-visual-audit,Automated three-agent visual audit; FMCG_ONLY policy; source report agent_0134_0266.json.
priv_d_0204,priv_d_0204.jpg,../../images/priv_d_0204.jpg,C:\HCMUT\Projects\HACKATHON\2nd_URA\images\priv_d_0204.jpg,CONFIRMED,NONE,Ảnh chụp tay cầm cây nem chua Huế thương hiệu Thảo Vy trong bao bì nilon.,PRESENT,Cây nem chua Huế Thảo Vy đóng gói trong bao bì màu xanh lá,PRESENT,Cây nem chua Huế Thảo Vy đóng gói trong bao bì màu xanh lá,TRUE,multi-agent-visual-audit,Automated three-agent visual audit; FMCG_ONLY policy; source report agent_0134_0266.json.
priv_d_0205,priv_d_0205.jpg,../../images/priv_d_0205.jpg,C:\HCMUT\Projects\HACKATHON\2nd_URA\images\priv_d_0205.jpg,CONFIRMED,NONE,Ảnh chụp các sản phẩm kem chống nắng Mixa Solaire Peau Sensible Dermo-Protect SPF 50+ trên băng chuyền thu ngân.,PRESENT,Các tuýp và chai xịt kem chống nắng Mixa Solaire Dermo-Protect SPF 50+ trên quầy thanh toán,PRESENT,Các tuýp và chai xịt kem chống nắng Mixa Solaire Dermo-Protect SPF 50+ trên quầy thanh toán,TRUE,multi-agent-visual-audit,Automated three-agent visual audit; FMCG_ONLY policy; source report agent_0134_0266.json.
priv_d_0206,priv_d_0206.jpg,../../images/priv_d_0206.jpg,C:\HCMUT\Projects\HACKATHON\2nd_URA\images\priv_d_0206.jpg,CONFIRMED,NONE,Ảnh chụp tay cầm tuýp kem chống nắng OHUI Day Shield Perfect Sun Black cùng vệt kem thử nghiệm trên mu bàn tay.,PRESENT,Tuýp kem chống nắng OHUI Day Shield Black Perfect Sun SPF50+ PA++++ cùng vệt kem trên mu bàn tay,PRESENT,Tuýp kem chống nắng OHUI Day Shield Black Perfect Sun SPF50+ PA++++ cùng vệt kem trên mu bàn tay,TRUE,multi-agent-visual-audit,Automated three-agent visual audit; FMCG_ONLY policy; source report agent_0134_0266.json.
priv_d_0207,priv_d_0207.jpg,../../images/priv_d_0207.jpg,C:\HCMUT\Projects\HACKATHON\2nd_URA\images\priv_d_0207.jpg,CONFIRMED,NONE,Banner quảng cáo chai nước tẩy trang Bioderma Sensibio H2O nắp hồng dung tích 850ml.,PRESENT,Chai nước tẩy trang Bioderma Sensibio H2O 850ml trên bục trưng bày trong banner quảng cáo,PRESENT,Chai nước tẩy trang Bioderma Sensibio H2O 850ml trên bục trưng bày trong banner quảng cáo,TRUE,multi-agent-visual-audit,Automated three-agent visual audit; FMCG_ONLY policy; source report agent_0134_0266.json.
priv_d_0208,priv_d_0208.jpg,../../images/priv_d_0208.jpg,C:\HCMUT\Projects\HACKATHON\2nd_URA\images\priv_d_0208.jpg,CONFIRMED,NONE,"Ảnh chụp kệ siêu thị bày bán nhiều loại bánh kẹo đóng gói của Orion, Bibica, Want Want.",PRESENT,Kệ hàng tạp hóa trưng bày các loại bánh kẹo như Orion Gouté Custas ChocoPie bánh gạo An Coffee Joy,PRESENT,Kệ hàng tạp hóa trưng bày các loại bánh kẹo như Orion Gouté Custas ChocoPie bánh gạo An Coffee Joy,TRUE,multi-agent-visual-audit,Automated three-agent visual audit; FMCG_ONLY policy; source report agent_0134_0266.json.
priv_d_0209,priv_d_0209.jpg,../../images/priv_d_0209.jpg,C:\HCMUT\Projects\HACKATHON\2nd_URA\images\priv_d_0209.jpg,CONFIRMED,NONE,Banner quảng cáo tay cầm hũ kem dưỡng Barbie Skin Glow White Cream và chai serum Barbie Skin Peptide Serum.,PRESENT,Bộ đôi serum và kem dưỡng trắng Barbie Skin gồm Peptide Serum và Glow White Cream,PRESENT,Bộ đôi serum và kem dưỡng trắng Barbie Skin gồm Peptide Serum và Glow White Cream,TRUE,multi-agent-visual-audit,Automated three-agent visual audit; FMCG_ONLY policy; source report agent_0134_0266.json.
priv_d_0210,priv_d_0210.jpg,../../images/priv_d_0210.jpg,C:\HCMUT\Projects\HACKATHON\2nd_URA\images\priv_d_0210.jpg,CONFIRMED,NONE,"Hộp và túi chườm ngực nóng lạnh Emoon bằng vải nhung hỗ trợ mẹ sau sinh (vật dụng y tế gia đình, phi FMCG).",ABSENT,,ABSENT,,TRUE,multi-agent-visual-audit,Automated three-agent visual audit; FMCG_ONLY policy; source report agent_0134_0266.json. Branded non-FMCG finding intentionally retained as ABSENT.
priv_d_0211,priv_d_0211.jpg,../../images/priv_d_0211.jpg,C:\HCMUT\Projects\HACKATHON\2nd_URA\images\priv_d_0211.jpg,CONFIRMED,NONE,Ảnh chụp đĩa bánh giò Thành Phát gói lá chuối kèm một chiếc bánh mở nắp nhân trứng cút và thịt.,PRESENT,Bánh giò Thành Phát bọc lá chuối cùng một chiếc đã bóc vỏ lộ rõ nhân thịt và trứng cút,PRESENT,Bánh giò Thành Phát bọc lá chuối cùng một chiếc đã bóc vỏ lộ rõ nhân thịt và trứng cút,TRUE,multi-agent-visual-audit,Automated three-agent visual audit; FMCG_ONLY policy; source report agent_0134_0266.json.
priv_d_0212,priv_d_0212.jpg,../../images/priv_d_0212.jpg,C:\HCMUT\Projects\HACKATHON\2nd_URA\images\priv_d_0212.jpg,CONFIRMED,NONE,Banner giới thiệu sản phẩm gel tẩy tế bào chết Madeca Matcha Toning Peeling Gel thương hiệu Centellian24.,PRESENT,Chai gel tẩy tế bào chết Centellian24 Madeca Matcha Toning Peeling Gel màu xanh lục,PRESENT,Chai gel tẩy tế bào chết Centellian24 Madeca Matcha Toning Peeling Gel màu xanh lục,TRUE,multi-agent-visual-audit,Automated three-agent visual audit; FMCG_ONLY policy; source report agent_0134_0266.json.
priv_d_0213,priv_d_0213.jpg,../../images/priv_d_0213.jpg,C:\HCMUT\Projects\HACKATHON\2nd_URA\images\priv_d_0213.jpg,CONFIRMED,NONE,Ảnh chụp không gian nội thất phòng bếp hiện đại có đảo bếp bằng đá và tủ lạnh (phi FMCG).,ABSENT,,ABSENT,,TRUE,multi-agent-visual-audit,Automated three-agent visual audit; FMCG_ONLY policy; source report agent_0134_0266.json.
priv_d_0214,priv_d_0214.jpg,../../images/priv_d_0214.jpg,C:\HCMUT\Projects\HACKATHON\2nd_URA\images\priv_d_0214.jpg,CONFIRMED,NONE,"Ảnh chụp hộp ngũ cốc dinh dưỡng Damtuh Walnuts, Almonds, Job's Tears Tea của Hàn Quốc.",PRESENT,Hộp trà ngũ cốc óc chó hạnh nhân và ý dĩ Damtuh Hàn Quốc,PRESENT,Hộp trà ngũ cốc óc chó hạnh nhân và ý dĩ Damtuh Hàn Quốc,TRUE,multi-agent-visual-audit,Automated three-agent visual audit; FMCG_ONLY policy; source report agent_0134_0266.json.
priv_d_0215,priv_d_0215.jpg,../../images/priv_d_0215.jpg,C:\HCMUT\Projects\HACKATHON\2nd_URA\images\priv_d_0215.jpg,CONFIRMED,NONE,Ảnh ghép các món ăn gia đình cùng chai nước sốt tự nấu không có bao bì nhãn mác thương mại.,ABSENT,,ABSENT,,TRUE,multi-agent-visual-audit,Automated three-agent visual audit; FMCG_ONLY policy; source report agent_0134_0266.json.
priv_d_0216,priv_d_0216.jpg,../../images/priv_d_0216.jpg,C:\HCMUT\Projects\HACKATHON\2nd_URA\images\priv_d_0216.jpg,CONFIRMED,NONE,Ảnh chụp đường phố cắm cờ Đảng cờ Tổ quốc tuyên truyền bầu cử Quốc hội trên video TikTok (phi FMCG).,ABSENT,,ABSENT,,TRUE,multi-agent-visual-audit,Automated three-agent visual audit; FMCG_ONLY policy; source report agent_0134_0266.json.
priv_d_0217,priv_d_0217.jpg,../../images/priv_d_0217.jpg,C:\HCMUT\Projects\HACKATHON\2nd_URA\images\priv_d_0217.jpg,REPAIRED,REPETITION_FIX,Banner quảng cáo kem chống nắng Sun Cream Lucas của Đan Thy Group kèm tin nhắn phản hồi.,PRESENT,Hộp và tuýp kem chống nắng Đan Thy Sun Cream Lucas SPF 50 PA+++ trong ảnh phản hồi,PRESENT,Banner quảng cáo kem chống nắng Sun Cream Lucas của Đan Thy.,TRUE,multi-agent-visual-audit,Automated three-agent visual audit; FMCG_ONLY policy; source report agent_0134_0266.json.
priv_d_0218,priv_d_0218.jpg,../../images/priv_d_0218.jpg,C:\HCMUT\Projects\HACKATHON\2nd_URA\images\priv_d_0218.jpg,CONFIRMED,NONE,Ảnh quảng cáo các thỏi son dưỡng bóng d'Alba Plumping Lip Glow Volumizer xếp cùng hộp quà.,PRESENT,Hộp quà set son dưỡng môi d'Alba Plumping Lip Glow Volumizer,PRESENT,Hộp quà set son dưỡng môi d'Alba Plumping Lip Glow Volumizer,TRUE,multi-agent-visual-audit,Automated three-agent visual audit; FMCG_ONLY policy; source report agent_0134_0266.json.
priv_d_0219,priv_d_0219.jpg,../../images/priv_d_0219.jpg,C:\HCMUT\Projects\HACKATHON\2nd_URA\images\priv_d_0219.jpg,CONFIRMED,NONE,Banner khuyến mãi Hasaki hiển thị nước hoa hồng Klairs và serum cấp ẩm Klairs.,PRESENT,Chai nước hoa hồng Klairs Supple Preparation Facial Toner và serum Klairs Rich Moist Soothing Serum,PRESENT,Chai nước hoa hồng Klairs Supple Preparation Facial Toner và serum Klairs Rich Moist Soothing Serum,TRUE,multi-agent-visual-audit,Automated three-agent visual audit; FMCG_ONLY policy; source report agent_0134_0266.json.
priv_d_0220,priv_d_0220.jpg,../../images/priv_d_0220.jpg,C:\HCMUT\Projects\HACKATHON\2nd_URA\images\priv_d_0220.jpg,CONFIRMED,NONE,Ảnh chụp tay cầm hộp lông mi giả Menglu và tuýp keo mi Nyaxi.,PRESENT,Hộp lông mi giả Menglu kèm tuýp keo dán mi Nyaxi eye charm,PRESENT,Hộp lông mi giả Menglu kèm tuýp keo dán mi Nyaxi eye charm,TRUE,multi-agent-visual-audit,Automated three-agent visual audit; FMCG_ONLY policy; source report agent_0134_0266.json.
priv_d_0221,priv_d_0221.jpg,../../images/priv_d_0221.jpg,C:\HCMUT\Projects\HACKATHON\2nd_URA\images\priv_d_0221.jpg,CONFIRMED,NONE,Banner đồ họa hướng dẫn các bước sử dụng sản phẩm tẩy tế bào chết Huxley Official Store.,PRESENT,Banner hướng dẫn sử dụng sản phẩm chăm sóc da của thương hiệu Huxley,PRESENT,Banner hướng dẫn sử dụng sản phẩm chăm sóc da của thương hiệu Huxley,TRUE,multi-agent-visual-audit,Automated three-agent visual audit; FMCG_ONLY policy; source report agent_0134_0266.json.
priv_d_0222,priv_d_0222.jpg,../../images/priv_d_0222.jpg,C:\HCMUT\Projects\HACKATHON\2nd_URA\images\priv_d_0222.jpg,CONFIRMED,NONE,Banner khuyến mãi hiển thị chai tinh chất cấp ẩm Torriden Dive In Serum 50ml.,PRESENT,Chai serum cấp ẩm sâu Torriden Dive In Low Molecular Hyaluronic Acid 50ml,PRESENT,Chai serum cấp ẩm sâu Torriden Dive In Low Molecular Hyaluronic Acid 50ml,TRUE,multi-agent-visual-audit,Automated three-agent visual audit; FMCG_ONLY policy; source report agent_0134_0266.json.
priv_d_0223,priv_d_0223.jpg,../../images/priv_d_0223.jpg,C:\HCMUT\Projects\HACKATHON\2nd_URA\images\priv_d_0223.jpg,CONFIRMED,NONE,"Ảnh chụp các hộp kem lạnh Thái Lan dung tích 500ml vị dâu, vani và socola.",PRESENT,Các hộp kem Thái Lan 500ml hương dâu tây vani và socola,PRESENT,Các hộp kem Thái Lan 500ml hương dâu tây vani và socola,TRUE,multi-agent-visual-audit,Automated three-agent visual audit; FMCG_ONLY policy; source report agent_0134_0266.json.
priv_d_0224,priv_d_0224.jpg,../../images/priv_d_0224.jpg,C:\HCMUT\Projects\HACKATHON\2nd_URA\images\priv_d_0224.jpg,CONFIRMED,NONE,Banner so sánh ưu đãi sản phẩm lăn khử mùi Perspirex và kem chống nắng Beplain của Hasaki.,PRESENT,Lăn khử mùi Perspirex Comfort 20ml và tuýp kem chống nắng Beplain Sunmuse Mild Green 50ml,PRESENT,Lăn khử mùi Perspirex Comfort 20ml và tuýp kem chống nắng Beplain Sunmuse Mild Green 50ml,TRUE,multi-agent-visual-audit,Automated three-agent visual audit; FMCG_ONLY policy; source report agent_0134_0266.json.
priv_d_0225,priv_d_0225.jpg,../../images/priv_d_0225.jpg,C:\HCMUT\Projects\HACKATHON\2nd_URA\images\priv_d_0225.jpg,CONFIRMED,NONE,Ảnh chụp đôi dép quai hậu tập đi trẻ em hình mặt gấu màu be (phi FMCG).,ABSENT,,ABSENT,,TRUE,multi-agent-visual-audit,Automated three-agent visual audit; FMCG_ONLY policy; source report agent_0134_0266.json.
priv_d_0226,priv_d_0226.jpg,../../images/priv_d_0226.jpg,C:\HCMUT\Projects\HACKATHON\2nd_URA\images\priv_d_0226.jpg,CONFIRMED,NONE,Ảnh gấu bông Hello Kitty cầm ván lướt sóng kèm dòng chữ chế meme hài hước (phi FMCG).,ABSENT,,ABSENT,,TRUE,multi-agent-visual-audit,Automated three-agent visual audit; FMCG_ONLY policy; source report agent_0134_0266.json. Branded non-FMCG finding intentionally retained as ABSENT.
priv_d_0227,priv_d_0227.jpg,../../images/priv_d_0227.jpg,C:\HCMUT\Projects\HACKATHON\2nd_URA\images\priv_d_0227.jpg,CONFIRMED,NONE,Ảnh chụp bàn trang điểm có nhiều vỉ lông mi giả phục vụ bấm mi và nối mi.,PRESENT,Nhiều vỉ và hộp lông mi giả xếp trên bàn trang điểm,ABSENT,,TRUE,multi-agent-visual-audit,Automated three-agent visual audit; FMCG_ONLY policy; source report agent_0134_0266.json.
priv_d_0228,priv_d_0228.jpg,../../images/priv_d_0228.jpg,C:\HCMUT\Projects\HACKATHON\2nd_URA\images\priv_d_0228.jpg,CONFIRMED,NONE,Ảnh các thùng carton và túi bưu phẩm đóng gói vận chuyển đón Tết (phi FMCG).,ABSENT,,ABSENT,,TRUE,multi-agent-visual-audit,Automated three-agent visual audit; FMCG_ONLY policy; source report agent_0134_0266.json.
priv_d_0229,priv_d_0229.jpg,../../images/priv_d_0229.jpg,C:\HCMUT\Projects\HACKATHON\2nd_URA\images\priv_d_0229.jpg,CONFIRMED,NONE,"Ảnh chụp màn hình trường quay bản tin Thời sự VTV1 đưa tin về pate Cột Đèn (tin tức truyền hình, phi FMCG).",ABSENT,,PRESENT,Bản tin giới thiệu pate Cột Đèn Hải Phòng.,TRUE,multi-agent-visual-audit,Automated three-agent visual audit; FMCG_ONLY policy; source report agent_0134_0266.json.
priv_d_0230,priv_d_0230.jpg,../../images/priv_d_0230.jpg,C:\HCMUT\Projects\HACKATHON\2nd_URA\images\priv_d_0230.jpg,CONFIRMED,NONE,Ảnh chụp lon pate Cột Đèn kim loại của Công ty CP Đồ hộp Hạ Long.,PRESENT,Hộp pate Cột Đèn do Công ty Đồ hộp Hạ Long sản xuất,PRESENT,Hộp pate Cột Đèn do Công ty Đồ hộp Hạ Long sản xuất,TRUE,multi-agent-visual-audit,Automated three-agent visual audit; FMCG_ONLY policy; source report agent_0134_0266.json.
priv_d_0231,priv_d_0231.jpg,../../images/priv_d_0231.jpg,C:\HCMUT\Projects\HACKATHON\2nd_URA\images\priv_d_0231.jpg,CONFIRMED,NONE,Ảnh đồ họa tin tức hiển thị các sản phẩm đồ hộp chế biến sẵn của Halong Canfoco.,PRESENT,Các lon đồ hộp Hạ Long Canfoco gồm Thịt Bò Xay Cá sốt cà Thịt Bò sốt cà chua và Bò Hầm,PRESENT,Các lon đồ hộp Hạ Long Canfoco gồm Thịt Bò Xay Cá sốt cà Thịt Bò sốt cà chua và Bò Hầm,TRUE,multi-agent-visual-audit,Automated three-agent visual audit; FMCG_ONLY policy; source report agent_0134_0266.json.
priv_d_0232,priv_d_0232.jpg,../../images/priv_d_0232.jpg,C:\HCMUT\Projects\HACKATHON\2nd_URA\images\priv_d_0232.jpg,CONFIRMED,NONE,Infographic CafeF tổng hợp các hộp pate và đồ hộp Canfresh của Halong Canfoco.,PRESENT,Các sản phẩm pate Cột Đèn và hoa quả đóng hộp Canfresh trước cổng Đồ Hộp Hạ Long Halong Canfoco,PRESENT,Các sản phẩm pate Cột Đèn và hoa quả đóng hộp Canfresh trước cổng Đồ Hộp Hạ Long Halong Canfoco,TRUE,multi-agent-visual-audit,Automated three-agent visual audit; FMCG_ONLY policy; source report agent_0134_0266.json.
priv_d_0233,priv_d_0233.jpg,../../images/priv_d_0233.jpg,C:\HCMUT\Projects\HACKATHON\2nd_URA\images\priv_d_0233.jpg,CONFIRMED,NONE,Ảnh tin tức Hà Nội News đưa tin về Công ty Đồ Hộp Hạ Long kèm lon pate Cột Đèn.,PRESENT,Lon đồ hộp pate Cột Đèn Hải Phòng trước cổng trụ sở Công ty Đồ Hộp Hạ Long,PRESENT,Lon đồ hộp pate Cột Đèn Hải Phòng trước cổng trụ sở Công ty Đồ Hộp Hạ Long,TRUE,multi-agent-visual-audit,Automated three-agent visual audit; FMCG_ONLY policy; source report agent_0134_0266.json.
priv_d_0234,priv_d_0234.jpg,../../images/priv_d_0234.jpg,C:\HCMUT\Projects\HACKATHON\2nd_URA\images\priv_d_0234.jpg,CONFIRMED,NONE,Ảnh chụp cận cảnh các lon pate Mai Vàng và Halong Canfoco xếp chồng lên nhau.,PRESENT,Các lon pate Mai Vàng Patê Gan Hảo Vị và Halong Canfoco Pate Cột Đèn Hải Phòng,PRESENT,Các lon pate Mai Vàng Patê Gan Hảo Vị và Halong Canfoco Pate Cột Đèn Hải Phòng,TRUE,multi-agent-visual-audit,Automated three-agent visual audit; FMCG_ONLY policy; source report agent_0134_0266.json.
priv_d_0235,priv_d_0235.jpg,../../images/priv_d_0235.jpg,C:\HCMUT\Projects\HACKATHON\2nd_URA\images\priv_d_0235.jpg,CONFIRMED,NONE,Ảnh chụp tay cầm hai lon thực phẩm đóng hộp gồm Vissan Cá Xốt Cà và Thịt Bò Xay.,PRESENT,Lon cá hộp Vissan Cá Xốt Cà và lon Thịt Bò Xay trên tay người dùng,PRESENT,Lon cá hộp Vissan Cá Xốt Cà và lon Thịt Bò Xay trên tay người dùng,TRUE,multi-agent-visual-audit,Automated three-agent visual audit; FMCG_ONLY policy; source report agent_0134_0266.json.
priv_d_0236,priv_d_0236.jpg,../../images/priv_d_0236.jpg,C:\HCMUT\Projects\HACKATHON\2nd_URA\images\priv_d_0236.jpg,CONFIRMED,NONE,Ảnh chụp quầy hàng sắt trong siêu thị bày bán các lon đồ hộp pate Cột Đèn.,PRESENT,Kệ khuyến mại siêu thị xếp đầy các lon pate Cột Đèn đóng hộp,PRESENT,Kệ khuyến mại siêu thị xếp đầy các lon pate Cột Đèn đóng hộp,TRUE,multi-agent-visual-audit,Automated three-agent visual audit; FMCG_ONLY policy; source report agent_0134_0266.json.
priv_d_0237,priv_d_0237.jpg,../../images/priv_d_0237.jpg,C:\HCMUT\Projects\HACKATHON\2nd_URA\images\priv_d_0237.jpg,CONFIRMED,NONE,Ảnh tin tức 28 News minh họa các lon pate Cột Đèn và nhà máy Ha Long Canfoco.,PRESENT,Lon pate Cột Đèn Hải Phòng trước khuôn viên nhà máy Halong Canfoco,PRESENT,Lon pate Cột Đèn Hải Phòng trước khuôn viên nhà máy Halong Canfoco,TRUE,multi-agent-visual-audit,Automated three-agent visual audit; FMCG_ONLY policy; source report agent_0134_0266.json.
priv_d_0238,priv_d_0238.jpg,../../images/priv_d_0238.jpg,C:\HCMUT\Projects\HACKATHON\2nd_URA\images\priv_d_0238.jpg,CONFIRMED,NONE,Ảnh chụp các khay inox chứa thịt làm pate truyền thống trong xưởng chế biến không có nhãn mác thương mại.,ABSENT,,PRESENT,Bản tin về pate Cột Đèn của Đồ hộp Hạ Long.,TRUE,multi-agent-visual-audit,Automated three-agent visual audit; FMCG_ONLY policy; source report agent_0134_0266.json.
priv_d_0239,priv_d_0239.jpg,../../images/priv_d_0239.jpg,C:\HCMUT\Projects\HACKATHON\2nd_URA\images\priv_d_0239.jpg,REPAIRED,SYNTAX_DUPLICATE_FIX,Ảnh chụp ly nước Trà Phúc Kiến Sen Vải của The Coffee House trong bản tin thông báo nguyên liệu.,PRESENT,Ly trà Phúc Kiến Sen Vải của The Coffee House kèm quả vải bên trên,PRESENT,Ly trà Phúc Kiến Sen Vải của The Coffee House kèm quả vải bên trên,TRUE,multi-agent-visual-audit,Automated three-agent visual audit; FMCG_ONLY policy; source report agent_0134_0266.json.
priv_d_0240,priv_d_0240.jpg,../../images/priv_d_0240.jpg,C:\HCMUT\Projects\HACKATHON\2nd_URA\images\priv_d_0240.jpg,CONFIRMED,NONE,Ảnh đồ họa tin tức tài chính ghép tòa nhà Novaland và các lon pate Cột Đèn Hải Phòng.,PRESENT,Các lon pate Cột Đèn Hải Phòng trong đồ họa tin tức tài chính Novaland,PRESENT,Các lon pate Cột Đèn Hải Phòng trong đồ họa tin tức tài chính Novaland,TRUE,multi-agent-visual-audit,Automated three-agent visual audit; FMCG_ONLY policy; source report agent_0134_0266.json.
priv_d_0241,priv_d_0241.jpg,../../images/priv_d_0241.jpg,C:\HCMUT\Projects\HACKATHON\2nd_URA\images\priv_d_0241.jpg,CONFIRMED,NONE,Ảnh chụp kệ siêu thị bày bán đồ hộp Cá sốt cà và Bò hầm trong bản tin truyền hình Cần Thơ.,PRESENT,Các lon đồ hộp Cá sốt cà và Bò hầm trên kệ trong bản tin Đài Cần Thơ,PRESENT,Các lon đồ hộp Cá sốt cà và Bò hầm trên kệ trong bản tin Đài Cần Thơ,TRUE,multi-agent-visual-audit,Automated three-agent visual audit; FMCG_ONLY policy; source report agent_0134_0266.json.
priv_d_0242,priv_d_0242.jpg,../../images/priv_d_0242.jpg,C:\HCMUT\Projects\HACKATHON\2nd_URA\images\priv_d_0242.jpg,CONFIRMED,NONE,Ảnh đồ họa logo giới thiệu kênh Tomchutrue Review trên nền xanh dương (phi FMCG).,ABSENT,,ABSENT,,TRUE,multi-agent-visual-audit,Automated three-agent visual audit; FMCG_ONLY policy; source report agent_0134_0266.json.
priv_d_0243,priv_d_0243.jpg,../../images/priv_d_0243.jpg,C:\HCMUT\Projects\HACKATHON\2nd_URA\images\priv_d_0243.jpg,CONFIRMED,NONE,Ảnh tin tức Sở VHTTDL Hải Phòng kèm hình minh họa lát bánh mì phết pate không có bao bì nhãn mác thương phẩm.,ABSENT,,PRESENT,Banner/bản tin bảo vệ thương hiệu pate Cột Đèn.,TRUE,multi-agent-visual-audit,Automated three-agent visual audit; FMCG_ONLY policy; source report agent_0134_0266.json.
priv_d_0244,priv_d_0244.jpg,../../images/priv_d_0244.jpg,C:\HCMUT\Projects\HACKATHON\2nd_URA\images\priv_d_0244.jpg,CONFIRMED,NONE,"Ảnh chụp bình sữa tự pha thức uống matcha latte sữa mẹ (cá nhân tự làm, phi FMCG).",ABSENT,,ABSENT,,TRUE,multi-agent-visual-audit,Automated three-agent visual audit; FMCG_ONLY policy; source report agent_0134_0266.json.
priv_d_0245,priv_d_0245.jpg,../../images/priv_d_0245.jpg,C:\HCMUT\Projects\HACKATHON\2nd_URA\images\priv_d_0245.jpg,CONFIRMED,NONE,Ảnh chụp hai phần ăn sáng eat-clean đựng trong hộp nhựa không có nhãn hiệu thương mại.,ABSENT,,ABSENT,,TRUE,multi-agent-visual-audit,Automated three-agent visual audit; FMCG_ONLY policy; source report agent_0134_0266.json.
priv_d_0246,priv_d_0246.jpg,../../images/priv_d_0246.jpg,C:\HCMUT\Projects\HACKATHON\2nd_URA\images\priv_d_0246.jpg,CONFIRMED,NONE,Ảnh công nhân xưởng may gia công túi xách cắt chỉ thừa tuyển dụng lao động (phi FMCG).,ABSENT,,ABSENT,,TRUE,multi-agent-visual-audit,Automated three-agent visual audit; FMCG_ONLY policy; source report agent_0134_0266.json.
priv_d_0247,priv_d_0247.jpg,../../images/priv_d_0247.jpg,C:\HCMUT\Projects\HACKATHON\2nd_URA\images\priv_d_0247.jpg,CONFIRMED,NONE,Ảnh tin tức về việc thu hồi chai sữa tắm X-Men For Boss Intense và nước rửa tay Botanika.,PRESENT,Chai sữa tắm nước hoa X-Men For Boss Intense và chai nước rửa tay Botanika,PRESENT,Chai sữa tắm nước hoa X-Men For Boss Intense và chai nước rửa tay Botanika,TRUE,multi-agent-visual-audit,Automated three-agent visual audit; FMCG_ONLY policy; source report agent_0134_0266.json.
priv_d_0248,priv_d_0248.jpg,../../images/priv_d_0248.jpg,C:\HCMUT\Projects\HACKATHON\2nd_URA\images\priv_d_0248.jpg,CONFIRMED,NONE,Ảnh đồ họa so sánh 4 dòng sản phẩm sữa bột công thức VitaDairy ColosBaby.,PRESENT,Bốn lon sữa bột dinh dưỡng VitaDairy ColosBaby gồm Gold Bio IQ và D3K2,PRESENT,Bốn lon sữa bột dinh dưỡng VitaDairy ColosBaby gồm Gold Bio IQ và D3K2,TRUE,multi-agent-visual-audit,Automated three-agent visual audit; FMCG_ONLY policy; source report agent_0134_0266.json.
priv_d_0249,priv_d_0249.jpg,../../images/priv_d_0249.jpg,C:\HCMUT\Projects\HACKATHON\2nd_URA\images\priv_d_0249.jpg,CONFIRMED,NONE,Ảnh chụp tay cầm hộp và tuýp gel massage làm ấm Oraso ThermaPlex Warming Gel.,PRESENT,Hộp và chai gel lăn giảm đau cổ vai gáy Oraso ThermaPlex Warming Gel,PRESENT,Hộp và chai gel lăn giảm đau cổ vai gáy Oraso ThermaPlex Warming Gel,TRUE,multi-agent-visual-audit,Automated three-agent visual audit; FMCG_ONLY policy; source report agent_0134_0266.json.
priv_d_0250,priv_d_0250.jpg,../../images/priv_d_0250.jpg,C:\HCMUT\Projects\HACKATHON\2nd_URA\images\priv_d_0250.jpg,CONFIRMED,NONE,Ảnh chụp tay cầm hũ bột dinh dưỡng thực vật Nuta Superfoods Ultimate Plant Protein+ hương sô-cô-la.,PRESENT,Hũ bột đạm thực vật Nuta Superfoods Ultimate Plant Protein+ hương Dutch Chocolate,PRESENT,Hũ bột đạm thực vật Nuta Superfoods Ultimate Plant Protein+ hương Dutch Chocolate,TRUE,multi-agent-visual-audit,Automated three-agent visual audit; FMCG_ONLY policy; source report agent_0134_0266.json.
priv_d_0251,priv_d_0251.jpg,../../images/priv_d_0251.jpg,C:\HCMUT\Projects\HACKATHON\2nd_URA\images\priv_d_0251.jpg,CONFIRMED,NONE,"Đĩa thức ăn ăn kiêng tự nấu gồm su su luộc, ức gà luộc và củ khoai",ABSENT,,ABSENT,,TRUE,multi-agent-visual-audit,Automated three-agent visual audit; FMCG_ONLY policy; source report agent_0134_0266.json.
priv_d_0252,priv_d_0252.jpg,../../images/priv_d_0252.jpg,C:\HCMUT\Projects\HACKATHON\2nd_URA\images\priv_d_0252.jpg,CONFIRMED,NONE,Thùng carton chứa các gói khăn ướt Mamamy Tropical mở nắp,PRESENT,Ảnh chụp thực tế thùng khăn ướt nhiệt đới Mamamy Tropical,PRESENT,Ảnh chụp thực tế thùng khăn ướt nhiệt đới Mamamy Tropical,TRUE,multi-agent-visual-audit,Automated three-agent visual audit; FMCG_ONLY policy; source report agent_0134_0266.json.
priv_d_0253,priv_d_0253.jpg,../../images/priv_d_0253.jpg,C:\HCMUT\Projects\HACKATHON\2nd_URA\images\priv_d_0253.jpg,CONFIRMED,NONE,Món tráng miệng chuối phủ sô-cô-la tự làm trong hộp nhựa,ABSENT,,ABSENT,,TRUE,multi-agent-visual-audit,Automated three-agent visual audit; FMCG_ONLY policy; source report agent_0134_0266.json.
priv_d_0254,priv_d_0254.jpg,../../images/priv_d_0254.jpg,C:\HCMUT\Projects\HACKATHON\2nd_URA\images\priv_d_0254.jpg,CONFIRMED,NONE,Chiếc đồng hồ báo thức màu trắng đặt trên sàn gỗ trong nhà,ABSENT,,ABSENT,,TRUE,multi-agent-visual-audit,Automated three-agent visual audit; FMCG_ONLY policy; source report agent_0134_0266.json.
priv_d_0255,priv_d_0255.jpg,../../images/priv_d_0255.jpg,C:\HCMUT\Projects\HACKATHON\2nd_URA\images\priv_d_0255.jpg,CONFIRMED,NONE,Ảnh chụp ngọn cỏ lau dưới ánh mặt trời kèm dòng chữ trích dẫn nhắc nhở,ABSENT,,ABSENT,,TRUE,multi-agent-visual-audit,Automated three-agent visual audit; FMCG_ONLY policy; source report agent_0134_0266.json.
priv_d_0256,priv_d_0256.jpg,../../images/priv_d_0256.jpg,C:\HCMUT\Projects\HACKATHON\2nd_URA\images\priv_d_0256.jpg,CONFIRMED,NONE,Chai kem chống nắng không rõ thương hiệu cầm trước màn hình máy tính hiển thị hoa cúc vàng,ABSENT,,ABSENT,,TRUE,multi-agent-visual-audit,Automated three-agent visual audit; FMCG_ONLY policy; source report agent_0134_0266.json.
priv_d_0257,priv_d_0257.jpg,../../images/priv_d_0257.jpg,C:\HCMUT\Projects\HACKATHON\2nd_URA\images\priv_d_0257.jpg,CONFIRMED,NONE,Hình nền trắng có dòng chữ Tạm biệt tháng 5 Xin Chào Tháng 6,ABSENT,,ABSENT,,TRUE,multi-agent-visual-audit,Automated three-agent visual audit; FMCG_ONLY policy; source report agent_0134_0266.json.
priv_d_0258,priv_d_0258.jpg,../../images/priv_d_0258.jpg,C:\HCMUT\Projects\HACKATHON\2nd_URA\images\priv_d_0258.jpg,CONFIRMED,NONE,Chiếc điện thoại iPhone 12 Pro Max màu xám trên tay tại cửa hàng điện thoại,ABSENT,,ABSENT,,TRUE,multi-agent-visual-audit,Automated three-agent visual audit; FMCG_ONLY policy; source report agent_0134_0266.json. Branded non-FMCG finding intentionally retained as ABSENT.
priv_d_0259,priv_d_0259.jpg,../../images/priv_d_0259.jpg,C:\HCMUT\Projects\HACKATHON\2nd_URA\images\priv_d_0259.jpg,CONFIRMED,NONE,Chiếc chảo chống dính Tefal Excellence Ceramic có tay cầm và tem nhãn,ABSENT,,ABSENT,,TRUE,multi-agent-visual-audit,Automated three-agent visual audit; FMCG_ONLY policy; source report agent_0134_0266.json. Branded non-FMCG finding intentionally retained as ABSENT.
priv_d_0260,priv_d_0260.jpg,../../images/priv_d_0260.jpg,C:\HCMUT\Projects\HACKATHON\2nd_URA\images\priv_d_0260.jpg,CONFIRMED,NONE,Gói thức ăn khô cho chó mèo LUSI Pet Treats Freeze-Dried Chicken Bits vị thịt gà 500g,PRESENT,Ảnh chụp thực tế gói thịt gà đông khô cho thú cưng LUSI Pet Treats Freeze-Dried Chicken Bits 500g,PRESENT,Ảnh chụp thực tế gói thịt gà đông khô cho thú cưng LUSI Pet Treats Freeze-Dried Chicken Bits 500g,TRUE,multi-agent-visual-audit,Automated three-agent visual audit; FMCG_ONLY policy; source report agent_0134_0266.json.
priv_d_0261,priv_d_0261.jpg,../../images/priv_d_0261.jpg,C:\HCMUT\Projects\HACKATHON\2nd_URA\images\priv_d_0261.jpg,CONFIRMED,NONE,Banner quảng bá sự kiện giải đấu PUBG Mobile Global Open,ABSENT,,ABSENT,,TRUE,multi-agent-visual-audit,Automated three-agent visual audit; FMCG_ONLY policy; source report agent_0134_0266.json. Branded non-FMCG finding intentionally retained as ABSENT.
priv_d_0262,priv_d_0262.jpg,../../images/priv_d_0262.jpg,C:\HCMUT\Projects\HACKATHON\2nd_URA\images\priv_d_0262.jpg,CONFIRMED,NONE,Hai tuýp kem ủ tóc bóng mượt LILYSTAR SMOOTH GLOSSY HAIR CARE CREAM màu vàng,PRESENT,Ảnh chụp thực tế hai tuýp kem dưỡng tóc LILYSTAR SMOOTH GLOSSY HAIR CARE CREAM 200ml,PRESENT,Ảnh chụp thực tế hai tuýp kem dưỡng tóc LILYSTAR SMOOTH GLOSSY HAIR CARE CREAM 200ml,TRUE,multi-agent-visual-audit,Automated three-agent visual audit; FMCG_ONLY policy; source report agent_0134_0266.json.
priv_d_0263,priv_d_0263.jpg,../../images/priv_d_0263.jpg,C:\HCMUT\Projects\HACKATHON\2nd_URA\images\priv_d_0263.jpg,CONFIRMED,NONE,Gói bánh cơm cháy chà bông vị mắm hành AVA FOOD 200g trên tay người cầm,PRESENT,Ảnh chụp thực tế gói Cơm Cháy Siêu Chà Bông Vị Mắm Hành AVA FOOD 200g,PRESENT,Ảnh chụp thực tế gói Cơm Cháy Siêu Chà Bông Vị Mắm Hành AVA FOOD 200g,TRUE,multi-agent-visual-audit,Automated three-agent visual audit; FMCG_ONLY policy; source report agent_0134_0266.json.
priv_d_0264,priv_d_0264.jpg,../../images/priv_d_0264.jpg,C:\HCMUT\Projects\HACKATHON\2nd_URA\images\priv_d_0264.jpg,CONFIRMED,NONE,Người làm vườn đang xử lý đất và rễ cây trong thùng xốp,ABSENT,,ABSENT,,TRUE,multi-agent-visual-audit,Automated three-agent visual audit; FMCG_ONLY policy; source report agent_0134_0266.json. Branded non-FMCG finding intentionally retained as ABSENT.
priv_d_0265,priv_d_0265.jpg,../../images/priv_d_0265.jpg,C:\HCMUT\Projects\HACKATHON\2nd_URA\images\priv_d_0265.jpg,CONFIRMED,NONE,Máy xay sinh tố công nghiệp đa năng vỏ kim loại sáng bóng trên mặt bàn bếp,ABSENT,,ABSENT,,TRUE,multi-agent-visual-audit,Automated three-agent visual audit; FMCG_ONLY policy; source report agent_0134_0266.json.
priv_d_0266,priv_d_0266.jpg,../../images/priv_d_0266.jpg,C:\HCMUT\Projects\HACKATHON\2nd_URA\images\priv_d_0266.jpg,CONFIRMED,NONE,Giỏ hoa hướng dương gắn trên xe đạp hướng về phía hoàng hôn,ABSENT,,ABSENT,,TRUE,multi-agent-visual-audit,Automated three-agent visual audit; FMCG_ONLY policy; source report agent_0134_0266.json.
priv_d_0267,priv_d_0267.jpg,../../images/priv_d_0267.jpg,C:\HCMUT\Projects\HACKATHON\2nd_URA\images\priv_d_0267.jpg,CONFIRMED,NONE,Ba lon sữa bột công thức ColosBaby LACTOFERRIN SYNBIOTIC số 2 của VitaDairy,PRESENT,Ảnh chụp thực tế ba lon sữa bột VitaDairy ColosBaby LACTOFERRIN SYNBIOTIC số 2,PRESENT,Ảnh chụp thực tế ba lon sữa bột VitaDairy ColosBaby LACTOFERRIN SYNBIOTIC số 2,TRUE,multi-agent-visual-audit,Automated three-agent visual audit; FMCG_ONLY policy; source report agent_0267_0400.json.
priv_d_0268,priv_d_0268.jpg,../../images/priv_d_0268.jpg,C:\HCMUT\Projects\HACKATHON\2nd_URA\images\priv_d_0268.jpg,CONFIRMED,NONE,Ảnh chụp bị mờ nhòe không rõ chi tiết của một hộp sản phẩm,ABSENT,,ABSENT,,TRUE,multi-agent-visual-audit,Automated three-agent visual audit; FMCG_ONLY policy; source report agent_0267_0400.json.
priv_d_0269,priv_d_0269.jpg,../../images/priv_d_0269.jpg,C:\HCMUT\Projects\HACKATHON\2nd_URA\images\priv_d_0269.jpg,CONFIRMED,NONE,Chiếc túi xách nỉ màu hồng đính các phụ kiện bông hoạt hình,ABSENT,,ABSENT,,TRUE,multi-agent-visual-audit,Automated three-agent visual audit; FMCG_ONLY policy; source report agent_0267_0400.json.
priv_d_0270,priv_d_0270.jpg,../../images/priv_d_0270.jpg,C:\HCMUT\Projects\HACKATHON\2nd_URA\images\priv_d_0270.jpg,CONFIRMED,NONE,"Khay nguyên liệu tươi sống gồm gan gà, khoai lang, rau mồng tơi và gạo để nấu cháo ăn dặm",ABSENT,,ABSENT,,TRUE,multi-agent-visual-audit,Automated three-agent visual audit; FMCG_ONLY policy; source report agent_0267_0400.json.
priv_d_0271,priv_d_0271.jpg,../../images/priv_d_0271.jpg,C:\HCMUT\Projects\HACKATHON\2nd_URA\images\priv_d_0271.jpg,CONFIRMED,NONE,Khối pin máy công cụ 20 cell màu đen viền đỏ trên tay,ABSENT,,ABSENT,,TRUE,multi-agent-visual-audit,Automated three-agent visual audit; FMCG_ONLY policy; source report agent_0267_0400.json.
priv_d_0272,priv_d_0272.jpg,../../images/priv_d_0272.jpg,C:\HCMUT\Projects\HACKATHON\2nd_URA\images\priv_d_0272.jpg,CONFIRMED,NONE,Hũ nhựa thủy tinh đựng gia vị nắp mở tiện lợi trong nhà bếp,ABSENT,,ABSENT,,TRUE,multi-agent-visual-audit,Automated three-agent visual audit; FMCG_ONLY policy; source report agent_0267_0400.json.
priv_d_0273,priv_d_0273.jpg,../../images/priv_d_0273.jpg,C:\HCMUT\Projects\HACKATHON\2nd_URA\images\priv_d_0273.jpg,CONFIRMED,NONE,Lon sữa bột cho trẻ suy dinh dưỡng biếng ăn ColosBaby Gold PEDIA của hãng VitaDairy,PRESENT,Ảnh chụp thực tế lon sữa bột VitaDairy ColosBaby Gold PEDIA 1-10 tuổi,PRESENT,Ảnh chụp thực tế lon sữa bột VitaDairy ColosBaby Gold PEDIA 1-10 tuổi,TRUE,multi-agent-visual-audit,Automated three-agent visual audit; FMCG_ONLY policy; source report agent_0267_0400.json.
priv_d_0274,priv_d_0274.jpg,../../images/priv_d_0274.jpg,C:\HCMUT\Projects\HACKATHON\2nd_URA\images\priv_d_0274.jpg,CONFIRMED,NONE,Bản tin truyền hình về chuyển đổi số dịch vụ công tại xã Bất Bạt,ABSENT,,ABSENT,,TRUE,multi-agent-visual-audit,Automated three-agent visual audit; FMCG_ONLY policy; source report agent_0267_0400.json.
priv_d_0275,priv_d_0275.jpg,../../images/priv_d_0275.jpg,C:\HCMUT\Projects\HACKATHON\2nd_URA\images\priv_d_0275.jpg,CONFIRMED,NONE,Hình ảnh bản tin về chiếc xe điện tự chế của học sinh cạnh công an,ABSENT,,ABSENT,,TRUE,multi-agent-visual-audit,Automated three-agent visual audit; FMCG_ONLY policy; source report agent_0267_0400.json.
priv_d_0276,priv_d_0276.jpg,../../images/priv_d_0276.jpg,C:\HCMUT\Projects\HACKATHON\2nd_URA\images\priv_d_0276.jpg,CONFIRMED,NONE,Bản tin y tế thông báo xử phạt công ty dược phẩm Abipha,ABSENT,,ABSENT,,TRUE,multi-agent-visual-audit,Automated three-agent visual audit; FMCG_ONLY policy; source report agent_0267_0400.json.
priv_d_0277,priv_d_0277.jpg,../../images/priv_d_0277.jpg,C:\HCMUT\Projects\HACKATHON\2nd_URA\images\priv_d_0277.jpg,CONFIRMED,NONE,Lon sữa bột bổ sung dinh dưỡng CaloSure AMERICA hỗ trợ tim mạch của VitaDairy loại 800g,PRESENT,Ảnh chụp thực tế lon sữa bột dinh dưỡng VitaDairy CaloSure AMERICA 800g,PRESENT,Ảnh chụp thực tế lon sữa bột dinh dưỡng VitaDairy CaloSure AMERICA 800g,TRUE,multi-agent-visual-audit,Automated three-agent visual audit; FMCG_ONLY policy; source report agent_0267_0400.json.
priv_d_0278,priv_d_0278.jpg,../../images/priv_d_0278.jpg,C:\HCMUT\Projects\HACKATHON\2nd_URA\images\priv_d_0278.jpg,CONFIRMED,NONE,Ảnh chụp góc nhìn thứ nhất khi đạp xe ban đêm kèm dòng chữ tâm trạng,ABSENT,,ABSENT,,TRUE,multi-agent-visual-audit,Automated three-agent visual audit; FMCG_ONLY policy; source report agent_0267_0400.json.
priv_d_0279,priv_d_0279.jpg,../../images/priv_d_0279.jpg,C:\HCMUT\Projects\HACKATHON\2nd_URA\images\priv_d_0279.jpg,CONFIRMED,NONE,Khối slime màu hồng phấn mềm xốp đặt trên mặt bàn,ABSENT,,ABSENT,,TRUE,multi-agent-visual-audit,Automated three-agent visual audit; FMCG_ONLY policy; source report agent_0267_0400.json.
priv_d_0280,priv_d_0280.jpg,../../images/priv_d_0280.jpg,C:\HCMUT\Projects\HACKATHON\2nd_URA\images\priv_d_0280.jpg,CONFIRMED,NONE,Các thố sứ yến chưng táo đỏ và đông trùng hạ thảo trong nồi hấp,ABSENT,,ABSENT,,TRUE,multi-agent-visual-audit,Automated three-agent visual audit; FMCG_ONLY policy; source report agent_0267_0400.json.
priv_d_0281,priv_d_0281.jpg,../../images/priv_d_0281.jpg,C:\HCMUT\Projects\HACKATHON\2nd_URA\images\priv_d_0281.jpg,CONFIRMED,NONE,Cảnh người bố bế con nhỏ đứng trước trạm y tế có băng rôn cho trẻ uống vitamin A,ABSENT,,ABSENT,,TRUE,multi-agent-visual-audit,Automated three-agent visual audit; FMCG_ONLY policy; source report agent_0267_0400.json.
priv_d_0282,priv_d_0282.jpg,../../images/priv_d_0282.jpg,C:\HCMUT\Projects\HACKATHON\2nd_URA\images\priv_d_0282.jpg,CONFIRMED,NONE,Hình ảnh chiếc điều khiển từ xa dùng cho máy chiếu EPSON,ABSENT,,ABSENT,,TRUE,multi-agent-visual-audit,Automated three-agent visual audit; FMCG_ONLY policy; source report agent_0267_0400.json. Branded non-FMCG finding intentionally retained as ABSENT.
priv_d_0283,priv_d_0283.jpg,../../images/priv_d_0283.jpg,C:\HCMUT\Projects\HACKATHON\2nd_URA\images\priv_d_0283.jpg,CONFIRMED,NONE,Bịch tã bỉm quần TopGia KIDS size L dành cho trẻ em 9-14kg,PRESENT,Ảnh chụp thực tế bịch bỉm quần trẻ em TopGia KIDS size L 34 miếng,PRESENT,Ảnh chụp thực tế bịch bỉm quần trẻ em TopGia KIDS size L 34 miếng,TRUE,multi-agent-visual-audit,Automated three-agent visual audit; FMCG_ONLY policy; source report agent_0267_0400.json.
priv_d_0284,priv_d_0284.jpg,../../images/priv_d_0284.jpg,C:\HCMUT\Projects\HACKATHON\2nd_URA\images\priv_d_0284.jpg,CONFIRMED,NONE,Ly hủ tiếu mì ăn liền hương vị thịt bằm Yes Mom 79.2g,PRESENT,Ảnh chụp thực tế ly hủ tiếu mì Yes Mom vị thịt bằm 79.2g,PRESENT,Ảnh chụp thực tế ly hủ tiếu mì Yes Mom vị thịt bằm 79.2g,TRUE,multi-agent-visual-audit,Automated three-agent visual audit; FMCG_ONLY policy; source report agent_0267_0400.json.
priv_d_0285,priv_d_0285.jpg,../../images/priv_d_0285.jpg,C:\HCMUT\Projects\HACKATHON\2nd_URA\images\priv_d_0285.jpg,CONFIRMED,NONE,Banner tin tức chúc mừng đội tuyển thể thao điện tử T1 Esports,ABSENT,,ABSENT,,TRUE,multi-agent-visual-audit,Automated three-agent visual audit; FMCG_ONLY policy; source report agent_0267_0400.json.
priv_d_0286,priv_d_0286.jpg,../../images/priv_d_0286.jpg,C:\HCMUT\Projects\HACKATHON\2nd_URA\images\priv_d_0286.jpg,CONFIRMED,NONE,"Ngăn tủ chứa các loại thực phẩm đóng gói gồm sữa Horizon Organic, snack Calbee và lon sữa Abbott Maloedka",PRESENT,Ảnh chụp thực tế kệ tủ đồ ăn vặt và lon sữa bột Abbott PediaSure Maloedka socola 850g,PRESENT,Ảnh chụp thực tế kệ tủ đồ ăn vặt và lon sữa bột Abbott PediaSure Maloedka socola 850g,TRUE,multi-agent-visual-audit,Automated three-agent visual audit; FMCG_ONLY policy; source report agent_0267_0400.json.
priv_d_0287,priv_d_0287.jpg,../../images/priv_d_0287.jpg,C:\HCMUT\Projects\HACKATHON\2nd_URA\images\priv_d_0287.jpg,CONFIRMED,NONE,Ba chiếc mũ lưỡi trai thời trang đính phụ kiện Hello Kitty,ABSENT,,ABSENT,,TRUE,multi-agent-visual-audit,Automated three-agent visual audit; FMCG_ONLY policy; source report agent_0267_0400.json. Branded non-FMCG finding intentionally retained as ABSENT.
priv_d_0288,priv_d_0288.jpg,../../images/priv_d_0288.jpg,C:\HCMUT\Projects\HACKATHON\2nd_URA\images\priv_d_0288.jpg,CONFIRMED,NONE,Hai tuýp kem bôi chăm sóc cơ thể Sexy Queen plus của TM Pharma,PRESENT,Ảnh chụp thực tế hai tuýp kem dưỡng săn chắc vòng 1 TM Pharma Sexy Queen plus 75g,PRESENT,Ảnh chụp thực tế hai tuýp kem dưỡng săn chắc vòng 1 TM Pharma Sexy Queen plus 75g,TRUE,multi-agent-visual-audit,Automated three-agent visual audit; FMCG_ONLY policy; source report agent_0267_0400.json.
priv_d_0289,priv_d_0289.jpg,../../images/priv_d_0289.jpg,C:\HCMUT\Projects\HACKATHON\2nd_URA\images\priv_d_0289.jpg,CONFIRMED,NONE,Hộp sữa bột dinh dưỡng cho xương khớp Anlene BONEMAX hương vani khối lượng 1.2kg,PRESENT,Ảnh chụp thực tế hộp sữa bột Anlene BONEMAX hương vani 1.2kg,PRESENT,Ảnh chụp thực tế hộp sữa bột Anlene BONEMAX hương vani 1.2kg,TRUE,multi-agent-visual-audit,Automated three-agent visual audit; FMCG_ONLY policy; source report agent_0267_0400.json.
priv_d_0290,priv_d_0290.jpg,../../images/priv_d_0290.jpg,C:\HCMUT\Projects\HACKATHON\2nd_URA\images\priv_d_0290.jpg,CONFIRMED,NONE,Combo các hộp kem đánh răng Colgate MaxFresh UltraFreeze tinh chất than tre và bạc hà,PRESENT,Ảnh chụp thực tế các hộp kem đánh răng Colgate MaxFresh UltraFreeze,PRESENT,Ảnh chụp thực tế các hộp kem đánh răng Colgate MaxFresh UltraFreeze,TRUE,multi-agent-visual-audit,Automated three-agent visual audit; FMCG_ONLY policy; source report agent_0267_0400.json.
priv_d_0291,priv_d_0291.jpg,../../images/priv_d_0291.jpg,C:\HCMUT\Projects\HACKATHON\2nd_URA\images\priv_d_0291.jpg,CONFIRMED,NONE,Chai serum trị thâm nám La Roche-Posay MELA B3 SERUM màu tím cầm trên tay,PRESENT,Ảnh chụp thực tế chai tinh chất La Roche-Posay MELA B3 SERUM,PRESENT,Ảnh chụp thực tế chai tinh chất La Roche-Posay MELA B3 SERUM,TRUE,multi-agent-visual-audit,Automated three-agent visual audit; FMCG_ONLY policy; source report agent_0267_0400.json.
priv_d_0292,priv_d_0292.jpg,../../images/priv_d_0292.jpg,C:\HCMUT\Projects\HACKATHON\2nd_URA\images\priv_d_0292.jpg,CONFIRMED,NONE,Hộp viên uống bổ sung vi chất cho mẹ sau sinh Vitabiotics Pregnacare breast-feeding,PRESENT,Ảnh chụp thực tế hộp thực phẩm bảo vệ sức khỏe Vitabiotics Pregnacare breast-feeding,PRESENT,Ảnh chụp thực tế hộp thực phẩm bảo vệ sức khỏe Vitabiotics Pregnacare breast-feeding,TRUE,multi-agent-visual-audit,Automated three-agent visual audit; FMCG_ONLY policy; source report agent_0267_0400.json.
priv_d_0293,priv_d_0293.jpg,../../images/priv_d_0293.jpg,C:\HCMUT\Projects\HACKATHON\2nd_URA\images\priv_d_0293.jpg,CONFIRMED,NONE,Hình nền đen có logo Phượt & Xe và lời mời tham gia nhóm,ABSENT,,ABSENT,,TRUE,multi-agent-visual-audit,Automated three-agent visual audit; FMCG_ONLY policy; source report agent_0267_0400.json.
priv_d_0294,priv_d_0294.jpg,../../images/priv_d_0294.jpg,C:\HCMUT\Projects\HACKATHON\2nd_URA\images\priv_d_0294.jpg,CONFIRMED,NONE,Hai chai sữa rửa mặt tạo bọt Tơ Tằm thiên nhiên của thương hiệu Cỏ Mềm Home Lab,PRESENT,Ảnh chụp thực tế hai chai sữa rửa mặt tạo bọt Tơ Tằm Cỏ Mềm Home Lab,PRESENT,Ảnh chụp thực tế hai chai sữa rửa mặt tạo bọt Tơ Tằm Cỏ Mềm Home Lab,TRUE,multi-agent-visual-audit,Automated three-agent visual audit; FMCG_ONLY policy; source report agent_0267_0400.json.
priv_d_0295,priv_d_0295.jpg,../../images/priv_d_0295.jpg,C:\HCMUT\Projects\HACKATHON\2nd_URA\images\priv_d_0295.jpg,CONFIRMED,NONE,Ảnh chụp con đường vắng và giỏ rau củ để bên lề đường,ABSENT,,ABSENT,,TRUE,multi-agent-visual-audit,Automated three-agent visual audit; FMCG_ONLY policy; source report agent_0267_0400.json.
priv_d_0296,priv_d_0296.jpg,../../images/priv_d_0296.jpg,C:\HCMUT\Projects\HACKATHON\2nd_URA\images\priv_d_0296.jpg,CONFIRMED,NONE,Bịch tã bỉm cho bé Gooby Extra Dry Power size M 50 miếng cùng hai hộp thủy tinh,PRESENT,Ảnh chụp thực tế bịch bỉm Gooby Extra x2.5 DRY POWER size M 50 miếng,PRESENT,Ảnh chụp thực tế bịch bỉm Gooby Extra x2.5 DRY POWER size M 50 miếng,TRUE,multi-agent-visual-audit,Automated three-agent visual audit; FMCG_ONLY policy; source report agent_0267_0400.json.
priv_d_0297,priv_d_0297.jpg,../../images/priv_d_0297.jpg,C:\HCMUT\Projects\HACKATHON\2nd_URA\images\priv_d_0297.jpg,CONFIRMED,NONE,Chai sữa rửa mặt Cetaphil Gentle Skin Cleanser dung tích 473ml trên tay,PRESENT,Ảnh chụp thực tế chai sữa rửa mặt Cetaphil Gentle Skin Cleanser 473ml,PRESENT,Ảnh chụp thực tế chai sữa rửa mặt Cetaphil Gentle Skin Cleanser 473ml,TRUE,multi-agent-visual-audit,Automated three-agent visual audit; FMCG_ONLY policy; source report agent_0267_0400.json.
priv_d_0298,priv_d_0298.jpg,../../images/priv_d_0298.jpg,C:\HCMUT\Projects\HACKATHON\2nd_URA\images\priv_d_0298.jpg,CONFIRMED,NONE,Giao diện trò chơi mô phỏng thời trang và tính năng tái chế đồ ảo,ABSENT,,ABSENT,,TRUE,multi-agent-visual-audit,Automated three-agent visual audit; FMCG_ONLY policy; source report agent_0267_0400.json.
priv_d_0299,priv_d_0299.jpg,../../images/priv_d_0299.jpg,C:\HCMUT\Projects\HACKATHON\2nd_URA\images\priv_d_0299.jpg,CONFIRMED,NONE,Bộ củ sạc và dây cáp sạc điện thoại thoại màu hồng cầm trước bụi hoa dại,ABSENT,,ABSENT,,TRUE,multi-agent-visual-audit,Automated three-agent visual audit; FMCG_ONLY policy; source report agent_0267_0400.json.
priv_d_0300,priv_d_0300.jpg,../../images/priv_d_0300.jpg,C:\HCMUT\Projects\HACKATHON\2nd_URA\images\priv_d_0300.jpg,CONFIRMED,NONE,Màn hình máy siêu âm hiển thị kết quả chẩn đoán hình ảnh tế bào học u tuyến vú,ABSENT,,ABSENT,,TRUE,multi-agent-visual-audit,Automated three-agent visual audit; FMCG_ONLY policy; source report agent_0267_0400.json.
priv_d_0301,priv_d_0301.jpg,../../images/priv_d_0301.jpg,C:\HCMUT\Projects\HACKATHON\2nd_URA\images\priv_d_0301.jpg,CONFIRMED,NONE,Can phân bón kích rễ Phát Rễ Amino 1 lít đặt dưới gốc cây trong vườn cùng văn bản hướng dẫn sử dụng.,ABSENT,,ABSENT,,TRUE,multi-agent-visual-audit,Automated three-agent visual audit; FMCG_ONLY policy; source report agent_0267_0400.json. Branded non-FMCG finding intentionally retained as ABSENT.
priv_d_0302,priv_d_0302.jpg,../../images/priv_d_0302.jpg,C:\HCMUT\Projects\HACKATHON\2nd_URA\images\priv_d_0302.jpg,CONFIRMED,NONE,Ảnh chụp cảnh người dân đi xe máy xếp hàng tại trạm xăng ở Hà Nội kèm chú thích tin tức.,ABSENT,,ABSENT,,TRUE,multi-agent-visual-audit,Automated three-agent visual audit; FMCG_ONLY policy; source report agent_0267_0400.json.
priv_d_0303,priv_d_0303.jpg,../../images/priv_d_0303.jpg,C:\HCMUT\Projects\HACKATHON\2nd_URA\images\priv_d_0303.jpg,CONFIRMED,NONE,Nhiều gói tã bỉm trẻ em thương hiệu Molfix bao bì màu xanh lá cây xếp chồng trên ghế bập bênh bằng gỗ cùng thông tin quà tặng.,PRESENT,Ảnh chụp các bịch tã bỉm Molfix xếp chồng trên ghế gỗ kèm thông tin khuyến mãi tặng gấu bông và xe chòi,PRESENT,Ảnh chụp các bịch tã bỉm Molfix xếp chồng trên ghế gỗ kèm thông tin khuyến mãi tặng gấu bông và xe chòi,TRUE,multi-agent-visual-audit,Automated three-agent visual audit; FMCG_ONLY policy; source report agent_0267_0400.json.
priv_d_0304,priv_d_0304.jpg,../../images/priv_d_0304.jpg,C:\HCMUT\Projects\HACKATHON\2nd_URA\images\priv_d_0304.jpg,REPAIRED,BRAND_PRODUCT_INTEGRITY,Bàn tay cầm tuýp gel rửa mặt màu nâu vàng trong suốt The Cafuné Ginger Gel Cleanser trên nền phong cảnh đồ họa.,PRESENT,Ảnh chụp tuýp gel rửa mặt The Cafuné Ginger Gel Cleanser chiết xuất gừng cầm trên tay,PRESENT,Ảnh chụp tuýp gel rửa mặt The Cafuné Ginger Gel Cleanser chiết xuất gừng cầm trên tay,TRUE,multi-agent-visual-audit,Automated three-agent visual audit; FMCG_ONLY policy; source report agent_0267_0400.json.
priv_d_0305,priv_d_0305.jpg,../../images/priv_d_0305.jpg,C:\HCMUT\Projects\HACKATHON\2nd_URA\images\priv_d_0305.jpg,CONFIRMED,NONE,Hình ảnh quảng cáo các củ sạc và pin sạc dự phòng điện thoại đặt trên bệ kính tại đỉnh núi.,ABSENT,,ABSENT,,TRUE,multi-agent-visual-audit,Automated three-agent visual audit; FMCG_ONLY policy; source report agent_0267_0400.json.
priv_d_0306,priv_d_0306.jpg,../../images/priv_d_0306.jpg,C:\HCMUT\Projects\HACKATHON\2nd_URA\images\priv_d_0306.jpg,CONFIRMED,NONE,Nữ bác sĩ đeo khẩu trang y tế tư vấn sức khỏe kèm hình ảnh minh họa ba lọ dưa cà muối tự làm.,ABSENT,,ABSENT,,TRUE,multi-agent-visual-audit,Automated three-agent visual audit; FMCG_ONLY policy; source report agent_0267_0400.json.
priv_d_0307,priv_d_0307.jpg,../../images/priv_d_0307.jpg,C:\HCMUT\Projects\HACKATHON\2nd_URA\images\priv_d_0307.jpg,CONFIRMED,NONE,Bàn tay cầm chiếc vòng ngọc bích cẩm thạch trong không gian quán cà phê.,ABSENT,,ABSENT,,TRUE,multi-agent-visual-audit,Automated three-agent visual audit; FMCG_ONLY policy; source report agent_0267_0400.json.
priv_d_0308,priv_d_0308.jpg,../../images/priv_d_0308.jpg,C:\HCMUT\Projects\HACKATHON\2nd_URA\images\priv_d_0308.jpg,CONFIRMED,NONE,Hũ kem mắt cao cấp La Mer The Rejuvenating Eye Cream vỏ xanh lục đậm ánh kim nắp bạc kim loại kèm thìa múc kem.,PRESENT,Ảnh cận cảnh hũ kem dưỡng mắt La Mer The Rejuvenating Eye Cream màu xanh ngọc nắp bạc,PRESENT,Ảnh cận cảnh hũ kem dưỡng mắt La Mer The Rejuvenating Eye Cream màu xanh ngọc nắp bạc,TRUE,multi-agent-visual-audit,Automated three-agent visual audit; FMCG_ONLY policy; source report agent_0267_0400.json.
priv_d_0309,priv_d_0309.jpg,../../images/priv_d_0309.jpg,C:\HCMUT\Projects\HACKATHON\2nd_URA\images\priv_d_0309.jpg,CONFIRMED,NONE,Bàn tay cầm chai dầu dưỡng thể Body Oil 100% Organic For Skin thân trong suốt nắp mạ bạc đặt cạnh mô hình nhân vật hoạt hình Patrick Star.,PRESENT,Ảnh chụp chai dầu dưỡng thể Body Oil nắp bạc cầm trên tay cạnh mô hình Patrick Star,PRESENT,Ảnh chụp chai dầu dưỡng thể Body Oil nắp bạc cầm trên tay cạnh mô hình Patrick Star,TRUE,multi-agent-visual-audit,Automated three-agent visual audit; FMCG_ONLY policy; source report agent_0267_0400.json.
priv_d_0310,priv_d_0310.jpg,../../images/priv_d_0310.jpg,C:\HCMUT\Projects\HACKATHON\2nd_URA\images\priv_d_0310.jpg,CONFIRMED,NONE,Bốn gói mì ăn liền dao cắt Sơn Tây Jinmailang vỏ vàng đặt trên bàn cạnh các vật trang trí anime.,PRESENT,Ảnh chụp 4 gói mì dao cắt Sơn Tây Jinmailang hương vị thịt kho bao bì màu vàng đặt trên bàn,PRESENT,Ảnh chụp 4 gói mì dao cắt Sơn Tây Jinmailang hương vị thịt kho bao bì màu vàng đặt trên bàn,TRUE,multi-agent-visual-audit,Automated three-agent visual audit; FMCG_ONLY policy; source report agent_0267_0400.json.
priv_d_0311,priv_d_0311.jpg,../../images/priv_d_0311.jpg,C:\HCMUT\Projects\HACKATHON\2nd_URA\images\priv_d_0311.jpg,CONFIRMED,NONE,Đồ họa tin tức nền cam gạch đỏ hiển thị chai nước rửa tay Botanika và chai sữa tắm nam X-Men For Boss Intense.,PRESENT,Banner thông tin Thư Viện Pháp Luật về việc thu hồi sản phẩm sữa tắm X-Men For Boss Intense và nước rửa tay Botanika,PRESENT,Banner thông tin Thư Viện Pháp Luật về việc thu hồi sản phẩm sữa tắm X-Men For Boss Intense và nước rửa tay Botanika,TRUE,multi-agent-visual-audit,Automated three-agent visual audit; FMCG_ONLY policy; source report agent_0267_0400.json.
priv_d_0312,priv_d_0312.jpg,../../images/priv_d_0312.jpg,C:\HCMUT\Projects\HACKATHON\2nd_URA\images\priv_d_0312.jpg,CONFIRMED,NONE,Bịch tã dán em bé Jolie Soft Care Baby Diapers in hình chú cừu màu tím và trắng đặt trên sàn nhà.,PRESENT,Ảnh chụp bịch tã bỉm trẻ em Jolie Soft Care Baby Diapers size M 50 miếng đặt trên nền gạch,PRESENT,Ảnh chụp bịch tã bỉm trẻ em Jolie Soft Care Baby Diapers size M 50 miếng đặt trên nền gạch,TRUE,multi-agent-visual-audit,Automated three-agent visual audit; FMCG_ONLY policy; source report agent_0267_0400.json.
priv_d_0313,priv_d_0313.jpg,../../images/priv_d_0313.jpg,C:\HCMUT\Projects\HACKATHON\2nd_URA\images\priv_d_0313.jpg,CONFIRMED,NONE,Các thùng carton sữa bột dinh dưỡng VitaDairy ColosBaby Gold 0+ Vị Thanh Nhạt xếp thành từng hàng sát tường.,PRESENT,Ảnh chụp các thùng sữa bột VitaDairy ColosBaby Gold 0+ Vị Thanh Nhạt xếp chồng trong cửa hàng,PRESENT,Ảnh chụp các thùng sữa bột VitaDairy ColosBaby Gold 0+ Vị Thanh Nhạt xếp chồng trong cửa hàng,TRUE,multi-agent-visual-audit,Automated three-agent visual audit; FMCG_ONLY policy; source report agent_0267_0400.json.
priv_d_0314,priv_d_0314.jpg,../../images/priv_d_0314.jpg,C:\HCMUT\Projects\HACKATHON\2nd_URA\images\priv_d_0314.jpg,CONFIRMED,NONE,Chồng thùng carton sữa đặc Vinamilk Ông Thọ Cao Cấp cùng các bình ủ đá màu đỏ và hộp sữa tươi đặt trên sàn.,PRESENT,Ảnh chụp các thùng sữa đặc có đường Ông Thọ xếp chồng cùng các bình ủ và hộp sữa tươi Vinamilk,PRESENT,Ảnh chụp các thùng sữa đặc có đường Ông Thọ xếp chồng cùng các bình ủ và hộp sữa tươi Vinamilk,TRUE,multi-agent-visual-audit,Automated three-agent visual audit; FMCG_ONLY policy; source report agent_0267_0400.json.
priv_d_0315,priv_d_0315.jpg,../../images/priv_d_0315.jpg,C:\HCMUT\Projects\HACKATHON\2nd_URA\images\priv_d_0315.jpg,CONFIRMED,NONE,Bàn tay cầm lọ kem dưỡng ẩm chống lão hóa Paula's Choice Peptide Pro-Collagen Peptide Plumping Moisturizer vỏ hồng tím trước kệ hàng hóa mỹ phẩm.,PRESENT,Ảnh chụp chai kem dưỡng ẩm Paula's Choice Peptide Pro-Collagen Peptide Plumping Moisturizer 50ml trên tay tại kệ mỹ phẩm,PRESENT,Ảnh chụp chai kem dưỡng ẩm Paula's Choice Peptide Pro-Collagen Peptide Plumping Moisturizer 50ml trên tay tại kệ mỹ phẩm,TRUE,multi-agent-visual-audit,Automated three-agent visual audit; FMCG_ONLY policy; source report agent_0267_0400.json.
priv_d_0316,priv_d_0316.jpg,../../images/priv_d_0316.jpg,C:\HCMUT\Projects\HACKATHON\2nd_URA\images\priv_d_0316.jpg,CONFIRMED,NONE,Bàn tay cầm chai gel rửa mặt giảm mụn SVR Sebiaclear Gel Moussant dạng vòi xịt chai nhựa xanh lá cây trong suốt.,PRESENT,Ảnh chụp chai gel rửa mặt SVR Sebiaclear Gel Moussant 400ml màu xanh lá cầm trên tay,PRESENT,Ảnh chụp chai gel rửa mặt SVR Sebiaclear Gel Moussant 400ml màu xanh lá cầm trên tay,TRUE,multi-agent-visual-audit,Automated three-agent visual audit; FMCG_ONLY policy; source report agent_0267_0400.json.
priv_d_0317,priv_d_0317.jpg,../../images/priv_d_0317.jpg,C:\HCMUT\Projects\HACKATHON\2nd_URA\images\priv_d_0317.jpg,CONFIRMED,NONE,Banner đồ họa tuyển dụng công nhân của nhà máy Nidec Sankyo Vietnam Corporation tại Quận 9.,ABSENT,,ABSENT,,TRUE,multi-agent-visual-audit,Automated three-agent visual audit; FMCG_ONLY policy; source report agent_0267_0400.json.
priv_d_0318,priv_d_0318.jpg,../../images/priv_d_0318.jpg,C:\HCMUT\Projects\HACKATHON\2nd_URA\images\priv_d_0318.jpg,CONFIRMED,NONE,Ảnh chụp màn hình biểu đồ nến phân tích biến động giá vàng thế giới XAUUSD.,ABSENT,,ABSENT,,TRUE,multi-agent-visual-audit,Automated three-agent visual audit; FMCG_ONLY policy; source report agent_0267_0400.json.
priv_d_0319,priv_d_0319.jpg,../../images/priv_d_0319.jpg,C:\HCMUT\Projects\HACKATHON\2nd_URA\images\priv_d_0319.jpg,CONFIRMED,NONE,Bàn tay cầm bánh xà bông thảo dược màu nâu đen cùng vỏ hộp giấy Soritox Repair Soap 100gr in hình lá thảo mộc.,PRESENT,Ảnh chụp bánh xà bông và vỏ hộp xà bông Soritox Repair Soap 100gr cầm trên tay,PRESENT,Ảnh chụp bánh xà bông và vỏ hộp xà bông Soritox Repair Soap 100gr cầm trên tay,TRUE,multi-agent-visual-audit,Automated three-agent visual audit; FMCG_ONLY policy; source report agent_0267_0400.json.
priv_d_0320,priv_d_0320.jpg,../../images/priv_d_0320.jpg,C:\HCMUT\Projects\HACKATHON\2nd_URA\images\priv_d_0320.jpg,CONFIRMED,NONE,Đồ họa y tế 3D minh họa cấu trúc tế bào và thuốc điều trị ung thư amivantamab của Bệnh viện Phương Đông.,ABSENT,,ABSENT,,TRUE,multi-agent-visual-audit,Automated three-agent visual audit; FMCG_ONLY policy; source report agent_0267_0400.json. Branded non-FMCG finding intentionally retained as ABSENT.
priv_d_0321,priv_d_0321.jpg,../../images/priv_d_0321.jpg,C:\HCMUT\Projects\HACKATHON\2nd_URA\images\priv_d_0321.jpg,CONFIRMED,NONE,Chiếc vali kéo du lịch màu xanh ngọc nhạt kích cỡ 24 inch đặt trên nền gạch trắng.,ABSENT,,ABSENT,,TRUE,multi-agent-visual-audit,Automated three-agent visual audit; FMCG_ONLY policy; source report agent_0267_0400.json.
priv_d_0322,priv_d_0322.jpg,../../images/priv_d_0322.jpg,C:\HCMUT\Projects\HACKATHON\2nd_URA\images\priv_d_0322.jpg,CONFIRMED,NONE,Bàn tay cầm hộp thực phẩm bảo vệ sức khỏe ST ZinC Kids Kẽm Gluconate hỗ trợ tăng cường sức đề kháng và ăn ngon cho trẻ em.,PRESENT,Ảnh chụp hộp siro bổ sung kẽm cho bé ST ZinC Kids Kẽm Gluconate cầm trên tay,PRESENT,Ảnh chụp hộp siro bổ sung kẽm cho bé ST ZinC Kids Kẽm Gluconate cầm trên tay,TRUE,multi-agent-visual-audit,Automated three-agent visual audit; FMCG_ONLY policy; source report agent_0267_0400.json.
priv_d_0323,priv_d_0323.jpg,../../images/priv_d_0323.jpg,C:\HCMUT\Projects\HACKATHON\2nd_URA\images\priv_d_0323.jpg,CONFIRMED,NONE,Hai tô giấy đựng thức ăn vặt xúc xích chả viên và hai ly trà giải khát đặt trên bàn tròn ngoài trời.,ABSENT,,ABSENT,,TRUE,multi-agent-visual-audit,Automated three-agent visual audit; FMCG_ONLY policy; source report agent_0267_0400.json.
priv_d_0324,priv_d_0324.jpg,../../images/priv_d_0324.jpg,C:\HCMUT\Projects\HACKATHON\2nd_URA\images\priv_d_0324.jpg,CONFIRMED,NONE,Bàn tay cầm hộp giấy serum dưỡng da đầu và nang tóc Bio-Placental Scalp Serum màu trắng viền xanh lá cây.,PRESENT,Ảnh chụp hộp serum dưỡng da đầu và tóc Bio-Placental Scalp Serum cầm trên tay,PRESENT,Ảnh chụp hộp serum dưỡng da đầu và tóc Bio-Placental Scalp Serum cầm trên tay,TRUE,multi-agent-visual-audit,Automated three-agent visual audit; FMCG_ONLY policy; source report agent_0267_0400.json.
priv_d_0325,priv_d_0325.jpg,../../images/priv_d_0325.jpg,C:\HCMUT\Projects\HACKATHON\2nd_URA\images\priv_d_0325.jpg,CONFIRMED,NONE,Ảnh chụp màn hình video Beatvn ghi lại cảnh người thân chăm sóc bệnh nhân trong phòng bệnh viện.,ABSENT,,ABSENT,,TRUE,multi-agent-visual-audit,Automated three-agent visual audit; FMCG_ONLY policy; source report agent_0267_0400.json.
priv_d_0326,priv_d_0326.jpg,../../images/priv_d_0326.jpg,C:\HCMUT\Projects\HACKATHON\2nd_URA\images\priv_d_0326.jpg,CONFIRMED,NONE,Bàn tay cầm tuýp kem rửa mặt dưỡng ẩm chuyên sâu Hada Labo Advanced Nourish màu trắng xanh bên cạnh bình hoa tulip trang trí.,PRESENT,Ảnh chụp tuýp sữa rửa mặt Hada Labo Advanced Nourish Hyaluronic Acid Cleanser cầm trên tay cạnh bình hoa tulip,PRESENT,Ảnh chụp tuýp sữa rửa mặt Hada Labo Advanced Nourish Hyaluronic Acid Cleanser cầm trên tay cạnh bình hoa tulip,TRUE,multi-agent-visual-audit,Automated three-agent visual audit; FMCG_ONLY policy; source report agent_0267_0400.json.
priv_d_0327,priv_d_0327.jpg,../../images/priv_d_0327.jpg,C:\HCMUT\Projects\HACKATHON\2nd_URA\images\priv_d_0327.jpg,CONFIRMED,NONE,"Tô bún nước tương nhiều màu sắc với chả lụa, đậu rán, dưa chuột và rau sống kèm các chai nước tương ăn bún ở phía sau.",PRESENT,Ảnh chụp tô bún nước tương gồm chả đậu hũ dưa leo rau sống và các chai nước tương ăn bún,PRESENT,Ảnh chụp tô bún nước tương gồm chả đậu hũ dưa leo rau sống và các chai nước tương ăn bún,TRUE,multi-agent-visual-audit,Automated three-agent visual audit; FMCG_ONLY policy; source report agent_0267_0400.json.
priv_d_0328,priv_d_0328.jpg,../../images/priv_d_0328.jpg,C:\HCMUT\Projects\HACKATHON\2nd_URA\images\priv_d_0328.jpg,CONFIRMED,NONE,Ảnh chụp màn hình nhân vật game Roblox đội mũ và tai nghe kèm câu chữ meme hài hước.,ABSENT,,ABSENT,,TRUE,multi-agent-visual-audit,Automated three-agent visual audit; FMCG_ONLY policy; source report agent_0267_0400.json.
priv_d_0329,priv_d_0329.jpg,../../images/priv_d_0329.jpg,C:\HCMUT\Projects\HACKATHON\2nd_URA\images\priv_d_0329.jpg,CONFIRMED,NONE,Bàn tay cầm chiếc ốp lưng điện thoại trong suốt in họa tiết hoạt hình mèo Hello Kitty.,ABSENT,,ABSENT,,TRUE,multi-agent-visual-audit,Automated three-agent visual audit; FMCG_ONLY policy; source report agent_0267_0400.json. Branded non-FMCG finding intentionally retained as ABSENT.
priv_d_0330,priv_d_0330.jpg,../../images/priv_d_0330.jpg,C:\HCMUT\Projects\HACKATHON\2nd_URA\images\priv_d_0330.jpg,CONFIRMED,NONE,Mặt bàn gỗ trong cửa hàng bán lẻ kèm chữ đồ họa đè trên màn hình không có sản phẩm rõ nét.,ABSENT,,ABSENT,,TRUE,multi-agent-visual-audit,Automated three-agent visual audit; FMCG_ONLY policy; source report agent_0267_0400.json.
priv_d_0331,priv_d_0331.jpg,../../images/priv_d_0331.jpg,C:\HCMUT\Projects\HACKATHON\2nd_URA\images\priv_d_0331.jpg,CONFIRMED,NONE,Người phụ nữ đứng tập luyện cạnh dụng cụ máy tập cơ bụng đa năng trong phòng khách.,ABSENT,,ABSENT,,TRUE,multi-agent-visual-audit,Automated three-agent visual audit; FMCG_ONLY policy; source report agent_0267_0400.json.
priv_d_0332,priv_d_0332.jpg,../../images/priv_d_0332.jpg,C:\HCMUT\Projects\HACKATHON\2nd_URA\images\priv_d_0332.jpg,CONFIRMED,NONE,Bàn tay cầm vỏ hộp giấy sản phẩm dưỡng da Dr. Belmeur Daily Repair Cream In Ampoule màu trắng trên nền sáng.,PRESENT,Ảnh chụp vỏ hộp tinh chất dưỡng da Dr. Belmeur Daily Repair Cream In Ampoule cầm trên tay,PRESENT,Ảnh chụp vỏ hộp tinh chất dưỡng da Dr. Belmeur Daily Repair Cream In Ampoule cầm trên tay,TRUE,multi-agent-visual-audit,Automated three-agent visual audit; FMCG_ONLY policy; source report agent_0267_0400.json.
priv_d_0333,priv_d_0333.jpg,../../images/priv_d_0333.jpg,C:\HCMUT\Projects\HACKATHON\2nd_URA\images\priv_d_0333.jpg,CONFIRMED,NONE,Kệ gỗ nhiều tầng xếp các hũ thủy tinh nuôi cá cảnh trong không gian trại cá.,ABSENT,,ABSENT,,TRUE,multi-agent-visual-audit,Automated three-agent visual audit; FMCG_ONLY policy; source report agent_0267_0400.json.
priv_d_0334,priv_d_0334.jpg,../../images/priv_d_0334.jpg,C:\HCMUT\Projects\HACKATHON\2nd_URA\images\priv_d_0334.jpg,CONFIRMED,NONE,Bàn làm việc với màn hình máy tính và laptop hiển thị hình nền đồ họa anime.,ABSENT,,ABSENT,,TRUE,multi-agent-visual-audit,Automated three-agent visual audit; FMCG_ONLY policy; source report agent_0267_0400.json.
priv_d_0335,priv_d_0335.jpg,../../images/priv_d_0335.jpg,C:\HCMUT\Projects\HACKATHON\2nd_URA\images\priv_d_0335.jpg,CONFIRMED,NONE,Các hộp nhựa và hũ thủy tinh chứa sấu ngâm mắm tỏi ớt tự làm tại nhà đặt trên mặt bàn bếp.,ABSENT,,ABSENT,,TRUE,multi-agent-visual-audit,Automated three-agent visual audit; FMCG_ONLY policy; source report agent_0267_0400.json.
priv_d_0336,priv_d_0336.jpg,../../images/priv_d_0336.jpg,C:\HCMUT\Projects\HACKATHON\2nd_URA\images\priv_d_0336.jpg,CONFIRMED,NONE,Khung cảnh cung đường đèo vùng đồi núi Gia Lai dưới bầu trời hoàng hôn.,ABSENT,,ABSENT,,TRUE,multi-agent-visual-audit,Automated three-agent visual audit; FMCG_ONLY policy; source report agent_0267_0400.json.
priv_d_0337,priv_d_0337.jpg,../../images/priv_d_0337.jpg,C:\HCMUT\Projects\HACKATHON\2nd_URA\images\priv_d_0337.jpg,CONFIRMED,NONE,Hộp nhang trầm bắc Hương Trầm Minh Khang loại đặc biệt màu xanh lá cây đậm ánh vàng để lộ các nén nhang vàng bên trong.,PRESENT,Ảnh chụp hộp nhang hương trầm bắc Hương Trầm Minh Khang loại đặc biệt màu xanh lá cây,PRESENT,Ảnh chụp hộp nhang hương trầm bắc Hương Trầm Minh Khang loại đặc biệt màu xanh lá cây,TRUE,multi-agent-visual-audit,Automated three-agent visual audit; FMCG_ONLY policy; source report agent_0267_0400.json.
priv_d_0338,priv_d_0338.jpg,../../images/priv_d_0338.jpg,C:\HCMUT\Projects\HACKATHON\2nd_URA\images\priv_d_0338.jpg,CONFIRMED,NONE,Ảnh tư liệu chụp khung cảnh sinh hoạt trước cổng trường Ngô Quyền kèm đồng hồ cổ điển.,ABSENT,,ABSENT,,TRUE,multi-agent-visual-audit,Automated three-agent visual audit; FMCG_ONLY policy; source report agent_0267_0400.json.
priv_d_0339,priv_d_0339.jpg,../../images/priv_d_0339.jpg,C:\HCMUT\Projects\HACKATHON\2nd_URA\images\priv_d_0339.jpg,CONFIRMED,NONE,Người mẫu nữ thử chiếc đầm liền màu đen phối ren trắng cổ khoét sâu trong phòng chụp đồ.,ABSENT,,ABSENT,,TRUE,multi-agent-visual-audit,Automated three-agent visual audit; FMCG_ONLY policy; source report agent_0267_0400.json.
priv_d_0340,priv_d_0340.jpg,../../images/priv_d_0340.jpg,C:\HCMUT\Projects\HACKATHON\2nd_URA\images\priv_d_0340.jpg,CONFIRMED,NONE,Video clip đen trắng mờ ghi lại hình ảnh người lao động ngoài trời kèm câu chữ tâm trạng.,ABSENT,,ABSENT,,TRUE,multi-agent-visual-audit,Automated three-agent visual audit; FMCG_ONLY policy; source report agent_0267_0400.json.
priv_d_0341,priv_d_0341.jpg,../../images/priv_d_0341.jpg,C:\HCMUT\Projects\HACKATHON\2nd_URA\images\priv_d_0341.jpg,CONFIRMED,NONE,Tuýp kem và hộp giấy kem dưỡng ẩm làm mềm da cho bé Kutieskin 30g màu xanh dương in hình chú cáo hoạt hình.,PRESENT,Ảnh chụp tuýp và vỏ hộp kem dưỡng ẩm mềm da cho bé Kutieskin 30g màu xanh dương,PRESENT,Ảnh chụp tuýp và vỏ hộp kem dưỡng ẩm mềm da cho bé Kutieskin 30g màu xanh dương,TRUE,multi-agent-visual-audit,Automated three-agent visual audit; FMCG_ONLY policy; source report agent_0267_0400.json.
priv_d_0342,priv_d_0342.jpg,../../images/priv_d_0342.jpg,C:\HCMUT\Projects\HACKATHON\2nd_URA\images\priv_d_0342.jpg,CONFIRMED,NONE,Ảnh làm mờ bác sĩ ngồi tư vấn khám bệnh kèm văn bản cảnh báo bệnh lý đường hô hấp.,ABSENT,,ABSENT,,TRUE,multi-agent-visual-audit,Automated three-agent visual audit; FMCG_ONLY policy; source report agent_0267_0400.json.
priv_d_0343,priv_d_0343.jpg,../../images/priv_d_0343.jpg,C:\HCMUT\Projects\HACKATHON\2nd_URA\images\priv_d_0343.jpg,CONFIRMED,NONE,Trích đoạn phim cổ trang quay cận cảnh đôi chân mang giày vải cổ truyền bước trên nền đất đầy lá khô.,ABSENT,,ABSENT,,TRUE,multi-agent-visual-audit,Automated three-agent visual audit; FMCG_ONLY policy; source report agent_0267_0400.json.
priv_d_0344,priv_d_0344.jpg,../../images/priv_d_0344.jpg,C:\HCMUT\Projects\HACKATHON\2nd_URA\images\priv_d_0344.jpg,CONFIRMED,NONE,Bàn tay cầm lon sữa bột dinh dưỡng công thức VitaDairy ColosBaby Lactoferrin 0+ vỏ màu xanh vàng nắp vàng kim.,PRESENT,Ảnh chụp lon sữa bột VitaDairy ColosBaby Lactoferrin 0+ màu vàng nhạt cầm trên tay,PRESENT,Ảnh chụp lon sữa bột VitaDairy ColosBaby Lactoferrin 0+ màu vàng nhạt cầm trên tay,TRUE,multi-agent-visual-audit,Automated three-agent visual audit; FMCG_ONLY policy; source report agent_0267_0400.json.
priv_d_0345,priv_d_0345.jpg,../../images/priv_d_0345.jpg,C:\HCMUT\Projects\HACKATHON\2nd_URA\images\priv_d_0345.jpg,CONFIRMED,NONE,Bàn tay cầm chiếc loa bluetooth mini thiết kế kiểu túi xách nhỏ màu trắng có mặt hoa màu xanh.,ABSENT,,ABSENT,,TRUE,multi-agent-visual-audit,Automated three-agent visual audit; FMCG_ONLY policy; source report agent_0267_0400.json.
priv_d_0346,priv_d_0346.jpg,../../images/priv_d_0346.jpg,C:\HCMUT\Projects\HACKATHON\2nd_URA\images\priv_d_0346.jpg,CONFIRMED,NONE,Bàn tay cầm gói gia vị Hạt Nêm Rau Củ thương hiệu Fuja foods bao bì màu xanh lá in hình bát canh hầm rau củ.,PRESENT,Ảnh chụp gói hạt nêm rau củ Fuja foods cầm trên tay,PRESENT,Ảnh chụp gói hạt nêm rau củ Fuja foods cầm trên tay,TRUE,multi-agent-visual-audit,Automated three-agent visual audit; FMCG_ONLY policy; source report agent_0267_0400.json.
priv_d_0347,priv_d_0347.jpg,../../images/priv_d_0347.jpg,C:\HCMUT\Projects\HACKATHON\2nd_URA\images\priv_d_0347.jpg,CONFIRMED,NONE,Khay nhựa đen đựng món ăn vặt chân gà rút xương trộn cóc xoài không có nhãn hiệu tại quầy chế biến.,ABSENT,,ABSENT,,TRUE,multi-agent-visual-audit,Automated three-agent visual audit; FMCG_ONLY policy; source report agent_0267_0400.json.
priv_d_0348,priv_d_0348.jpg,../../images/priv_d_0348.jpg,C:\HCMUT\Projects\HACKATHON\2nd_URA\images\priv_d_0348.jpg,CONFIRMED,NONE,Ảnh đồ họa tin tức báo chí Hà Nội News và bài báo thu hồi sản phẩm sữa tắm nam Xmen For Boss Intense.,PRESENT,Banner tin tức báo chí về việc thu hồi sản phẩm sữa tắm nước hoa nam X-Men For Boss Intense,PRESENT,Banner tin tức báo chí về việc thu hồi sản phẩm sữa tắm nước hoa nam X-Men For Boss Intense,TRUE,multi-agent-visual-audit,Automated three-agent visual audit; FMCG_ONLY policy; source report agent_0267_0400.json.
priv_d_0349,priv_d_0349.jpg,../../images/priv_d_0349.jpg,C:\HCMUT\Projects\HACKATHON\2nd_URA\images\priv_d_0349.jpg,CONFIRMED,NONE,Ảnh chụp màn hình bản tin an ninh trật tự nền đỏ của trang tin BHT Digital.,ABSENT,,ABSENT,,TRUE,multi-agent-visual-audit,Automated three-agent visual audit; FMCG_ONLY policy; source report agent_0267_0400.json.
priv_d_0350,priv_d_0350.jpg,../../images/priv_d_0350.jpg,C:\HCMUT\Projects\HACKATHON\2nd_URA\images\priv_d_0350.jpg,CONFIRMED,NONE,Ảnh chụp cận cảnh mái tóc bết dầu của người phụ nữ kèm văn bản giới thiệu sản phẩm chăm sóc tóc.,ABSENT,,ABSENT,,TRUE,multi-agent-visual-audit,Automated three-agent visual audit; FMCG_ONLY policy; source report agent_0267_0400.json.
priv_d_0351,priv_d_0351.jpg,../../images/priv_d_0351.jpg,C:\HCMUT\Projects\HACKATHON\2nd_URA\images\priv_d_0351.jpg,CONFIRMED,None,Ảnh chụp màn hình phóng sự thời sự VTV về vụ việc cơ sở sản xuất giá đỗ dùng chất cấm với các thùng nhựa màu xanh.,ABSENT,,ABSENT,,TRUE,multi-agent-visual-audit,Automated three-agent visual audit; FMCG_ONLY policy; source report agent_0267_0400.json.
priv_d_0352,priv_d_0352.jpg,../../images/priv_d_0352.jpg,C:\HCMUT\Projects\HACKATHON\2nd_URA\images\priv_d_0352.jpg,CONFIRMED,None,Ảnh chụp ấm đun nước siêu tốc màu trắng của thương hiệu Bear đặt trên mặt bàn bếp kèm văn bản giới thiệu.,ABSENT,,ABSENT,,TRUE,multi-agent-visual-audit,Automated three-agent visual audit; FMCG_ONLY policy; source report agent_0267_0400.json. Branded non-FMCG finding intentionally retained as ABSENT.
priv_d_0353,priv_d_0353.jpg,../../images/priv_d_0353.jpg,C:\HCMUT\Projects\HACKATHON\2nd_URA\images\priv_d_0353.jpg,CONFIRMED,None,Ảnh chụp băng rôn tuyên truyền màu đỏ treo trên cổng sắt thông báo điểm uống Vitamin A cho trẻ em.,ABSENT,,ABSENT,,TRUE,multi-agent-visual-audit,Automated three-agent visual audit; FMCG_ONLY policy; source report agent_0267_0400.json.
priv_d_0354,priv_d_0354.jpg,../../images/priv_d_0354.jpg,C:\HCMUT\Projects\HACKATHON\2nd_URA\images\priv_d_0354.jpg,CONFIRMED,None,Ảnh chụp bộ cây lau nhà tự vắt thông minh và thùng chứa nước cùng vỏ hộp thương hiệu Kitimop.,ABSENT,,ABSENT,,TRUE,multi-agent-visual-audit,Automated three-agent visual audit; FMCG_ONLY policy; source report agent_0267_0400.json. Branded non-FMCG finding intentionally retained as ABSENT.
priv_d_0355,priv_d_0355.jpg,../../images/priv_d_0355.jpg,C:\HCMUT\Projects\HACKATHON\2nd_URA\images\priv_d_0355.jpg,CONFIRMED,None,"Ảnh chụp ấm đun siêu tốc màu xanh ngọc thương hiệu GUGKDD dung tích 2,5 lít được cầm trên tay ở ngoài trời.",ABSENT,,ABSENT,,TRUE,multi-agent-visual-audit,Automated three-agent visual audit; FMCG_ONLY policy; source report agent_0267_0400.json. Branded non-FMCG finding intentionally retained as ABSENT.
priv_d_0356,priv_d_0356.jpg,../../images/priv_d_0356.jpg,C:\HCMUT\Projects\HACKATHON\2nd_URA\images\priv_d_0356.jpg,CONFIRMED,None,Ảnh chụp cận cảnh hộp sữa tươi công thức Nutifood Värna life màu trắng xanh hỗ trợ xương khớp chắc khỏe đang được mở nắp trên tay.,PRESENT,Ảnh chụp cận cảnh hộp sữa tươi công thức Nutifood Värna life hỗ trợ xương khớp chắc khỏe đang được mở nắp,PRESENT,Ảnh chụp cận cảnh hộp sữa tươi công thức Nutifood Värna life hỗ trợ xương khớp chắc khỏe đang được mở nắp,TRUE,multi-agent-visual-audit,Automated three-agent visual audit; FMCG_ONLY policy; source report agent_0267_0400.json.
priv_d_0357,priv_d_0357.jpg,../../images/priv_d_0357.jpg,C:\HCMUT\Projects\HACKATHON\2nd_URA\images\priv_d_0357.jpg,CONFIRMED,None,Hình ảnh slide thuyết trình về lợi nhuận và rủi ro danh mục đầu tư kèm các biểu tượng tài chính và đồ thị.,ABSENT,,ABSENT,,TRUE,multi-agent-visual-audit,Automated three-agent visual audit; FMCG_ONLY policy; source report agent_0267_0400.json.
priv_d_0358,priv_d_0358.jpg,../../images/priv_d_0358.jpg,C:\HCMUT\Projects\HACKATHON\2nd_URA\images\priv_d_0358.jpg,CONFIRMED,None,"Hình ảnh infographic hướng dẫn 4 bước chăm sóc da khô gồm làm sạch, cân bằng độ pH, cấp ẩm tầng sâu và duy trì độ ẩm bằng các sản phẩm chăm sóc da Klairs.",PRESENT,Ảnh đồ họa hướng dẫn chu trình chăm sóc da khô gồm 4 bước với bộ mỹ phẩm dưỡng da Klairs,PRESENT,Ảnh đồ họa hướng dẫn chu trình chăm sóc da khô gồm 4 bước với bộ mỹ phẩm dưỡng da Klairs,TRUE,multi-agent-visual-audit,Automated three-agent visual audit; FMCG_ONLY policy; source report agent_0267_0400.json.
priv_d_0359,priv_d_0359.jpg,../../images/priv_d_0359.jpg,C:\HCMUT\Projects\HACKATHON\2nd_URA\images\priv_d_0359.jpg,CONFIRMED,None,Ảnh chụp một tay cầm hộp và chai siro nhỏ giọt LineaBon K2+D3 dung tích 10ml trước tủ đồ chơi trẻ em.,PRESENT,Ảnh chụp thực tế hộp và chai siro nhỏ giọt LineaBon K2+D3 10ml bổ sung vitamin cho trẻ nhỏ,PRESENT,Ảnh chụp thực tế hộp và chai siro nhỏ giọt LineaBon K2+D3 10ml bổ sung vitamin cho trẻ nhỏ,TRUE,multi-agent-visual-audit,Automated three-agent visual audit; FMCG_ONLY policy; source report agent_0267_0400.json.
priv_d_0360,priv_d_0360.jpg,../../images/priv_d_0360.jpg,C:\HCMUT\Projects\HACKATHON\2nd_URA\images\priv_d_0360.jpg,CONFIRMED,None,Ảnh chụp cảnh đường phố ban đêm nhìn qua kính chắn gió ô tô kèm đoạn văn bản trích dẫn chiêm nghiệm cuộc sống.,ABSENT,,ABSENT,,TRUE,multi-agent-visual-audit,Automated three-agent visual audit; FMCG_ONLY policy; source report agent_0267_0400.json.
priv_d_0361,priv_d_0361.jpg,../../images/priv_d_0361.jpg,C:\HCMUT\Projects\HACKATHON\2nd_URA\images\priv_d_0361.jpg,CONFIRMED,None,Ảnh chụp kết quả siêu âm thai nhi tuần thứ 26 kèm các dòng chữ chia sẻ nhật ký mang thai của mẹ bầu.,ABSENT,,ABSENT,,TRUE,multi-agent-visual-audit,Automated three-agent visual audit; FMCG_ONLY policy; source report agent_0267_0400.json.
priv_d_0362,priv_d_0362.jpg,../../images/priv_d_0362.jpg,C:\HCMUT\Projects\HACKATHON\2nd_URA\images\priv_d_0362.jpg,CONFIRMED,None,Ảnh chụp từ camera giám sát toàn cảnh tiệm làm móng với thợ nail và khách hàng kèm dòng chữ chia sẻ thu nhập.,ABSENT,,ABSENT,,TRUE,multi-agent-visual-audit,Automated three-agent visual audit; FMCG_ONLY policy; source report agent_0267_0400.json.
priv_d_0363,priv_d_0363.jpg,../../images/priv_d_0363.jpg,C:\HCMUT\Projects\HACKATHON\2nd_URA\images\priv_d_0363.jpg,CONFIRMED,None,Ảnh chụp cận cảnh cục nóng máy lạnh Mitsubishi Heavy Industries Heavy Duty Inverter trước khi vệ sinh bảo dưỡng.,ABSENT,,ABSENT,,TRUE,multi-agent-visual-audit,Automated three-agent visual audit; FMCG_ONLY policy; source report agent_0267_0400.json. Branded non-FMCG finding intentionally retained as ABSENT.
priv_d_0364,priv_d_0364.jpg,../../images/priv_d_0364.jpg,C:\HCMUT\Projects\HACKATHON\2nd_URA\images\priv_d_0364.jpg,CONFIRMED,None,Banner quảng cáo sản phẩm bột khử mùi thảo dược Longtime chiết xuất ngải cứu của Thái Dương hộp 18g tặng kèm dầu gội dược liệu Thái Dương 7+.,PRESENT,Banner quảng cáo bột khử mùi Thái Dương Longtime chiết xuất tinh dầu ngải cứu kèm quà tặng tuýp dầu gội dược liệu Thái Dương 7+,PRESENT,Banner quảng cáo bột khử mùi Thái Dương Longtime chiết xuất tinh dầu ngải cứu kèm quà tặng tuýp dầu gội dược liệu Thái Dương 7+,TRUE,multi-agent-visual-audit,Automated three-agent visual audit; FMCG_ONLY policy; source report agent_0267_0400.json.
priv_d_0365,priv_d_0365.jpg,../../images/priv_d_0365.jpg,C:\HCMUT\Projects\HACKATHON\2nd_URA\images\priv_d_0365.jpg,CONFIRMED,None,Ảnh chụp những cây bút chì gỗ màu ombre tím trắng trên bàn học kèm dòng chữ bút chì ombre cho 2k8 đi thi.,ABSENT,,ABSENT,,TRUE,multi-agent-visual-audit,Automated three-agent visual audit; FMCG_ONLY policy; source report agent_0267_0400.json.
priv_d_0366,priv_d_0366.jpg,../../images/priv_d_0366.jpg,C:\HCMUT\Projects\HACKATHON\2nd_URA\images\priv_d_0366.jpg,CONFIRMED,None,Ảnh chụp khung cảnh bên trong nhà xưởng sản xuất công nghiệp với các thiết bị máy móc và công nhân làm việc.,ABSENT,,ABSENT,,TRUE,multi-agent-visual-audit,Automated three-agent visual audit; FMCG_ONLY policy; source report agent_0267_0400.json.
priv_d_0367,priv_d_0367.jpg,../../images/priv_d_0367.jpg,C:\HCMUT\Projects\HACKATHON\2nd_URA\images\priv_d_0367.jpg,CONFIRMED,None,Ảnh chụp công nhân đang làm việc bên máy móc tại xưởng sản xuất giày da ở Bình Dương kèm thông báo đào tạo nghề.,ABSENT,,ABSENT,,TRUE,multi-agent-visual-audit,Automated three-agent visual audit; FMCG_ONLY policy; source report agent_0267_0400.json.
priv_d_0368,priv_d_0368.jpg,../../images/priv_d_0368.jpg,C:\HCMUT\Projects\HACKATHON\2nd_URA\images\priv_d_0368.jpg,CONFIRMED,None,Ảnh chụp bàn tay cầm hai chai dung dịch vệ sinh giày trắng dạng vòi xịt tạo bọt Sneaker 100g tại bãi biển kèm chữ quảng cáo giảm giá.,PRESENT,Ảnh chụp thực tế hai chai nước vệ sinh giày Sneaker dạng đầu cọ tạo bọt cầm trên tay tại bãi biển,PRESENT,Ảnh chụp thực tế hai chai nước vệ sinh giày Sneaker dạng đầu cọ tạo bọt cầm trên tay tại bãi biển,TRUE,multi-agent-visual-audit,Automated three-agent visual audit; FMCG_ONLY policy; source report agent_0267_0400.json.
priv_d_0369,priv_d_0369.jpg,../../images/priv_d_0369.jpg,C:\HCMUT\Projects\HACKATHON\2nd_URA\images\priv_d_0369.jpg,CONFIRMED,None,"Ảnh chụp lon sữa bột Abbott PediaSure PeptiGro hương vani ít ngọt khối lượng 1,6kg giúp tăng trưởng chiều cao và cân nặng.",PRESENT,"Ảnh chụp cận cảnh lon sữa bột Abbott PediaSure PeptiGro hương vani 1,6kg cho trẻ từ 1-10 tuổi",PRESENT,"Ảnh chụp cận cảnh lon sữa bột Abbott PediaSure PeptiGro hương vani 1,6kg cho trẻ từ 1-10 tuổi",TRUE,multi-agent-visual-audit,Automated three-agent visual audit; FMCG_ONLY policy; source report agent_0267_0400.json.
priv_d_0370,priv_d_0370.jpg,../../images/priv_d_0370.jpg,C:\HCMUT\Projects\HACKATHON\2nd_URA\images\priv_d_0370.jpg,CONFIRMED,None,"Ảnh chụp chiếc giá sách nhỏ để bàn bằng gỗ chứa các cuốn sách, sổ tay và khay đựng bút trên bàn học.",ABSENT,,ABSENT,,TRUE,multi-agent-visual-audit,Automated three-agent visual audit; FMCG_ONLY policy; source report agent_0267_0400.json.
priv_d_0371,priv_d_0371.jpg,../../images/priv_d_0371.jpg,C:\HCMUT\Projects\HACKATHON\2nd_URA\images\priv_d_0371.jpg,CONFIRMED,None,Ảnh chụp bàn tay cầm hộp sữa dinh dưỡng pha sẵn Nutifood Sweden GrowPLUS+ FDI 110ml trước bó hoa sáp kèm hình ưu đãi Shopee.,PRESENT,Ảnh chụp thực tế hộp sữa pha sẵn Nutifood Sweden GrowPLUS+ bạc ít ngọt 110ml cầm trên tay kèm ảnh chụp màn hình ưu đãi sàn thương mại,PRESENT,Ảnh chụp thực tế hộp sữa pha sẵn Nutifood Sweden GrowPLUS+ bạc ít ngọt 110ml cầm trên tay kèm ảnh chụp màn hình ưu đãi sàn thương mại,TRUE,multi-agent-visual-audit,Automated three-agent visual audit; FMCG_ONLY policy; source report agent_0267_0400.json.
priv_d_0372,priv_d_0372.jpg,../../images/priv_d_0372.jpg,C:\HCMUT\Projects\HACKATHON\2nd_URA\images\priv_d_0372.jpg,CONFIRMED,None,Hình ảnh màn hình đen hoàn toàn kèm đoạn văn bản ngắn mang nội dung hài hước.,ABSENT,,ABSENT,,TRUE,multi-agent-visual-audit,Automated three-agent visual audit; FMCG_ONLY policy; source report agent_0267_0400.json.
priv_d_0373,priv_d_0373.jpg,../../images/priv_d_0373.jpg,C:\HCMUT\Projects\HACKATHON\2nd_URA\images\priv_d_0373.jpg,CONFIRMED,None,Ảnh chụp màn hình bản tin chính sách pháp luật LuatVietnam về mức hỗ trợ cho nhân viên y tế thôn tổ dân phố.,ABSENT,,ABSENT,,TRUE,multi-agent-visual-audit,Automated three-agent visual audit; FMCG_ONLY policy; source report agent_0267_0400.json.
priv_d_0374,priv_d_0374.jpg,../../images/priv_d_0374.jpg,C:\HCMUT\Projects\HACKATHON\2nd_URA\images\priv_d_0374.jpg,CONFIRMED,None,Ảnh chụp màn hình bản tin thể thao 24h đưa tin về streamer iShowSpeed cùng cảnh các quả bóng đá đặt trên giường ngủ.,ABSENT,,ABSENT,,TRUE,multi-agent-visual-audit,Automated three-agent visual audit; FMCG_ONLY policy; source report agent_0267_0400.json.
priv_d_0375,priv_d_0375.jpg,../../images/priv_d_0375.jpg,C:\HCMUT\Projects\HACKATHON\2nd_URA\images\priv_d_0375.jpg,CONFIRMED,None,Ảnh chụp hai lọ thực phẩm bổ sung bảo vệ sức khỏe General Balance của Hàn Quốc gồm Canxi Magie và MSM nguồn gốc thực vật trên nền vải nhung xanh.,PRESENT,Ảnh chụp thực tế hai lọ thực phẩm chức năng General Balance Calcium Magnesium và General Balance Plant Based MSM đặt trên nền vải nhung xanh,PRESENT,Ảnh chụp thực tế hai lọ thực phẩm chức năng General Balance Calcium Magnesium và General Balance Plant Based MSM đặt trên nền vải nhung xanh,TRUE,multi-agent-visual-audit,Automated three-agent visual audit; FMCG_ONLY policy; source report agent_0267_0400.json.
priv_d_0376,priv_d_0376.jpg,../../images/priv_d_0376.jpg,C:\HCMUT\Projects\HACKATHON\2nd_URA\images\priv_d_0376.jpg,CONFIRMED,None,"Ảnh chụp bát thủy tinh đựng bột ăn dặm trẻ em màu vàng nấu cùng bí đỏ đang được dùng thìa khuấy đều, phía sau là hộp bột HiPP Milk & Cereal Semolina.",PRESENT,Ảnh chụp bát bột ăn dặm HiPP Semolina bí đỏ đang được khuấy bằng thìa bên cạnh vỏ hộp HiPP,PRESENT,Ảnh chụp bát bột ăn dặm HiPP Semolina bí đỏ đang được khuấy bằng thìa bên cạnh vỏ hộp HiPP,TRUE,multi-agent-visual-audit,Automated three-agent visual audit; FMCG_ONLY policy; source report agent_0267_0400.json.
priv_d_0377,priv_d_0377.jpg,../../images/priv_d_0377.jpg,C:\HCMUT\Projects\HACKATHON\2nd_URA\images\priv_d_0377.jpg,CONFIRMED,None,Ảnh chụp cận cảnh tuýp sữa rửa mặt dưỡng sáng Nivea Pearl Bright Microbubbles Deep Clean Clay Foam không cồn được cầm trên tay trước kệ hàng siêu thị.,PRESENT,Ảnh chụp cận cảnh tuýp sữa rửa mặt tạo bọt đất sét Nivea Pearl Bright Microbubbles 5 in 1 cầm trên tay tại kệ hàng,PRESENT,Ảnh chụp cận cảnh tuýp sữa rửa mặt tạo bọt đất sét Nivea Pearl Bright Microbubbles 5 in 1 cầm trên tay tại kệ hàng,TRUE,multi-agent-visual-audit,Automated three-agent visual audit; FMCG_ONLY policy; source report agent_0267_0400.json.
priv_d_0378,priv_d_0378.jpg,../../images/priv_d_0378.jpg,C:\HCMUT\Projects\HACKATHON\2nd_URA\images\priv_d_0378.jpg,CONFIRMED,None,Ảnh chụp không gian nội thất phòng bếp hiện đại với tủ bếp inox 304 và người phụ nữ đang kéo ngăn kệ đựng gia vị.,ABSENT,,ABSENT,,TRUE,multi-agent-visual-audit,Automated three-agent visual audit; FMCG_ONLY policy; source report agent_0267_0400.json.
priv_d_0379,priv_d_0379.jpg,../../images/priv_d_0379.jpg,C:\HCMUT\Projects\HACKATHON\2nd_URA\images\priv_d_0379.jpg,CONFIRMED,None,Ảnh chụp màn hình hội nghị điều hành của Phó Thủ tướng về quản lý nguồn cung và phân phối xăng sinh học E10.,ABSENT,,ABSENT,,TRUE,multi-agent-visual-audit,Automated three-agent visual audit; FMCG_ONLY policy; source report agent_0267_0400.json.
priv_d_0380,priv_d_0380.jpg,../../images/priv_d_0380.jpg,C:\HCMUT\Projects\HACKATHON\2nd_URA\images\priv_d_0380.jpg,CONFIRMED,None,Ảnh chụp bàn tay cầm vỉ sản phẩm dụng cụ cào gãi lưng cầm tay Kingcraft trên mặt bàn nhựa màu tím.,ABSENT,,ABSENT,,TRUE,multi-agent-visual-audit,Automated three-agent visual audit; FMCG_ONLY policy; source report agent_0267_0400.json. Branded non-FMCG finding intentionally retained as ABSENT.
priv_d_0381,priv_d_0381.jpg,../../images/priv_d_0381.jpg,C:\HCMUT\Projects\HACKATHON\2nd_URA\images\priv_d_0381.jpg,CONFIRMED,None,Hình ảnh nền đen với dòng chữ nhắc nhở người xem đọc caption trước khi bình luận.,ABSENT,,ABSENT,,TRUE,multi-agent-visual-audit,Automated three-agent visual audit; FMCG_ONLY policy; source report agent_0267_0400.json.
priv_d_0382,priv_d_0382.jpg,../../images/priv_d_0382.jpg,C:\HCMUT\Projects\HACKATHON\2nd_URA\images\priv_d_0382.jpg,CONFIRMED,None,Ảnh chụp bàn tay cầm hai tuýp sữa rửa mặt tạo bọt mịn dưỡng ẩm Awsooyor Hyaluronic Acid Cleanser Deep Moist Healthy Glow trước màn hình máy tính.,PRESENT,Ảnh chụp thực tế hai tuýp sữa rửa mặt cấp ẩm Awsooyor Hyaluronic Acid Cleanser cầm trên tay,PRESENT,Ảnh chụp thực tế hai tuýp sữa rửa mặt cấp ẩm Awsooyor Hyaluronic Acid Cleanser cầm trên tay,TRUE,multi-agent-visual-audit,Automated three-agent visual audit; FMCG_ONLY policy; source report agent_0267_0400.json.
priv_d_0383,priv_d_0383.jpg,../../images/priv_d_0383.jpg,C:\HCMUT\Projects\HACKATHON\2nd_URA\images\priv_d_0383.jpg,CONFIRMED,None,Ảnh chụp sản phẩm bộ đồ ngủ hai dây vải tole họa tiết kẻ caro hồng in hình chú cún kèm ảnh người mẫu mặc thử.,ABSENT,,ABSENT,,TRUE,multi-agent-visual-audit,Automated three-agent visual audit; FMCG_ONLY policy; source report agent_0267_0400.json.
priv_d_0384,priv_d_0384.jpg,../../images/priv_d_0384.jpg,C:\HCMUT\Projects\HACKATHON\2nd_URA\images\priv_d_0384.jpg,CONFIRMED,None,Ảnh chụp khay bánh ngọt dân gian truyền thống tại quầy bánh vỉa hè kèm dòng phụ đề tranh luận về thói quen mua hàng.,ABSENT,,ABSENT,,TRUE,multi-agent-visual-audit,Automated three-agent visual audit; FMCG_ONLY policy; source report agent_0267_0400.json.
priv_d_0385,priv_d_0385.jpg,../../images/priv_d_0385.jpg,C:\HCMUT\Projects\HACKATHON\2nd_URA\images\priv_d_0385.jpg,CONFIRMED,None,Ảnh chụp bộ sạc dự phòng đa năng Anker 165W cùng hộp đựng sản phẩm trên bàn làm việc bên cạnh bình hoa tulip vàng.,ABSENT,,ABSENT,,TRUE,multi-agent-visual-audit,Automated three-agent visual audit; FMCG_ONLY policy; source report agent_0267_0400.json. Branded non-FMCG finding intentionally retained as ABSENT.
priv_d_0386,priv_d_0386.jpg,../../images/priv_d_0386.jpg,C:\HCMUT\Projects\HACKATHON\2nd_URA\images\priv_d_0386.jpg,CONFIRMED,None,Ảnh chụp một bàn tay đặt trên nắp lon sữa bột Abbott Similac Total Protection chứa 5 loại HMO đặt trên bàn bên cạnh đồng hồ điện tử và đèn ngủ.,PRESENT,Ảnh chụp cận cảnh lon sữa bột Abbott Similac Total Protection 5-HMO đặt trên bàn,PRESENT,Ảnh chụp cận cảnh lon sữa bột Abbott Similac Total Protection 5-HMO đặt trên bàn,TRUE,multi-agent-visual-audit,Automated three-agent visual audit; FMCG_ONLY policy; source report agent_0267_0400.json.
priv_d_0387,priv_d_0387.jpg,../../images/priv_d_0387.jpg,C:\HCMUT\Projects\HACKATHON\2nd_URA\images\priv_d_0387.jpg,CONFIRMED,None,Ảnh chụp màn hình bản tin 60 Money về phát hiện thuốc mới điều trị ung thư kèm hình ảnh minh họa tuyến tụy và chén đựng nhiều loại thuốc.,ABSENT,,ABSENT,,TRUE,multi-agent-visual-audit,Automated three-agent visual audit; FMCG_ONLY policy; source report agent_0267_0400.json.
priv_d_0388,priv_d_0388.jpg,../../images/priv_d_0388.jpg,C:\HCMUT\Projects\HACKATHON\2nd_URA\images\priv_d_0388.jpg,CONFIRMED,None,Hình ảnh màn hình đen chứa nội dung văn bản kể câu chuyện ký tên kỷ niệm vào bình sữa.,ABSENT,,ABSENT,,TRUE,multi-agent-visual-audit,Automated three-agent visual audit; FMCG_ONLY policy; source report agent_0267_0400.json.
priv_d_0389,priv_d_0389.jpg,../../images/priv_d_0389.jpg,C:\HCMUT\Projects\HACKATHON\2nd_URA\images\priv_d_0389.jpg,CONFIRMED,None,Ảnh chụp dàn heo đất tiết kiệm bằng gốm sứ nhiều kích thước và màu sắc cùng các tờ tiền mệnh giá 50.000 đồng trên tay.,ABSENT,,ABSENT,,TRUE,multi-agent-visual-audit,Automated three-agent visual audit; FMCG_ONLY policy; source report agent_0267_0400.json.
priv_d_0390,priv_d_0390.jpg,../../images/priv_d_0390.jpg,C:\HCMUT\Projects\HACKATHON\2nd_URA\images\priv_d_0390.jpg,CONFIRMED,None,Ảnh chụp hai bàn tay đang mở nắp hộp giấy màu xanh lá khắc chữ kỷ niệm cột mốc 10.000 đơn hàng trên nền tảng Shopify của Mysticperfume.,ABSENT,,ABSENT,,TRUE,multi-agent-visual-audit,Automated three-agent visual audit; FMCG_ONLY policy; source report agent_0267_0400.json. Branded non-FMCG finding intentionally retained as ABSENT.
priv_d_0391,priv_d_0391.jpg,../../images/priv_d_0391.jpg,C:\HCMUT\Projects\HACKATHON\2nd_URA\images\priv_d_0391.jpg,CONFIRMED,None,Ảnh chụp cận cảnh tuýp sữa rửa mặt mầm gạo Civic Rice Milk Cleansing Cream chứa vitamin collagen cầm trên tay kèm văn bản giới thiệu sản phẩm.,PRESENT,Ảnh chụp thực tế tuýp sữa rửa mặt cám gạo Civic Rice Milk Cleansing Cream cầm trên tay,PRESENT,Ảnh chụp thực tế tuýp sữa rửa mặt cám gạo Civic Rice Milk Cleansing Cream cầm trên tay,TRUE,multi-agent-visual-audit,Automated three-agent visual audit; FMCG_ONLY policy; source report agent_0267_0400.json.
priv_d_0392,priv_d_0392.jpg,../../images/priv_d_0392.jpg,C:\HCMUT\Projects\HACKATHON\2nd_URA\images\priv_d_0392.jpg,CONFIRMED,None,Ảnh chụp bài đăng mạng xã hội Bánh Toom giải thích lý do cơ thể thèm các loại đồ ăn khác nhau trên nền ảnh game Minecraft.,ABSENT,,ABSENT,,TRUE,multi-agent-visual-audit,Automated three-agent visual audit; FMCG_ONLY policy; source report agent_0267_0400.json.
priv_d_0393,priv_d_0393.jpg,../../images/priv_d_0393.jpg,C:\HCMUT\Projects\HACKATHON\2nd_URA\images\priv_d_0393.jpg,CONFIRMED,None,Ảnh chụp bàn tay cầm lọ nhỏ giọt và vỏ hộp thực phẩm bảo vệ sức khỏe Fitolabs D3&K2 cho trẻ em trước chậu cây cảnh ngoài trời.,PRESENT,Ảnh chụp thực tế hộp và chai siro nhỏ giọt Fitolabs D3&K2 bổ sung vitamin cho bé cầm trên tay ngoài trời,PRESENT,Ảnh chụp thực tế hộp và chai siro nhỏ giọt Fitolabs D3&K2 bổ sung vitamin cho bé cầm trên tay ngoài trời,TRUE,multi-agent-visual-audit,Automated three-agent visual audit; FMCG_ONLY policy; source report agent_0267_0400.json.
priv_d_0394,priv_d_0394.jpg,../../images/priv_d_0394.jpg,C:\HCMUT\Projects\HACKATHON\2nd_URA\images\priv_d_0394.jpg,CONFIRMED,None,Ảnh chụp màn hình bản tin giải trí Afamily đưa tin về sự xuất hiện của hai nam diễn viên nổi tiếng giữa đám đông người hâm mộ.,ABSENT,,ABSENT,,TRUE,multi-agent-visual-audit,Automated three-agent visual audit; FMCG_ONLY policy; source report agent_0267_0400.json.
priv_d_0395,priv_d_0395.jpg,../../images/priv_d_0395.jpg,C:\HCMUT\Projects\HACKATHON\2nd_URA\images\priv_d_0395.jpg,CONFIRMED,None,Ảnh chụp thân máy ảnh không gương lật Canon EOS R kèm ống kính RF 85mm f/2 cầm trên tay tại bàn quán nước.,ABSENT,,ABSENT,,TRUE,multi-agent-visual-audit,Automated three-agent visual audit; FMCG_ONLY policy; source report agent_0267_0400.json. Branded non-FMCG finding intentionally retained as ABSENT.
priv_d_0396,priv_d_0396.jpg,../../images/priv_d_0396.jpg,C:\HCMUT\Projects\HACKATHON\2nd_URA\images\priv_d_0396.jpg,CONFIRMED,None,Ảnh chụp toàn cảnh khu vực sân đỗ tàu bay tại cảng hàng không với máy bay dân dụng và xe thang hành khách.,ABSENT,,ABSENT,,TRUE,multi-agent-visual-audit,Automated three-agent visual audit; FMCG_ONLY policy; source report agent_0267_0400.json.
priv_d_0397,priv_d_0397.jpg,../../images/priv_d_0397.jpg,C:\HCMUT\Projects\HACKATHON\2nd_URA\images\priv_d_0397.jpg,CONFIRMED,None,Ảnh chụp bàn ăn uống tại quán nhậu với các món ăn và cốc bia kèm khung tin tức giới thiệu người thiết kế cốc bia hơi Hà Nội.,ABSENT,,ABSENT,,TRUE,multi-agent-visual-audit,Automated three-agent visual audit; FMCG_ONLY policy; source report agent_0267_0400.json.
priv_d_0398,priv_d_0398.jpg,../../images/priv_d_0398.jpg,C:\HCMUT\Projects\HACKATHON\2nd_URA\images\priv_d_0398.jpg,CONFIRMED,None,Ảnh chụp màn hình phóng sự truyền hình CTV Cà Mau về ngày đầu mở bán xăng sinh học E10 tại trạm xăng dầu.,ABSENT,,ABSENT,,TRUE,multi-agent-visual-audit,Automated three-agent visual audit; FMCG_ONLY policy; source report agent_0267_0400.json.
priv_d_0399,priv_d_0399.jpg,../../images/priv_d_0399.jpg,C:\HCMUT\Projects\HACKATHON\2nd_URA\images\priv_d_0399.jpg,CONFIRMED,None,Ảnh chụp màn hình công văn quản lý dược phẩm về việc thu hồi và đình chỉ lưu hành hơn 500 sản phẩm mỹ phẩm không đạt chuẩn.,ABSENT,,ABSENT,,TRUE,multi-agent-visual-audit,Automated three-agent visual audit; FMCG_ONLY policy; source report agent_0267_0400.json.
priv_d_0400,priv_d_0400.jpg,../../images/priv_d_0400.jpg,C:\HCMUT\Projects\HACKATHON\2nd_URA\images\priv_d_0400.jpg,CONFIRMED,None,Ảnh chụp một bàn tay cầm vỉ viên nén màu xanh lá in chữ JNW và hộp kim loại màu xanh sẫm in hình chú ngựa của sản phẩm Ngựa Thái.,PRESENT,Ảnh chụp thực tế vỉ viên uống hỗ trợ sinh lý Ngựa Thái màu xanh lá và vỏ hộp kim loại cầm trên tay,PRESENT,Ảnh chụp thực tế vỉ viên uống hỗ trợ sinh lý Ngựa Thái màu xanh lá và vỏ hộp kim loại cầm trên tay,TRUE,multi-agent-visual-audit,Automated three-agent visual audit; FMCG_ONLY policy; source report agent_0267_0400.json.
